[
  {
    "om_terrain": "desolatebarn",
    "type": "mapgen",
    "weight": 100,
    "method": "json",
    "object": {
      "rows": [
        ".....d...........d......",
        ".d........d.............",
        "d....d#.........d#.....d",
        "...d....d...d...........",
        ".............7.....d....",
        "....................#...",
        ".d.#d...d...............",
        ".d........#.d.....d.....",
        "........................",
        "......................d.",
        "..d..--++++-||-.........",
        ".....-______RR|...d...t.",
        ".....w______RRw..#......",
        ".#...w_______Rw......d..",
        "..d..|________|.........",
        ".....||-____|||....d...d",
        "d....|________|d........",
        ".....w________w......d..",
        "....dws_______w...7.....",
        ".....-hh______|.d.......",
        ".....--|||||-||......#..",
        ".d#.....d.....d.....d...",
        "..........d....#.......d",
        "...d............d......."
      ],
      "palettes": [ "desolatebarn_palette" ],
      "place_items": [
        { "chance": 25, "item": "trash", "x": 12, "y": 18 },
        { "chance": 25, "item": "trash", "x": 9, "y": 13 },
        { "chance": 25, "item": "trash", "x": 6, "y": 13 },
        { "chance": 35, "item": "trash", "x": 7, "y": 11 },
        { "chance": 10, "item": "hand_tools", "x": 12, "y": 19 },
        { "chance": 10, "item": "hand_tools", "x": 13, "y": 12 }
      ],
      "place_nested": [
        { "chunks": [ [ "ruins_4x4_front", 60 ], [ "ruins_4x4_junk", 40 ] ], "x": 6, "y": 11 },
        { "chunks": [ [ "null", 60 ], [ "ruins_4x4_junk", 30 ], [ "ruins_4x4_camp", 10 ] ], "x": 10, "y": 16 },
        { "chunks": [ [ "null", 70 ], [ "ruins_8x8_yard", 30 ] ], "x": 16, "y": 10 }
      ]
    }
  },
  {
    "method": "json",
    "om_terrain": "desolatebarn",
    "//": "Desolate barn with peach trees",
    "type": "mapgen",
    "weight": 100,
    "object": {
      "rows": [
        ".....d...........d......",
        ".d........d.............",
        "d....d#.........d#.....d",
        "...d....d...d...........",
        "...................d#...",
        ".........||-|++--|-.....",
        ".d.#d...dw^h^____^w.....",
        ".d.......w^_______w....#",
        "..8...#..----__---|.....",
        ".........|^^______-...d.",
        "..d.....r0R______cw#....",
        "........a-^______^|.....",
        "........r---|__-|||.....",
        ".#.......w________0..d..",
        "..d......w________0.....",
        ".....#.8.|||-||-|||d...d",
        "d..............d........",
        "..f............#....#d..",
        "....d...................",
        "........#...f...d.......",
        ".....8.........8...f....",
        ".d#...f...f.........d...",
        "...f......d.f....f...#.d",
        "...d......#.....d......."
      ],
      "palettes": [ "desolatebarn_palette" ],
      "place_rubble": [ { "x": 10, "y": 5 }, { "x": 11, "y": 5 }, { "x": 11, "y": 8 } ],
      "place_nested": [ { "chunks": [ [ "null", 80 ], [ "ruins_8x8_yard", 20 ] ], "x": 16, "y": 5 } ]
    }
  },
  {
    "method": "json",
    "om_terrain": "desolatebarn",
    "type": "mapgen",
    "weight": 100,
    "object": {
      "rows": [
        ".....d...........d......",
        ".d........d.............",
        "d.p..d#......#..dp.....d",
        "...d....d...d...........",
        "..#.......p.......#d....",
        "..............p.........",
        ".d...p..d...........p...",
        ".d.......1...#.........#",
        ".p..........||-|++|-|-..",
        "....|-++||..|________|d.",
        "....&^___|r.&^_____hh|..",
        "..1.-____&..&^^____hh|..",
        "....0____0..|______hh-..",
        ".#..-_P^_-..|^_______|..",
        "..dr&^^^^&.p|&-____--|..",
        "...r&-&&-|..&______d_|pd",
        "d.....r.....|________|..",
        "...p.1......&^_P__^^_&..",
        "....d.......|=^&^_&^P-..",
        "........1..r&^^-R_&^_|..",
        "...p........|&&|_+-|&|..",
        ".d#...p.......r...r.r...",
        "...1......d..........#.d",
        "...d......#.....d......."
      ],
      "palettes": [ "desolatebarn_palette" ],
      "place_items": [
        { "chance": 33, "item": "building_rubble", "x": 13, "y": 19 },
        { "chance": 33, "item": "building_rubble", "x": 14, "y": 19 },
        { "chance": 33, "item": "building_rubble", "x": 19, "y": 17 },
        { "chance": 33, "item": "building_rubble", "x": 19, "y": 18 },
        { "chance": 33, "item": "building_rubble", "x": 6, "y": 14 },
        { "chance": 33, "item": "building_rubble", "x": 7, "y": 14 },
        { "chance": 33, "item": "building_rubble", "x": 8, "y": 14 },
        { "chance": 33, "item": "building_rubble", "x": 13, "y": 11 },
        { "chance": 25, "item": "trash", "x": 19, "y": 19 },
        { "chance": 25, "item": "trash", "x": 15, "y": 15 },
        { "chance": 25, "item": "trash", "x": 20, "y": 12 },
        { "chance": 25, "item": "trash", "x": 18, "y": 11 }
      ],
      "sealed_item": {
        "p": { "items": { "item": "farming_seeds", "chance": 100 }, "furniture": "f_plant_seedling" },
        "P": { "items": { "item": "farming_seeds", "chance": 100 }, "furniture": "f_plant_seedling" }
      },
      "place_monster": [ { "monster": "mon_cat", "chance": 30, "x": 19, "y": 10 } ],
      "place_nested": [ { "chunks": [ [ "ruins_4x4_front", 80 ], [ "ruins_4x4_junk", 20 ] ], "x": 15, "y": 11 } ]
    }
  },
  {
    "method": "json",
    "om_terrain": "desolatebarn",
    "type": "mapgen",
    "weight": 100,
    "object": {
      "rows": [
        ".....d...........#......",
        ".d........d.............",
        "#....#....-_______&....#",
        "..|&-&&|d.&_______&.....",
        "..|____|..-_______-d.#..",
        "..+____+..|_______|.....",
        ".#+____d#.|||-|-&||.....",
        ".#|hhh_&......#.........",
        "..|||-||........d.......",
        "....................#...",
        "...........#d...........",
        "...#...d................",
        "..d.....................",
        ".................#......",
        "...#.........#..........",
        ".....d.................#",
        "........#.......d...#...",
        "........................",
        "..............#.........",
        "....#.....d.............",
        "........................",
        ".#.............#....d...",
        ".d........#............#",
        "...d............d......."
      ],
      "palettes": [ "desolatebarn_palette" ],
      "place_items": [
        { "chance": 35, "item": "trash", "x": 17, "y": 5 },
        { "chance": 35, "item": "trash", "x": 4, "y": 5 },
        { "chance": 35, "item": "trash", "x": 13, "y": 3 },
        { "chance": 20, "item": "hand_tools", "x": 6, "y": 7 }
      ],
      "place_rubble": [ { "x": [ 17, 18 ], "y": 2 }, { "x": 18, "y": 3 }, { "x": 6, "y": 3 } ],
      "place_nested": [ { "chunks": [ [ "null", 70 ], [ "ruins_8x8_yard", 30 ] ], "x": 8, "y": 10 } ]
    }
  },
  {
    "method": "json",
    "om_terrain": "desolatebarn",
    "//": "barn with chance of spawning antique gun",
    "type": "mapgen",
    "weight": 100,
    "object": {
      "rows": [
        ".....d...........d......",
        ".d......................",
        "d.....d.....d..........d",
        "........d......d.d......",
        ".....................d..",
        "....d..&|&-|++|-&|-.....",
        ".d.....|__________|.....",
        ".d.....w__________w.....",
        ".......w__________w.....",
        ".......|__O____O__|.d...",
        ".......&__________|.....",
        "...d...w__________w.....",
        "..d....w__________w.....",
        ".......|__________&.....",
        "...d...&__O____O__|.....",
        ".....d.whh________0....d",
        ".......whh________w.d...",
        ".......-hh______hh&.....",
        ".......-|&||++|&-|-.....",
        "....d.....d.............",
        "........................",
        ".d.............d....d...",
        ".d........d............d",
        "...d............d......."
      ],
      "palettes": [ "desolatebarn_palette" ],
      "place_items": [
        { "chance": 15, "item": "building_rubble", "x": 16, "y": 19 },
        { "chance": 15, "item": "building_rubble", "x": 8, "y": 15 },
        { "chance": 15, "item": "building_rubble", "x": 7, "y": 14 },
        { "chance": 15, "item": "building_rubble", "x": 8, "y": 14 },
        { "chance": 15, "item": "building_rubble", "x": 17, "y": 13 },
        { "chance": 15, "item": "building_rubble", "x": 18, "y": 13 },
        { "chance": 15, "item": "building_rubble", "x": 16, "y": 6 },
        { "chance": 15, "item": "building_rubble", "x": 8, "y": 6 },
        { "chance": 25, "item": "trash", "x": 16, "y": 17 },
        { "chance": 25, "item": "trash", "x": 9, "y": 10 },
        { "chance": 5, "item": "antique_guns_with_ammo", "x": 8, "y": 17 },
        { "chance": 10, "item": "building_rubble", "x": 15, "y": 17 },
        { "chance": 10, "item": "building_rubble", "x": 9, "y": 17 },
        { "chance": 10, "item": "building_rubble", "x": 8, "y": 16 },
        { "chance": 10, "item": "building_rubble", "x": 9, "y": 4 }
      ],
      "place_rubble": [ { "repeat": [ 2, 20 ], "x": [ 7, 5 ], "y": [ 18, 18 ] } ],
      "place_nested": [
        { "chunks": [ [ "ruins_4x4_front", 60 ], [ "ruins_4x4_junk", 40 ] ], "x": 11, "y": 6 },
        { "chunks": [ [ "null", 80 ], [ "ruins_4x4_junk", 20 ] ], "x": 8, "y": 10 },
        { "chunks": [ [ "null", 60 ], [ "ruins_4x4_camp", 30 ], [ "ruins_4x4_NPCs", 10 ] ], "x": 13, "y": 10 }
      ]
    }
  },
  {
    "method": "json",
    "om_terrain": "desolatebarn",
    "//": "Barn with chance of drug stash",
    "type": "mapgen",
    "weight": 100,
    "object": {
      "rows": [
        "...........d............",
        ".....................d..",
        "...d........d.........#.",
        "d.....d#.........d......",
        "........................",
        ".#.......d......#.......",
        "......#.#...#d....#....d",
        "....&&&&&|&|&|&|||||d...",
        "..d.&______________&....",
        "....|___________d__|....",
        "....d____O____O_#___....",
        "....__d_____________.d..",
        ".d..________________....",
        "...._____O____O_____....",
        "....|___d__________&....",
        "...#|______________&....",
        ".d..|&|||&||||&|&&||#..d",
        ".......#..#d#...#.......",
        "d.....d.................",
        ".....................d..",
        "....#..........d........",
        "...d...d...d.....d.#....",
        "........#...............",
        ".....d........d........."
      ],
      "palettes": [ "desolatebarn_palette" ],
      "place_items": [
        { "chance": 10, "item": "stash_drugs", "x": 10, "y": 17 },
        { "chance": 35, "item": "trash", "x": 7, "y": 19 },
        { "chance": 35, "item": "trash", "x": 17, "y": 15 },
        { "chance": 35, "item": "trash", "x": 10, "y": 14 },
        { "chance": 35, "item": "trash", "x": 8, "y": 14 }
      ],
      "place_rubble": [ { "repeat": [ 5, 40 ], "x": [ 4, 19 ], "y": [ 7, 16 ] } ],
      "place_nested": [
        { "chunks": [ [ "null", 60 ], [ "ruins_4x4_junk", 40 ] ], "x": 9, "y": 8 },
        { "chunks": [ [ "null", 80 ], [ "ruins_4x4_camp", 20 ] ], "x": 5, "y": 8 }
      ]
    }
  },
  {
    "method": "json",
    "om_terrain": "desolatebarn",
    "//": "Barn with a plant growing in it",
    "type": "mapgen",
    "weight": 100,
    "object": {
      "rows": [
        "...........d............",
        ".....................d..",
        "...d........d...........",
        "d.....d..........d......",
        "........................",
        ".........d..............",
        ".............d.........d",
        "....................d...",
        "..d......d......d.......",
        "......d.......d.........",
        "..................d.....",
        "..........d..........d..",
        ".d...d.........d........",
        "........................",
        "...........d....d.......",
        ".....||+||..............",
        ".d...|___&.............d",
        ".....|_p_&r.....d.......",
        "d....|___&rd............",
        ".....|__d&...........d..",
        ".....&___|.....d........",
        "...d.|||&|.d.....d......",
        "........................",
        ".....d........d........."
      ],
      "terrain": { "p": "t_dirt" },
      "palettes": [ "desolatebarn_palette" ],
      "sealed_item": { "p": { "items": { "item": "farming_seeds", "chance": 100 }, "furniture": "f_plant_seedling" } },
      "place_items": [
        { "chance": 10, "item": "hand_tools", "x": 7, "y": 20 },
        { "chance": 10, "item": "hand_tools", "x": 6, "y": 19 },
        { "chance": 25, "item": "trash", "x": 8, "y": 18 },
        { "chance": 25, "item": "trash", "x": 10, "y": 17 },
        { "chance": 25, "item": "trash", "x": 10, "y": 18 },
        { "chance": 25, "item": "trash", "x": 5, "y": 14 }
      ],
      "place_rubble": [ { "repeat": [ 0, 20 ], "x": [ 5, 9 ], "y": [ 15, 21 ] } ],
      "place_nested": [
        { "chunks": [ [ "null", 85 ], [ "ruins_8x8_yard", 15 ] ], "x": 4, "y": 5 },
        { "chunks": [ [ "null", 85 ], [ "ruins_8x8_yard", 15 ] ], "x": 11, "y": 13 }
      ]
    }
  },
  {
    "method": "json",
    "om_terrain": "desolatebarn",
    "//": "barn with a small shelter inside. NOTE: TK - high chance of a survivor spawning in this map.",
    "type": "mapgen",
    "weight": 100,
    "object": {
      "rows": [
        "...........d............",
        "........d............d..",
        "...d........d...........",
        "d..4..d..........d5.....",
        ".....#........#.........",
        ".........d..............",
        ".............d..d......d",
        "...d................d...",
        "..d.5...#d.|ww|DB|ww|...",
        "......d....|________w...",
        "........|w||b_______w...",
        ".......d|_T|________|d..",
        ".d...d..|__|______sh|...",
        ".....#..D__+______hh|...",
        "...d...d|__|______hh|.#.",
        "........|_T|________|...",
        ".d......|w||^_______w..d",
        ".....d.....|________w...",
        "d....4.....|ww|BB|ww|...",
        "...d.................d..",
        ".....d.d.......d#.......",
        "...d..#....d.....d......",
        ".......d................",
        ".....d........d........."
      ],
      "palettes": [ "desolatebarn_palette" ],
      "place_items": [
        { "chance": 10, "item": "hand_tools", "x": 10, "y": 15 },
        { "chance": 10, "item": "hand_tools", "x": 10, "y": 12 },
        { "chance": 25, "item": "trash", "x": 9, "y": 19 },
        { "chance": 25, "item": "trash", "x": 16, "y": 17 },
        { "chance": 25, "item": "trash", "x": 19, "y": 14 },
        { "chance": 25, "item": "trash", "x": 14, "y": 14 },
        { "chance": 25, "item": "trash", "x": 9, "y": 14 },
        { "chance": 25, "item": "trash", "x": 16, "y": 10 }
      ],
      "place_rubble": [ { "repeat": [ 0, 80 ], "x": [ 11, 20 ], "y": [ 8, 18 ] }, { "repeat": [ 0, 15 ], "x": [ 8, 10 ], "y": [ 10, 16 ] } ],
      "place_nested": [ { "chunks": [ [ "null", 40 ], [ "ruins_4x4_camp", 20 ], [ "ruins_4x4_NPCs", 40 ] ], "x": 12, "y": 11 } ]
    }
  },
  {
    "method": "json",
    "om_terrain": "desolatebarn",
    "//": "Fairly intact barn with pear trees and a well",
    "type": "mapgen",
    "weight": 100,
    "object": {
      "rows": [
        "..d...............d.....",
        "..........d............d",
        "...............d....d...",
        "..d...d.................",
        "............d......d....",
        ".......rr...............",
        "d.d...&&0&|&+|||W||.....",
        "......&{_{{{_{{{_{&...d.",
        "....dr&{_________{|.....",
        ".....r|___________&.....",
        ".d..d.^^__________^.d...",
        ".....r^___________^r....",
        "......^___________^.....",
        "......|||:|______^|.....",
        "....d.|~__|h______|.....",
        ".....d|h__|hhh____&....d",
        ".6....||%:||&||||&|.....",
        ".............d....r.....",
        "..d..d...............6..",
        "...6....d........d......",
        ".........d............d.",
        "...d........d..d........",
        "d...d.........d......d..",
        "........6........d......"
      ],
      "palettes": [ "desolatebarn_palette" ],
      "place_rubble": [ { "repeat": [ 3, 50 ], "x": [ 6, 18 ], "y": [ 6, 16 ] } ],
      "place_items": [
        { "chance": 10, "item": "tools_carpentry", "x": 7, "y": 7 },
        { "chance": 10, "item": "tools_carpentry", "x": 7, "y": 8 },
        { "chance": 10, "item": "tools_earthworking", "x": 17, "y": 7 },
        { "chance": 10, "item": "tools_earthworking", "x": 17, "y": 8 },
        { "chance": 10, "item": "hardware_clothing", "x": 13, "y": 7 },
        { "chance": 10, "item": "hardware_clothing", "x": 14, "y": 7 },
        { "chance": 10, "item": "hardware_clothing", "x": 15, "y": 7 },
        { "chance": 10, "item": "tools_mechanic", "x": 11, "y": 7 },
        { "chance": 10, "item": "tools_construction", "x": 9, "y": 7 },
        { "chance": 10, "item": "tools_construction", "x": 10, "y": 7 },
        { "chance": 10, "item": "hardware_bulk", "x": 14, "y": 15 },
        { "chance": 10, "item": "plumbing_bulk", "x": 15, "y": 15 },
        { "chance": 10, "item": "hardware_bulk", "x": 16, "y": 15 },
        { "chance": 10, "item": "plumbing_bulk", "x": 17, "y": 14 },
        { "chance": 10, "item": "hardware_bulk", "x": 17, "y": 15 }
      ],
      "place_nested": [ { "chunks": [ [ "null", 40 ], [ "ruins_4x4_camp", 40 ], [ "ruins_4x4_NPCs", 20 ] ], "x": 8, "y": 8 } ]
    }
  },
  {
    "method": "json",
    "om_terrain": "desolatebarn",
    "//": "Fairly intact barn with a tractor and fenced off animal areas",
    "type": "mapgen",
    "weight": 100,
    "object": {
      "rows": [
        "..d...............d.....",
        "..........d............d",
        "...............d....d...",
        "..d...d.................",
        "............d......d....",
        "......||&&&:::||&||.....",
        "d.d...&_d_________&.....",
        "......0___d_______0...d.",
        "....d.&_d_______d_|.....",
        "......|________d__|.7...",
        ".d..d.|_dd________&.d...",
        ".....d0___________0.....",
        "......&___________|d....",
        "......||&|&:::&|&&&.....",
        "....d.v...........v.....",
        ".....dv.d.......d.v....d",
        "......v...........v.....",
        "......||||.d.d.||||.....",
        "..d..d|ss_....._ss|..d..",
        "......|d__.....___|..7..",
        "......&___.....__h|...d.",
        "...d..|hh_..d..__h|.....",
        "d...d.||&|vvvvv||||..d..",
        "........d........d......"
      ],
      "palettes": [ "desolatebarn_palette" ],
      "place_items": [
        { "chance": 20, "item": "trash", "x": 7, "y": 9 },
        { "chance": 20, "item": "trash", "x": 14, "y": 6 },
        { "chance": 20, "item": "trash", "x": 8, "y": 6 },
        { "chance": 10, "item": "hand_tools", "x": 17, "y": 12 },
        { "chance": 10, "item": "hand_tools", "x": 15, "y": 12 },
        { "chance": 10, "item": "hardware_bulk", "x": 7, "y": 12 },
        { "chance": 10, "item": "plumbing_bulk", "x": 8, "y": 12 }
      ],
      "place_vehicles": [ { "chance": 100, "fuel": 0, "rotation": 180, "status": 1, "vehicle": "tractor_plow", "x": 10, "y": 9 } ],
      "place_rubble": [
        { "repeat": [ 0, 40 ], "x": [ 6, 18 ], "y": [ 5, 13 ] },
        { "repeat": [ 0, 8 ], "x": [ 6, 9 ], "y": [ 17, 22 ] },
        { "repeat": [ 0, 8 ], "x": [ 15, 18 ], "y": [ 17, 22 ] },
        { "repeat": [ 0, 2 ], "x": 6, "y": [ 14, 16 ] },
        { "repeat": [ 0, 2 ], "x": 18, "y": [ 14, 16 ] },
        { "repeat": [ 0, 3 ], "x": [ 10, 14 ], "y": 22 }
      ]
    }
  }
]
