[
  {
    "type": "palette",
    "id": "shoppingplaza",
    "terrain": {
      " ": "t_floor",
      "+": "t_door_locked",
      ",": [ "t_grass", "t_grass", "t_grass", "t_dirt" ],
      "-": "t_wall_h",
      ".": "t_pavement",
      "1": "t_window_boarded",
      "2": "t_chainfence_h",
      "3": "t_tree_young",
      "4": "t_chaingate_l",
      "5": "t_sidewalk",
      "6": "t_chainfence_h",
      "7": "t_chainfence_v",
      "8": "t_chainfence_h",
      "A": "t_floor",
      "B": "t_floor",
      "C": "t_floor",
      "D": "t_floor",
      "E": "t_dirtfloor",
      "F": "t_floor",
      "G": "t_dirtfloor",
      "H": "t_floor",
      "I": "t_floor",
      "r": "t_pavement",
      "y": "t_pavement_y",
      "|": "t_wall_v"
    },
    "furniture": {
      "A": "f_rack",
      "B": "f_toilet",
      "C": "f_counter",
      "D": "f_sink",
      "E": "f_sink",
      "F": "f_chair",
      "G": "f_locker",
      "H": "f_table",
      "I": "f_sofa"
    }
  },
  {
    "method": "json",
    "object": {
      "rows": [
        "222222222222222222222222222222222444444422222222222222222222222222222222",
        "7yyyyyyyyyyyyyyyyyyyyyyyyyyyyyyy.........yyyyyyyyyyyyyyyyyyyyyyyyyyyyyyy",
        "7...y...y...y...y...y...y...y...............y...y...y...y...y...y...y...",
        "7...y...y...y...y...y...y...y...............y...y...y...y...y...y...y...",
        "7...y...y...y...y...y...y...y...............y...y...y...y...y...y...y...",
        "7...y...y...y...y...y...y...y...............y...y...y...y...y...y...y...",
        "7...y...y...y...y...y...y...y...............y...y...y...y...y...y...y...",
        "7.......................................................................",
        "7.......................................................................",
        "7.......................................................................",
        "7.......................................................................",
        "7.......................................................................",
        "7.......................................................................",
        "7.......................................................................",
        "7.......................................................................",
        "7.......................................................................",
        "7.......................................................................",
        "7.......................................................................",
        "7...y...y...y...y...y...y...y...y...y...y...y...y...y...y...y...y...y...",
        "7...y...y...y...y...y...y...y...y...y...y...y...y...y...y...y...y...y...",
        "7...y...y...y...y...y...y...y...y...y...y...y...y...y...y...y...y...y...",
        "7...y...y...y...y...y...y...y...y...y...y...y...y...y...y...y...y...y...",
        "7...y...y...y...y...y...y...y...y...y...y...y...y...y...y...y...y...y...",
        "7yyyyyyyyyyyyyyyyyyyyyyyyyyyyyyyyyyyyyyyyyyyyyyyyyyyyyyyyyyyyyyyyyyyyyyy",
        "455555555555555555555555555555555555555555555555555555555555555555555555",
        "455555555555555555555555555555555555555555555555555555555555555555555555",
        "|-111111---++---111111-||-111111--5555--111111-||-111111---++---111111-|",
        "|        1    1        ||        |-++-|        ||        1    1        |",
        "|        1    1        ||                      ||        1    1        |",
        "|        --++--        ||                      ||        --++--        |",
        "|                      ||                      ||                      |",
        "|                      ||                      ||                      |",
        "|                      ||                      ||                      |",
        "|                      ||                      ||                      |",
        "|                      ||                      ||                      |",
        "|                      ||                      ||                      |",
        "|                      ||                      ||                      |",
        "|                      ||                      ||                      |",
        "|                      ||                      ||                      |",
        "|                      ||                      ||                      |",
        "|                  |----|                  |----|                  |----",
        "|                  +    |                  +    |                  +    ",
        "|                  |    +                  |    +                  |    ",
        "|                  |---||                  |---||                  |---|",
        "|                  +   ||                  +   ||                  +   |",
        "|-------------------+--||-------------------+--||-------------------+--|",
        "4rrrrrrrrrrrrrrrrrrrrrrrrrrrrrrrrrrrrrrrrrrrrrrrrrrrrrrrrrrrrrrrrrrrrrrr",
        "888888888888888888888888888888888888888888888888888888888888888888888888"
      ],
      "palettes": [ "shoppingplaza" ],
      "place_monsters": [
        { "monster": "GROUP_ZOMBIE", "x": [ 2, 21 ], "y": [ 2, 21 ], "repeat": [ 1, 2 ] },
        { "monster": "GROUP_ZOMBIE", "x": [ 50, 69 ], "y": [ 2, 21 ], "repeat": [ 1, 2 ] }
      ]
    },
    "om_terrain": [
      [ "s_shoppingplaza_a1", "s_shoppingplaza_a2", "s_shoppingplaza_a3" ],
      [ "s_shoppingplaza_b1", "s_shoppingplaza_b2", "s_shoppingplaza_b3" ]
    ],
    "type": "mapgen",
    "weight": 500
  },
  {
    "method": "json",
    "object": {
      "rows": [
        "22222222222222222222222222222222222222222222222244|-----------------|rrr",
        "yyyyyyyyyyyyyyyyyyyyyyyyyyyyyyyyy.........yyyyyy55|                 |rrr",
        "y...y...y...y...y...y...y...y...y..............y551                 |-+|",
        "y...y...y...y...y...y...y...y...y..............y551                 |  |",
        "y...y...y...y...y...y...y...y...y..............y551                 |  |",
        "y...y...y...y...y...y...y...y...y.........yyyyyy551                 |+-|",
        "y...y...y...y...y...y...y...y...y..............y551                    |",
        "...............................................y551                    |",
        "...............................................y551                    |",
        "..........................................yyyyyy551                    |",
        "...............................................y55|                    |",
        "...............................................y55-1-                  |",
        "...............................................y5555+                  |",
        "..........................................yyyyyy5555+                  |",
        "...............................................y55-1-                  |",
        "...............................................y55|                    |",
        "...............................................y551                    |",
        "..........................................yyyyyy551                    |",
        "y...y...y...y...y...y...y...y...y..............y551                    |",
        "y...y...y...y...y...y...y...y...y..............y551                    |",
        "y...y...y...y...y...y...y...y...y..........55555551                    |",
        "y...y...y...y...y...y...y...y...y..........55555551                    |",
        "y...y...y...y...y...y...y...y...y..............y55|                    |",
        "yyyyyyyyyyyyyyyyyyyyyyyyyyyyyyyyyyyyyyyyyyyyyyyy55|---------------------",
        "55555555555555555555555555555555555555555555555555+                   A|",
        "55555555555555555555555555555555555555555555555555+       A  A  A  A  A|",
        "|-111111---++---111111-||-111111--5555--111111-|--|       A  A  A  A  A|",
        "|        1    1        ||        |-++-|        |A         A  A  A  A  A|",
        "|        1    1        ||                      |A    FHF  A  A  A  A  A|",
        "|        --++--        ||                      |A     F   A  A  A  A  A|",
        "|                      ||                      |A                     A|",
        "|                      ||                      |A                     A|",
        "|                      ||                      |A   A  A  A  A  A  A  A|",
        "|                      ||                      |A   A  A  A  A  A  A  A|",
        "|                      ||                      |A   A  A  A  A  A  A  A|",
        "|                      ||                      |A   A  A  A  A  A  A  A|",
        "|                      ||                      |A   A  A  A  A  A  A  A|",
        "|                      ||                      |A                     A|",
        "|                      ||                      |A                     A|",
        "|                      ||                      |A   A  A  A  A  A  A  A|",
        "|                  |----|                  |----|   A  A  A  A  A  A  A|",
        "|                  +    |                  +    |   A  A  A  A  A  A  A|",
        "+                  |    +                  |    +   A  A  A  A  A  A  A|",
        "|                  |---||                  |---||   A  A  A  A  A  A  A|",
        "|                  +   ||                  +   |A                     A|",
        "|-------------------+--||-------------------+--||-------------------+--|",
        "rrrrrrrrrrrrrrrrrrrrrrrrrrrrrrrrrrrrrrrrrrrrrrrrrrrrrrrrrrrrrrrrrrrrrrr4",
        "888888888888888888888888888888888888888888888888888888888888888888888888"
      ],
      "palettes": [ "shoppingplaza" ],
      "place_monsters": [
        { "monster": "GROUP_ZOMBIE", "x": [ 26, 45 ], "y": [ 2, 21 ], "repeat": [ 1, 2 ] },
        { "monster": "GROUP_ZOMBIE", "x": [ 50, 69 ], "y": [ 26, 45 ], "repeat": [ 1, 2 ] }
      ],
      "place_items": [
        { "item": "vfw_tools", "x": 55, "y": [ 32, 36 ], "chance": 80, "repeat": [ 1, 5 ] },
        { "item": "vfw_books", "x": 52, "y": [ 39, 43 ], "chance": 80, "repeat": [ 1, 5 ] },
        { "item": "vfw_alcohol", "x": 67, "y": [ 39, 43 ], "chance": 80, "repeat": [ 1, 5 ] }
      ]
    },
    "om_terrain": [
      [ "s_shoppingplaza_a4", "s_shoppingplaza_a5", "s_shoppingplaza_a6" ],
      [ "s_shoppingplaza_b4", "s_shoppingplaza_b5", "s_shoppingplaza_b6" ]
    ],
    "type": "mapgen",
    "weight": 500
  }
]
