[
  {
    "type": "mapgen",
    "method": "json",
    "om_terrain": [ "abstorefront" ],
    "object": {
      "fill_ter": "t_floor",
      "rows": [
        "                        ",
        " |-xxxxxxxxDDxxxxxxxx-| ",
        " |...................B| ",
        " |B..c........B..B...B| ",
        " |B..c........B..B...B| ",
        " |B..c..B..B..B..B...B| ",
        " |cccc..B..B..B..B...B| ",
        " |B.....B..B..B..B...B| ",
        " |B..................B| ",
        " |B..BBBB..BBBBBB.BB.B| ",
        " |................BB.B| ",
        " |B..BBBB..BBBBBB....B| ",
        " |B...............--+-| ",
        " |B...............|B..| ",
        " |BBBBBBB..BBBBBB.|<..D ",
        " |--------------------| ",
        "   4    OO         O    ",
        "  O             OO      ",
        "OOOOOOOOOOOOOOOOOOOOOOOO",
        "OOOOOOOOOOOOOOOOOOOOOOOO",
        "OOOOOOOOOOOOOOOOOOOOOOOO",
        "OOOOOOOOOOOOOOOOOOOOOOOO",
        "OOOOOOOOOOOOOOOOOOOOOOOO",
        "OOOOOOOOOOOOOOOOOOOOOOOO"
      ],
      "set": [ { "point": "furniture", "id": "f_shackle", "x": [ 2, 14 ], "y": [ 2, 21 ], "chance": 3 } ],
      "terrain": {
        "O": [
          "t_tree_pine",
          "t_tree",
          "t_shrub",
          "t_shrub",
          "t_tree_young",
          "t_tree_young",
          "t_grass",
          "t_grass",
          "t_grass",
          "t_dirt",
          "t_grass",
          "t_shrub",
          "t_grass",
          "t_dirt",
          "t_tree_young",
          "t_grass",
          "t_grass",
          "t_dirt"
        ],
        " ": "t_sidewalk",
        "+": "t_door_c",
        "-": "t_wall_w",
        ".": "t_floor",
        "D": "t_door_locked",
        "x": "t_window_boarded",
        "4": "t_gutter_downspout",
        "<": "t_stairs_up",
        "|": "t_wall_w"
      },
      "furniture": { "B": "f_rack", "c": "f_counter" },
      "items": { ".": { "item": "trash", "chance": 12 } },
      "vehicles": { ".": { "vehicle": "shopping_cart", "chance": 1, "status": 1 } }
    }
  },
  {
    "type": "mapgen",
    "method": "json",
    "om_terrain": "abstorefront_roof",
    "weight": 200,
    "object": {
      "fill_ter": "t_flat_roof",
      "rows": [
        "                        ",
        " |....................3 ",
        " |....................3 ",
        " |....................3 ",
        " |....................3 ",
        " |....................3 ",
        " |....................3 ",
        " |....................3 ",
        " |....................3 ",
        " |....................3 ",
        " |....................3 ",
        " |....................3 ",
        " |......&.............3 ",
        " |....................3 ",
        " |.................>..3 ",
        " |-5------------------3 ",
        "                        ",
        "                        ",
        "                        ",
        "                        ",
        "                        ",
        "                        ",
        "                        ",
        "                        "
      ],
      "terrain": {
        ".": "t_flat_roof",
        " ": "t_open_air",
        "|": "t_gutter_west",
        "-": "t_gutter_south",
        "3": "t_gutter_east",
        ">": "t_stairs_down",
        "5": "t_gutter_drop"
      },
      "furniture": { "&": "f_roof_turbine_vent" },
      "place_items": [ { "item": "roof_trash", "x": [ 2, 21 ], "y": [ 3, 14 ], "chance": 50, "repeat": [ 1, 3 ] } ],
      "place_nested": [
        {
          "chunks": [
            [ "null", 20 ],
            [ "roof_4x4_party", 15 ],
            [ "roof_4x4_holdout", 5 ],
            [ "roof_4x4_utility", 40 ],
            [ "roof_5x5_coop", 50 ]
          ],
          "x": [ 3, 15 ],
          "y": [ 3, 7 ]
        }
      ]
    }
  },
  {
    "type": "mapgen",
    "method": "json",
    "om_terrain": [ "abstorefront_1" ],
    "object": {
      "fill_ter": "t_floor",
      "rows": [
        "_______                 ",
        "_______                 ",
        "___~~~~O     |-xx--xx-| ",
        "_______O    b|B......B| ",
        "_______O    b|B..BB..B| ",
        "_______O    b|B..BB..B| ",
        "___~~~~|--D--|B..BB..B| ",
        "_______|.........BB..B| ",
        "_______|...ccc.......B| ",
        "_______|...c..|---+---| ",
        "___~~~~|......+......l| ",
        "_______|...ccc|...|b.l| ",
        "_______|...c..+...|b.l| ",
        "_______|...|BB|...|b.l| ",
        "___~~~~|-------DD-----| ",
        "          F<     RRRF4  ",
        "          G      RRRF   ",
        "O         FFFFFFFFFFF  O",
        "OO                    OO",
        "OOOOOOOOOOOOOOOOOOOOOOOO",
        "OOOOOOOOOOOOOOOOOOOOOOOO",
        "OOOOOOOOOOOOOOOOOOOOOOOO",
        "OOOOOOOOOOOOOOOOOOOOOOOO",
        "OOOOOOOOOOOOOOOOOOOOOOOO"
      ],
      "set": [ { "point": "furniture", "id": "f_shackle", "x": [ 2, 14 ], "y": [ 2, 21 ], "chance": 3 } ],
      "terrain": {
        "O": [
          "t_tree_pine",
          "t_tree",
          "t_shrub",
          "t_shrub",
          "t_tree_young",
          "t_tree_young",
          "t_grass",
          "t_grass",
          "t_grass",
          "t_dirt",
          "t_grass",
          "t_shrub",
          "t_grass",
          "t_dirt",
          "t_tree_young",
          "t_grass",
          "t_grass",
          "t_dirt"
        ],
        " ": "t_sidewalk",
        "_": "t_pavement",
        "~": "t_pavement_y",
        "+": "t_door_c",
        "-": "t_wall_w",
        ".": "t_floor",
        "D": "t_door_locked",
        "x": "t_window_boarded",
        "F": "t_chainfence",
        "G": "t_chaingate_l",
        "R": "t_sidewalk",
        "4": "t_gutter_downspout",
        "<": "t_ladder_up",
        "|": "t_wall_w"
      },
      "furniture": { "B": "f_rack", "R": "f_dumpster", "l": "f_locker", "b": "f_bench", "c": "f_counter" },
      "items": { ".": { "item": "trash", "chance": 15 } },
      "vehicles": { ".": { "vehicle": "shopping_cart", "chance": 1, "status": 1 } }
    }
  },
  {
    "type": "mapgen",
    "method": "json",
    "om_terrain": "abstorefront_roof_1",
    "weight": 200,
    "object": {
      "fill_ter": "t_flat_roof",
      "rows": [
        "                        ",
        "                        ",
        "            ..........3 ",
        "             .........3 ",
        "             .........3 ",
        "             .........3 ",
        "       |..............3 ",
        "       |..............3 ",
        "       |..............3 ",
        "       |..............3 ",
        "       |..............3 ",
        "       |..............3 ",
        "       |..............3 ",
        "       |..............3 ",
        "       |-------------53 ",
        "          #>#           ",
        "                        ",
        "                        ",
        "                        ",
        "                        ",
        "                        ",
        "                        ",
        "                        ",
        "                        "
      ],
      "terrain": {
        ".": "t_flat_roof",
        " ": "t_open_air",
        "|": "t_gutter_west",
        "-": "t_gutter_south",
        "3": "t_gutter_east",
        ">": "t_ladder_down",
        "#": "t_grate",
        "5": "t_gutter_drop"
      },
      "furniture": { "&": "f_roof_turbine_vent" },
      "place_items": [ { "item": "roof_trash", "x": [ 8, 21 ], "y": [ 7, 13 ], "chance": 50, "repeat": [ 1, 3 ] } ],
      "place_nested": [
        {
          "chunks": [ [ "null", 20 ], [ "roof_4x4_party", 20 ], [ "roof_4x4_holdout", 5 ], [ "roof_4x4_utility", 40 ] ],
          "x": 13,
          "y": 3
        }
      ]
    }
  }
]
