[
  {
    "type": "mapgen",
    "method": "json",
    "om_terrain": [
      [ "airliner_1a", "airliner_2a", "airliner_3a" ],
      [ "airliner_1b", "airliner_2b", "airliner_3b" ],
      [ "airliner_1c", "airliner_2c", "airliner_3c" ],
      [ "airliner_1d", "airliner_2d", "airliner_3d" ],
      [ "airliner_1e", "airliner_2e", "airliner_3e" ],
      [ "airliner_1f", "airliner_2f", "airliner_3f" ],
      [ "airliner_1g", "airliner_2g", "airliner_3g" ],
      [ "airliner_1h", "airliner_2h", "airliner_3h" ],
      [ "airliner_1i", "airliner_2i", "airliner_3i" ],
      [ "airliner_1j", "airliner_2j", "airliner_3j" ]
    ],
    "weight": 250,
    "object": {
      "fill_ter": "t_dirt",
      "rows": [
        "                                    dd d                                ",
        "                                   ddddd*                               ",
        "                                 dddm**ddd                              ",
        "                                ddd*m*mmddd                             ",
        "                               d*d*mmmmmmddd                            ",
        "                               ddmmgggggm*ddd *                         ",
        "                              dddmggxxxggmddd                           ",
        "                               ddmgxa.axgmddd                           ",
        "                               ddmMlz.ZlMmddd                           ",
        "                         *     ddMMMM+MMMMddd                           ",
        "                               ddD.......Ddd                            ",
        "                               d*MMMM.MMMMdd *                          ",
        "                              dddM.......Mdd                            ",
        "                              dddsaaa.aaasd*                            ",
        "                              dddM.......Md                             ",
        "                              dddsaaa.aaasdd                            ",
        "                       ddd     d*M.......Mdd d      *                   ",
        "                      ddMdd   *d**..a.aa*s*d                            ",
        "                      ddMMd  dd****d*d*****d                            ",
        "                       ddMd  dd**.......M*d    dddd                     ",
        "                        dd  *d***.aa.aaasdd*  dmmmd                     ",
        "                         d    d*MMMM.MMMMddd   dmd                      ",
        "                            *ddmM..+.aaaMm*dd  ddd                      ",
        "                            ddmmsTSM.aaasmm*d   d                       ",
        "                        dddddmmmMMMM.aaaMmmmd *                         ",
        "                         dddmmmmsaaa.aaasmmmmd                          ",
        "                      * dddmmmmmMaaa.aaaMmmmm*d    *                    ",
        "                       dddmmmmmmsaaa.aaasmmmmddd                        ",
        "                     d ddmmmmmmmMaaa.aaaMmmmmm*dd                       ",
        "                      ddmmmmmmmmsaaa.aaasmmmmmdd                        ",
        "                   ddddmmmmmmmmmD.......Dmmmmmd*d   *                   ",
        "                  ddddmmmmmmmmmmMaaa.aaaMmmmm*dd                        ",
        "                   ddmmmmmmmmmmmD.......Dmmmmmdd  *                     ",
        "                d ddmmmmmmmmmmmmsaaa.aaasmmmmd*  **                     ",
        "                 ddmmmmmmmmmmmmmMaaa.aaaMmmmm*                          ",
        "                ddmmmmmmmmmmmmmmsaaa.aaasmmmd  d                        ",
        "              dddmmmmmmmmmmmmmmmMaaa.aaaMmmd*   d                       ",
        "       *      ddmmmmmmmmmmmmmmddsaaa.aaasdddd*                          ",
        "             ddmmmmmmmmmmmmmddddMaaa.aaaMddddd                          ",
        "           dddmmmmmmmmmmmmddd*ddsaaa.aaasdddd   *   d                   ",
        "           ddmmmmmmmmmmmdd*dd ddMaaa.aaa.*dd   d                        ",
        "         dddmmmmmmmmmmdddd*d  ddsaaa.aa.dd*dd                           ",
        "        dddmmmmmmmmmdd  *dd  dddMaaa.aa.*dddd d  *                      ",
        "      *dddmmmmmmmmddd   d*dd  ddsaaa.a.d**dd                            ",
        "       ddmmmmmmmdddd   d**d * ddMaaa.a.dddd   *   d                     ",
        "     dddmmmmmmdddd    ddddd  dddsaaa.a>>*d*d                            ",
        "     ddmmmmmdddd     ddddd*   ddMaaa.a>>**dd  *                         ",
        "    ddmmmmdddd   *    d*dd    *dMMMM.a.dd**d       **                   ",
        "  dddmmmmdddd          dd    *ddMTSM.aa.dddd* * ddddd *                 ",
        " dddmmmmdddd            d    ddds..+.aa.*dd**   dMMMdd                  ",
        " ddmmmmdddd                  *ddMMMM.MMM.dd* d ddMMMMdd*                ",
        "  dmmmdddd             *      dds..+.+...*d    *ddMMMMddd               ",
        " dddd*dddd *            d   * d*MTSM.MSTM*d  *   *dMMMMd                ",
        " ddddd*dd                    dddMMMM.MMMMd*       ddddddd               ",
        " dddddddd             *   *   ddD.......D*d  d *  *dddddd *             ",
        "ddddd*dd                 d   *ddMMMM+MMMMddd *     ddddd                ",
        " *dddddd     *     d   d     ddddMaa.alMddd     d  *ddd *               ",
        "  ddd*ddd                  *  dddM....lMd*dd   *    ddd                 ",
        " ddddddd              *      * ddMfccclMdd*d d      dd                  ",
        " dddddd*             *   d *  dddMMMMMMM*ddd   *    d                   ",
        " *dddddd                 *    d*ddMMMMMddd*   *                         ",
        " dddd*dd            d *   d  d dddMMMMMddd*     d                       ",
        " ddddddd                *     ddddMMMMMdd*dd*      d                    ",
        "  ddddd*                     *dd*dMMMMMdddd*d    *                      ",
        "  ddddd               * d    ddddddMMMdd*ddd    **           *          ",
        " d dddd *                 d   dd*ddMMMddd*ddd                    * *    ",
        "   ddd            *    *     ddddd*MMMdd*ddddd  *      *     dd     d   ",
        "    d                      d *dd*ddMMMdddd*dd              ddddddd      ",
        "        d           *  *  d  dd*ddddMddd* dd      *     * ddddMMMdd*  d ",
        "                           dddddd*ddd*dddddd  *          dddMMMMMMdd    ",
        "     d              *      ddd*dddddd*d*dddd*  *       *dddMMMMMMMMdd   ",
        "               *            d*dddddd*ddddd*dd            dddMMMMMMMdd   ",
        "                       d     dd*dddddd*dddd*              d*dMMMMMdd  d ",
        "                            ddddddddddddddd d      *      ddddMMMdd     ",
        "                   *         ddddddddddddddd            d *dddddddd d   ",
        "                      d     dddd*dddddddddd   d            dddd*ddd     ",
        "                             ddddddddddddddd             * ddddddd  *   ",
        "    dd           *     *    ddd*ddddd*ddd*d         *       dddddd      ",
        "   dddd                  d dddddddddddddd        *          ddddd       ",
        "   d**dd                      ddddddddddddd  d               dddd*      ",
        "   dddd              *       *dddddd*ddddd           *       ddd        ",
        "    ddd                    d  ddddddddddd*dd                  dd        ",
        "    dd         *               dd*ddddd*ddd                   d         ",
        "    d                    d     ddddddddddd* d      *                    ",
        "                             d*dddd*ddddd                               ",
        "                    d       dddddddddddddd                              ",
        "                    *        ddddddddd*dd   d                           ",
        "                              dddddddddd*d                              ",
        "                     *       ddddddddd*ddd   *      *                   ",
        "                           d  ddddddddddd      d                        ",
        "                     *       ddddd*ddd*dd    *      *                   ",
        "                           d  dddddddddddd     d                        ",
        "                *     d      dddddddddddd       *                       ",
        "                            d dddddddd*d   d   o                        ",
        "      *              *        *dddd*dddd    *                           ",
        "         d                  ddddddddddddd                               ",
        "                             ddd*ddddddd   d          *                 ",
        "                     *       ddddddddd*dd    *      *                   ",
        "                          d  ddddddddddd      d                         ",
        "               *     d      ddddd*dddddd       *                        ",
        "                           d dddddddd*d   d                             ",
        "     *              *        *ddddddddd    *                            ",
        "        d                  ddddddddddddd                                ",
        "                            ddddddddddd   d          *                  ",
        "                            d*dddd*ddddd                                ",
        "    ddddd          d       dddddddddddddd                               ",
        "   dmmmmmmd        *        ddd*ddddd*dd   d                            ",
        "    ddmmmmd                  dddddddddd*d                               ",
        "     dmmddd         *       ddddd*ddd*dd    *         *                 ",
        "      dmdd                  d*dddd*ddddd                                ",
        "      dddd         d       dddddddddddddd                               ",
        "      ddd          *        ddddddddd*dd   d                            ",
        "       dd                    dddddddddd*d                               ",
        "                    *       ddddd*ddd*dd    *      *                    ",
        "               *     d      dd*ddddddddd       *                        ",
        "                          d dddddddd*d   d                              ",
        "    *              *        *dddd*dddd    *                             ",
        "       d                  ddddddddddddd                                 ",
        "                           ddddddddddd   d          *                   ",
        " d           d         *    ddddddd*ddd        d                        ",
        "                           d*dddd*ddddd                                 ",
        "                  d       ddddddddddd*dd                                ",
        "                  *        ddd*dddddddd   d                             ",
        "                   *       ddddddddd*ddd   *          *                 ",
        "                         d  ddddddddddd      d                          ",
        "              *     d      ddddd*dddddd       *                         ",
        "                          d dddddddd*d   d                              ",
        "    *              *        *dddd*dddd    *                             ",
        "       d                  ddddddddddddd                                 ",
        "                           ddddddddddd   d              *               ",
        "                           d*ddddddd*dd                                 ",
        "                  d       dddddddddddddd                                ",
        "                 *        ddddd*ddd*dd   d                              ",
        "                           dddddddddd*d                                 ",
        "                  *       dddddddd*dddd          *                      ",
        "                         ddd*dddddd*dd    *                             ",
        "                        d dddddddddddd      d                           ",
        "             *     d      ddddd*dddddd       *                          ",
        "                         d dddddddd*d   d                               ",
        "   *              * o      *dddd*dddd         *                         ",
        "      d                  ddddddddddddd                                  ",
        "                          ddddddddddd   d               *               ",
        "                          d*dddddd*ddd                                  ",
        "                 d       dddddddddddddd                                 ",
        "                 *        ddddddddd*dd   d                              ",
        "                           d*dddddddd*d                                 ",
        "                  *       ddddd*dddddd    *           d                 ",
        "                           dddddddddd*d                                 ",
        "                  d       ddddddddd*dd    *      *                      ",
        "                       d  dddddddddddd     d                            ",
        "            *     d      ddddd*dddddd            *                      ",
        "                        d dddddddd*d   d                                ",
        "  *              *        *dddd*dddd    *                               ",
        "     d                  ddddddddddddd                                   ",
        "                         ddddddddddd   d          *                     ",
        "           d         *    ddddddd*ddd        d                          ",
        "                         d*dddd*ddddd                                   ",
        "                d       dddddddddddddd                                  ",
        "                *        ddddd*dddddd   d                               ",
        "                          dddddddddd*d                                  ",
        "                 *       ddddddddd*dd          *      *                 ",
        "                       d  ddddddddddd      d                            ",
        "            *     d      ddddd*dddddd       *                           ",
        "                        d dddddddd*d   d                                ",
        "  *              *        *dddd*dddd    *                               ",
        "     d                  ddddddddddddd                                   ",
        "                         ddddddd*ddd   d                *               ",
        "          d         *    ddddddd*ddd        d                           ",
        "      d * dd            ddddddddddddd    *                              ",
        "     ddddddddd     d  dddddddddddddd  d      *                          ",
        " * dddMM**MMMdd  *     dddddddddddd                                     ",
        "  ddMMMMMMMMMMd  d    dddd*dddddddddd   d                               ",
        "   ddMMMMMMMMM.dd       dddddddddddddd                                  ",
        "  dd*MMMMMMMMMdd* *    dd*ddddd*ddd*d         *                         ",
        "   dddMMMMMMMdd    d d  ddddddddddd        *                            ",
        "     ddd*ddddd          ddddddddddddd  d                                ",
        "     ddddddddd *   *   * ddddd*ddddd                  *                 ",
        "    * ddddddd        d  ddddddddddd*dd o                                ",
        "       dddddd *          dd*ddddd*d*d                                   ",
        "       ddddd     d d     ddddddd*ddd* d      *                          ",
        "    d   dddd            d*dddddddddd                                    ",
        "         ddd  d d       ddddddd*dddd*d      *                           ",
        "         dd    *      * ddddd*ddd*dd   d          d                     ",
        "          d        d     *ddddd*ddd*d*      *                           ",
        "                        d*dddddddddd                                    ",
        "               d       dddddddddddddd                                   ",
        "               *        ddddd ddd*dd          d                         ",
        "                         dddddddddd*d                                   ",
        "                *       ddddd*ddd*dd    *      *                        ",
        "                     d  dddddddddddd     d                              ",
        "          *     d      ddddd dddddd              *                      ",
        "                      d dddddddd*d   d                                  ",
        "*              *        *dddddd*dd    *                                 ",
        "   d                  ddddddddddddd                                     ",
        "                       ddddddddddd   d          *                       ",
        "                       d*dddd*ddddd                                     ",
        "              d       dddddddddddddd                                    ",
        "              *        ddddddddd*dd   d                                 ",
        "                        dddddddddd*d               dddd                 ",
        "               *       ddddd*dddddd    *      *  dMMMMMd                ",
        "                     d  dddddddd*ddd     d        dMMMMd                ",
        "          *     d      dddddddddddd       *        ddMM                 ",
        "                      d dddddddd*d   d              ddd                 ",
        "               *        *dddddd*dd    *             dd                  ",
        "   d                  ddddddddddddd                  d                  ",
        "                       ddddddddddd   d          *                       ",
        "                      d*dddddd*ddd                                      ",
        "                     dddddddddddddd                                     ",
        "             *        ddddd*ddd*dd   d                                  ",
        "                       dddddddddd*d                                     ",
        "              d       d*dddddddd*d    *                                 ",
        "              *      dd*ddddddd*ddd          *                          ",
        "              *       ddddddd*dddd    *                                 ",
        "                    d  ddddddddddd               d                      ",
        "         *     d      ddddd*dddddd       *                              ",
        "                     d dddddddd*d   d                                   ",
        "              *        *dddd*dddd    *                                  ",
        "  d                  ddddddddddddd                                      ",
        "                   o  ddddddddddd   d          *                        ",
        "                ddd   d*dddd*ddddd                                      ",
        "             d  dMdd dddddddddddddd                                     ",
        "             *  dMMMd dd*dddddd*dd   d                                  ",
        "                ddMd   dddddddddd*d                                     ",
        "              *  ddd  ddddddddd*dd    *      *                          ",
        "                 dd d  ddddddddddd      d                               ",
        "        *     d   d   ddddd*ddddddd      *                              ",
        "                    d dddddddd*d   d                                    ",
        "             *        *dddd*dddd    *                                   ",
        "                    dddd*dddddddd                                       ",
        "                     dd*dddddddd   d          *                         ",
        "                 *    ddddddd*dd                                        ",
        "       d         *    dddd*dd*d          d                              ",
        " *         d *      * dd*d*dd**      *      *     d                     ",
        "                 * d   ddd*dd*d        d      d                         ",
        "        *     d       dd*d*ddd    *     *     *                         ",
        "*  d             *  d  ddddd*d     d      *    *                        ",
        "          *  *        * dd**dd      *   *         d                     ",
        "             *   *  d    dddd   *         d                             ",
        "       *   d              dd       d          *                         ",
        "               *      d          *       d  d                           "
      ],
      "palettes": [ "airliner_palette" ],
      "items": {
        "d": [ { "item": "airliner_debris", "chance": 15 } ],
        "*": [ { "item": "airliner_debris" } ],
        "a": [ { "item": "snacks", "chance": 5 }, { "item": "jackets", "chance": 3 } ],
        "f": [ { "item": "fridgesnacks", "chance": 80, "repeat": [ 15, 20 ] } ]
      },
      "place_loot": [
        { "group": "airliner_cockpit", "x": 35, "y": 8 },
        { "group": "office_supplies", "repeat": [ 3, 5 ], "x": 39, "y": 8 },
        { "group": "airliner_galley", "x": 38, "y": 56 },
        { "group": "office_supplies", "repeat": [ 3, 5 ], "x": 38, "y": 57 },
        { "group": "snacks", "repeat": [ 10, 15 ], "x": 38, "y": 58 }
      ],
      "place_monsters": [
        { "monster": "GROUP_MALL", "x": [ 27, 47 ], "y": [ 10, 23 ], "repeat": [ 5, 10 ], "density": 0.1 },
        { "monster": "GROUP_MALL", "x": [ 27, 47 ], "y": [ 24, 47 ], "repeat": [ 7, 16 ], "density": 0.1 },
        { "monster": "GROUP_MALL", "x": [ 27, 47 ], "y": [ 48, 61 ], "repeat": [ 3, 4 ], "density": 0.1 }
      ],
      "monster": { "Z": { "monster": "mon_zombie_electric" }, "z": { "monster": "mon_zombie" }, "o": { "monster": "mon_zombie" } }
    }
  },
  {
    "type": "mapgen",
    "method": "json",
    "om_terrain": [ [ "airliner_2a_1" ], [ "airliner_2b_1" ], [ "airliner_2c_1" ] ],
    "weight": 250,
    "object": {
      "rows": [
        "AAAAAAAAAAAAAAAAAAAAAAAA",
        "AAAAAAAAAAAAAAAAAAAAAAAA",
        "AAAAAAAAAAAAAAAAAAAAAAAA",
        "AAAAAAAAAAAAAAAAAAAAAAAA",
        "AAAAAAAAAAAAAAAAAAAAAAAA",
        "AAAAAAAAAAAAAAAAAAAAAAAA",
        "AAAAAAAAAAAA...AAAAAAAAAA",
        "AAAAAAAAAAA.....AAAAAAAAA",
        "AAAAAAAAAA.......AAAAAAAA",
        "AAAAAAAAAA.......AAAAAAAA",
        "AAAAAAAAAA.......AAAAAAAA",
        "AAAAAAAAAA.......AAAAAAAA",
        "AAAAAAAAAA.......AAAAAAAA",
        "AAAAAAAAAA.......AAAAAAAA",
        "AAAAAAAAAA.......AAAAAAAA",
        "AAAAAAAAAAA......AAAAAAAA",
        "AAAAAAAAAAA......AAAAAAAA",
        "AAAAAAAAAAA.AA...AAAAAAAA",
        "AAAAAAAAAAAAAAAAAAAAAAAA",
        "AAAAAAAAAA.AA...AAAAAAAA",
        "AAAAAAAAAA......AAAAAAAA",
        "AAAAAAAAA.......AAAAAAAA",
        "AAAAAAAAA.......AAAAAAAA",
        "AAAAAAAAA.......AAAAAAAA",
        "AAAAAAAAA.......AAAAAAAA",
        "AAAAAAAAA.......AAAAAAAA",
        "AAAAAAAAA.......AAAAAAAA",
        "AAAAAAAAA.......AAAAAAAA",
        "AAAAAAAAA.......AAAAAAAA",
        "AAAAAAAAA.......AAAAAAAA",
        "AAAAAAAAA.......AAAAAAAA",
        "AAAAAAAAA.......AAAAAAAA",
        "AAAAAAAAA.......AAAAAAAA",
        "AAAAAAAAA.......AAAAAAAA",
        "AAAAAAAAA.......AAAAAAAA",
        "AAAAAAAAA.......AAAAAAAA",
        "AAAAAAAAA.......AAAAAAAA",
        "AAAAAAAAA.......AAAAAAAA",
        "AAAAAAAAA.......AAAAAAAA",
        "AAAAAAAAA.......AAAAAAAA",
        "AAAAAAAAA......AAAAAAAAA",
        "AAAAAAAAA.....AAAAAAAAAA",
        "AAAAAAAAA.....AAAAAAAAAA",
        "AAAAAAAAA.....AAAAAAAAAA",
        "AAAAAAAAA.....AAAAAAAAAA",
        "AAAAAAAAA.....AAAAAAAAAA",
        "AAAAAAAAA.....AAAAAAAAAA",
        "AAAAAAAAA.....AAAAAAAAAA",
        "AAAAAAAAA.....AAAAAAAAAA",
        "AAAAAAAAA.....AAAAAAAAAA",
        "AAAAAAAAA......AAAAAAAAA",
        "AAAAAAAAA.......AAAAAAAA",
        "AAAAAAAAA.......AAAAAAAA",
        "AAAAAAAAA.......AAAAAAAA",
        "AAAAAAAAA.......AAAAAAAA",
        "AAAAAAAAAA..M..AAAAAAAAA",
        "AAAAAAAAAA.MMM.AAAAAAAAA",
        "AAAAAAAAAA.MMM.AAAAAAAAA",
        "AAAAAAAAAA.MMM.AAAAAAAAA",
        "AAAAAAAAAA.MMM.AAAAAAAAA",
        "AAAAAAAAAAAMMMAAAAAAAAAA",
        "AAAAAAAAAA.MMM.AAAAAAAAA",
        "AAAAAAAAAA.MMM.AAAAAAAAA",
        "AAAAAAAA...MMM...AAAAAAA",
        "AAAAAA.....MMM.....AAAAA",
        "AAAA.......MMM.......AAA",
        "AA.........MMM.........A",
        "AA........AMMMA........A",
        "AA.....AAAAAMAAAAA.....A",
        "AA..AAAAAAAAAAAAAAAAA..A",
        "AAAAAAAAAAAAAAAAAAAAAAAA",
        "AAAAAAAAAAAAAAAAAAAAAAAA"
      ],
      "palettes": [ "airliner_palette" ]
    }
  },
  {
    "type": "mapgen",
    "method": "json",
    "om_terrain": [ [ "airliner_2b_-1" ], [ "airliner_2c_-1" ] ],
    "weight": 250,
    "object": {
      "fill_ter": "t_metal_floor",
      "rows": [
        ",,,,,,,,,,,,,,,,,,,,,,,,",
        ",,,,,,,,,,,,,,,,,,,,,,,,",
        ",,,,,,,,,,,,,,,,,,,,,,,,",
        ",,,,,,,,,,****M,,,,,,,,,",
        ",,,,,,,,,,MLLLM,,,,,,,,,",
        ",,,,,,,,,,MLLLM,,,,,,,,,",
        ",,,,,,,,,,MLLLM,,,,,,,,,",
        ",,,,,,,,,,ML.LM,,,,,,,,,",
        ",,,,,,,,,,MLLLM,,,,,,,,,",
        ",,,,,,,,,,M.LLM,,,,,,,,,",
        ",,,,,,,,,,MLL.M,,,,,,,,,",
        ",,,,,,,,,,ML..M,,,,,,,,,",
        ",,,,,,,,,,M..LM,,,,,,,,,",
        ",,,,,,,,,,M.L.M,,,,,,,,,",
        ",,,,,,,,,,M...M,,,,,,,,,",
        ",,,,,,,,,,ML..M,,,,,,,,,",
        ",,,,,,,,,,M...M,,,,,,,,,",
        ",,,,,,,,,,M...M,,,,,,,,,",
        ",,,,,,,,,,M..dM,,,,,,,,,",
        ",,,,,,,,,,M..dd,,,,,,,,,",
        ",,,,,,,,,,M..d<<,,,,,,,,",
        ",,,,,,,,,,M.dd<<,,,,,,,,",
        ",,,,,,,,,,M..dd,,,,,,,,,",
        ",,,,,,,,,,M..dM,,,,,,,,,",
        ",,,,,,,,,,M...M,,,,,,,,,",
        ",,,,,,,,,,M...M,,,,,,,,,",
        ",,,,,,,,,,M...M,,,,,,,,,",
        ",,,,,,,,,,M...M,,,,,,,,,",
        ",,,,,,,,,,M...M,,,,,,,,,",
        ",,,,,,,,,,M...M,,,,,,,,,",
        ",,,,,,,,,,D...D,,,,,,,,,",
        ",,,,,,,,,,MMMMM,,,,,,,,,",
        ",,,,,,,,,,,,,,,,,,,,,,,,",
        ",,,,,,,,,,,,,,,,,,,,,,,,",
        ",,,,,,,,,,,,,,,,,,,,,,,,",
        ",,,,,,,,,,,,,,,,,,,,,,,,",
        ",,,,,,,,,,,,,,,,,,,,,,,,",
        ",,,,,,,,,,,,,,,,,,,,,,,,",
        ",,,,,,,,,,,,,,,,,,,,,,,,",
        ",,,,,,,,,,,,,,,,,,,,,,,,",
        ",,,,,,,,,,,,,,,,,,,,,,,,",
        ",,,,,,,,,,,,,,,,,,,,,,,,",
        ",,,,,,,,,,,,,,,,,,,,,,,,",
        ",,,,,,,,,,,,,,,,,,,,,,,,",
        ",,,,,,,,,,,,,,,,,,,,,,,,",
        ",,,,,,,,,,,,,,,,,,,,,,,,",
        ",,,,,,,,,,,,,,,,,,,,,,,,",
        ",,,,,,,,,,,,,,,,,,,,,,,,"
      ],
      "palettes": [ "airliner_palette" ],
      "items": { "L": [ { "item": "airliner_luggage", "chance": 80, "repeat": [ 2, 3 ] } ] }
    }
  },
  {
    "id": "airliner_luggage",
    "type": "item_group",
    "subtype": "collection",
    "entries": [
      { "group": "allclothes", "count-min": 3, "count-max": 7 },
      { "group": "shoes", "prob": 30 },
      { "group": "glasses", "prob": 10 },
      { "group": "magazines", "prob": 10 },
      { "group": "bags_trip" }
    ]
  },
  {
    "id": "airliner_cockpit",
    "type": "item_group",
    "subtype": "collection",
    "items": [
      { "item": "crash_axe" },
      {
        "collection": [ { "item": "flaregun" }, { "item": "signal_flare", "count-min": 1, "count-max": 2 } ],
        "prob": 40
      },
      { "item": "1st_aid", "prob": 40 },
      { "item": "handflare", "count-min": 1, "count-max": 3, "prob": 30 },
      { "item": "sm_extinguisher", "prob": 75 }
    ]
  },
  {
    "id": "airliner_galley",
    "type": "item_group",
    "subtype": "collection",
    "items": [
      { "item": "1st_aid", "prob": 40 },
      { "item": "handflare", "count-min": 1, "count-max": 3, "prob": 30 },
      { "item": "sm_extinguisher", "prob": 75 }
    ]
  },
  {
    "id": "airliner_debris",
    "type": "item_group",
    "items": [ [ "scrap", 30 ], [ "steel_chunk", 20 ], [ "steel_lump", 10 ], [ "sheet_metal_small", 10 ], [ "sheet_metal", 5 ] ]
  }
]
