[
  {
    "method": "json",
    "object": {
      "fill_ter": "t_dirt",
      "rows": [
        ",,,,,,,,$,,,%,,$,,,,,,,,%,,,$,,,$,,,$,,,,,,,$,,%",
        ",,,$,,,,,,,,,,,,,,$,,,$,,,$,,,,%,,,,,,,$,,,,,,,,",
        ",,,,/,/%$,%/,$//,,,,/,,,,,//,,,,//%,,/,/,,%,/,$,",
        ",$,///,,//,,//,,//,,%,/$/,,,,,$,,,//,$,,/,,//,,,",
        ",//,,$//,/,///////,/////////,/,/////,,//////$,,,",
        ",,%////////,/,/,///////////////,//,/////////,/,,",
        ",,/,///#####////////////#####///,/////////,,,,,,",
        ",%$//,/#K..##############.@@#/////////###///,/,,",
        ",,,//,/#K...r#zzz.....#d..@@#PPPPPPPPP###////,,%",
        ",$/////#K...r#.z......+.....#/////////###/,/$,,,",
        ",//%,//##r..r#...hh...#..dd##//////////P//,//,,$",
        ",,/,////#r..##..hnnh..######/////WWWWW/P///,/,,,",
        ",,,,,///#r.....hnnnnh......#/////WwwwW/P////,,/,",
        ",/,$/,//#r.....hnnnnh......+//////wwwW/P////,$,/",
        "%,/,////#r......hnnh.......#/////WwwwW/P/////,,%",
        ",,,/,///#r..##...hh...##..##/////WWWWW/P///$/,,,",
        "$,/,///##r..r#........#h...##//////////P//,/,,,,",
        ",////,/#zz..r#ZZ......#hn..h#/////WWWW/P//,/,,/,",
        ",,,%//,#....r#ZZ......#h..nh#/////WwwW/P,//,$,,,",
        "///,///#rrr######++######hhh#/////WwwW/P/,//,/,,",
        ",$,,///#####/zz//////zzz#####/////W/WW/##///,%,,",
        ",//,/////P////////////z////////////////##/////,$",
        ",,,///,//P//WWWWW////////////////////////,,/,/,,",
        ",%,4//,//P//WwwwW////WWWWW//////////////////,,,,",
        ",,$/,///,P//Wwww/////WwwwW//////////////////,/,%",
        "%,/,,///,P//WwwwW/////wwwW/////////////##,//$,,,",
        ",,,,,/,//P//WWWWW////WwwwW/////////////##,/,,,,,",
        ",//,///,##///////////WWWWW/////###.###/P,,/,,%,,",
        ",,/,////##/////////////////////#rr..r#/P/,/,/,,,",
        "$%,,/,/////////////////////////.....r#/P,///,$/,",
        ",/%,/,/,,//////////////////////......./P,///,,/,",
        ",,/,///////////W/WW//WW/WW/////......./P////,,,$",
        ",,,$////##/////WwwW//WwwwW/////.....r#/P//,%/,,,",
        ",,,/,,//##/////WwwW//WwwwW/////.....r#/P/,//,/$,",
        ",$/,//%//P/////WWWW//WwwwW/////......./P/,//,,/%",
        ",,,,$/,//P///////////WWWWW/////......./P,//$,/,,",
        ",,/,//,//P///WWWW//////////////.....r#/P,/,/,/,,",
        ",%,,/,///P///WwwW///zz/////////#rrrrr#/P/,/,,,%,",
        ",,$,//,//P///Www////zz/////////#######/P/,,%/,,,",
        ",%,///,//P///WWWW//////////////////////P///,,/,,",
        ",,,,,/,/###////////////////////////////P////$/,,",
        "$,/,//,/###PPPPPPPPPPP##//////##PPPPPPP##,,/,,/,",
        ",,/,$,,/###////,//////##,/////##////,//##/,//,$,",
        "%,,%/,////,/,///,,,/,////,/,,////,,////,//$/,/,,",
        ",,,,/,,/,,,,/,/,,,,,,,,,,,,,,/,,,,/,,,/,,,////,,",
        ",%,$,/,,/,,,$,,,/,,,//$/,,,,/,/,$/,//$,/%/,,,/,,",
        ",,,,,,%,,,/,,,$,,/,/,,,%/$,/,,%/,,,,,,,,$,,,$,%,",
        "$,,%,,$,,,,,%,,,%,,$,,,,,//,,,,,$,,,,,%,,,%,,,,,"
      ],
      "palettes": [ "bandit_camp" ],
      "set": [
        { "point": "trap", "id": "tr_landmine_buried", "x": [ 7, 23 ], "y": [ 2, 5 ], "repeat": [ 2, 6 ] },
        { "point": "trap", "id": "tr_landmine_buried", "x": [ 2, 6 ], "y": [ 2, 23 ], "repeat": [ 2, 6 ] },
        { "point": "trap", "id": "tr_rollmat", "x": 13, "y": 23 },
        { "point": "trap", "id": "tr_rollmat", "x": 14, "y": 23 },
        { "point": "trap", "id": "tr_landmine_buried", "x": [ 24, 40 ], "y": [ 2, 5 ], "repeat": [ 2, 6 ] },
        { "point": "trap", "id": "tr_landmine_buried", "x": [ 41, 45 ], "y": [ 2, 21 ], "repeat": [ 2, 6 ] },
        { "point": "trap", "id": "tr_cot", "x": 36, "y": 18 },
        { "point": "trap", "id": "tr_cot", "x": 36, "y": 19 },
        { "point": "trap", "id": "tr_rollmat", "x": 35, "y": 14 },
        { "point": "trap", "id": "tr_rollmat", "x": 36, "y": 14 },
        { "point": "trap", "id": "tr_rollmat", "x": 35, "y": 12 },
        { "point": "trap", "id": "tr_rollmat", "x": 36, "y": 12 },
        { "point": "trap", "id": "tr_landmine_buried", "x": [ 3, 7 ], "y": [ 24, 27 ], "repeat": [ 0, 2 ] },
        { "point": "trap", "id": "tr_landmine_buried", "x": [ 3, 7 ], "y": [ 33, 45 ], "repeat": [ 2, 6 ] },
        { "point": "trap", "id": "tr_landmine_buried", "x": [ 7, 21 ], "y": [ 43, 46 ], "repeat": [ 2, 4 ] },
        { "point": "trap", "id": "tr_rollmat", "x": 13, "y": 25 },
        { "point": "trap", "id": "tr_rollmat", "x": 14, "y": 25 },
        { "point": "trap", "id": "tr_fur_rollmat", "x": 16, "y": 33 },
        { "point": "trap", "id": "tr_fur_rollmat", "x": 17, "y": 33 },
        { "point": "trap", "id": "tr_rollmat", "x": 14, "y": 37 },
        { "point": "trap", "id": "tr_rollmat", "x": 15, "y": 37 },
        { "point": "trap", "id": "tr_landmine_buried", "x": [ 41, 45 ], "y": [ 26, 42 ], "repeat": [ 2, 6 ] },
        { "point": "trap", "id": "tr_landmine_buried", "x": [ 31, 45 ], "y": [ 43, 46 ], "repeat": [ 2, 4 ] },
        { "point": "trap", "id": "tr_rollmat", "x": 24, "y": 25 },
        { "point": "trap", "id": "tr_rollmat", "x": 24, "y": 26 },
        { "point": "trap", "id": "tr_rollmat", "x": 24, "y": 33 },
        { "point": "trap", "id": "tr_rollmat", "x": 24, "y": 34 }
      ],
      "place_npcs": [
        { "class": "bandit", "x": 15, "y": 13 },
        { "class": "bandit", "x": 20, "y": 12 },
        { "class": "thug", "x": 20, "y": 20 },
        { "class": "bandit", "x": 35, "y": 13 },
        { "class": "bandit", "x": 39, "y": 22 },
        { "class": "bandit", "x": 11, "y": 30 },
        { "class": "bandit", "x": 16, "y": 33 },
        { "class": "bandit", "x": 14, "y": 38 },
        { "class": "thug", "x": 25, "y": 41 },
        { "class": "bandit", "x": 28, "y": 41 },
        { "class": "thug", "x": 36, "y": 30 }
      ],
      "place_items": [
        { "item": "stash_wood", "x": [ 12, 12 ], "y": [ 8, 10 ], "chance": 85 },
        { "item": "dresser", "x": [ 23, 23 ], "y": [ 8, 8 ], "chance": 85 },
        { "item": "home_hw", "x": [ 12, 12 ], "y": [ 16, 18 ], "chance": 85 },
        { "item": "home_hw", "x": [ 21, 23 ], "y": [ 20, 20 ], "chance": 85 },
        { "item": "home_hw", "x": [ 22, 22 ], "y": [ 21, 21 ], "chance": 80 },
        { "item": "cannedfood", "x": [ 9, 9 ], "y": [ 10, 16 ], "chance": 90 },
        { "item": "cannedfood", "x": [ 14, 16 ], "y": [ 8, 8 ], "chance": 90 },
        { "item": "pasta", "x": [ 8, 10 ], "y": [ 19, 19 ], "chance": 90 },
        { "item": "camping", "x": [ 8, 10 ], "y": [ 13, 13 ], "chance": 75 },
        { "item": "camping", "x": [ 8, 9 ], "y": [ 17, 18 ], "chance": 75 },
        { "item": "electronics", "x": [ 23, 23 ], "y": [ 16, 18 ], "chance": 75 },
        { "item": "bed", "x": [ 26, 27 ], "y": [ 7, 8 ], "chance": 80 },
        { "item": "dresser", "x": [ 25, 26 ], "y": [ 10, 10 ], "chance": 75 },
        { "item": "home_hw", "x": [ 27, 27 ], "y": [ 17, 19 ], "chance": 75 },
        { "item": "electronics", "x": [ 25, 26 ], "y": [ 19, 19 ], "chance": 75 },
        { "item": "cannedfood", "x": [ 20, 21 ], "y": [ 37, 38 ], "chance": 75 },
        { "item": "mechanics", "x": [ 32, 36 ], "y": [ 37, 37 ], "chance": 65 },
        { "item": "mechanics", "x": [ 36, 36 ], "y": [ 28, 29 ], "chance": 65 },
        { "item": "mechanics", "x": [ 36, 36 ], "y": [ 32, 33 ], "chance": 65 },
        { "item": "mechanics", "x": [ 32, 33 ], "y": [ 28, 28 ], "chance": 65 }
      ],
      "place_vehicles": [
        { "vehicle": "motorcycle", "x": 32, "y": 30, "chance": 80, "rotation": 180 },
        { "vehicle": "motorcycle", "x": 32, "y": 32, "chance": 80, "rotation": 180 },
        { "vehicle": "motorcycle", "x": 33, "y": 34, "chance": 80, "rotation": 180 }
      ]
    },
    "om_terrain": [ [ "bandit_camp_1", "bandit_camp_2" ], [ "bandit_camp_3", "bandit_camp_4" ] ],
    "type": "mapgen",
    "weight": 250
  }
]
