[
  {
    "type": "mapgen",
    "om_terrain": [ "bandit_garage_1" ],
    "method": "json",
    "weight": 250,
    "object": {
      "rows": [
        "........................",
        "........................",
        "........................",
        "...............##PPPPPPP",
        ".........##PPPP##,,,,,,,",
        "...##PPPP##,,,,,,,,,,,,,",
        "...##,,,,,,,,,,,,,,,,,,,",
        "...##,,,,,,,,,,,,,,,,,,,",
        "...##,,,,,,,,,,,,,,,,,,,",
        "...,,,,,,,,,,,,,,,,,,,,,",
        "...,,,,,,,,,,,,,,,,,,,SS",
        "...,,,,,,,,,,,,,,,,,,,SS",
        "...,,,,,,,,,,,,,,,,,,,SS",
        "...,,,,,,,,,,,,,,,,,,,,,",
        "...,,,,,,,,,,,,,,,,,,,,r",
        "...##,,,,,,,,,,,,,,,,,,r",
        "...##,,,,,,,,,,,,,,,,,,r",
        "...##,,,,,,,,,,,,,,,,,,r",
        "...##PPPP##,,,,,,,,,,,,r",
        ".........##PPPP##,,,,,,,",
        "...............##PPPPPPP",
        "........................",
        "........................",
        "........................"
      ],
      "place_vehicles": [
        { "vehicle": "bandit_vehicles", "x": 9, "y": 11, "rotation": 180, "chance": 90 },
        { "vehicle": "motorcycle", "x": 16, "y": 17, "rotation": 180, "chance": 45 }
      ],
      "place_loot": [ { "group": "mechanics", "chance": 75, "x": 23, "y": [ 14, 18 ], "repeat": [ 2, 5 ] } ],
      "set": [
        { "point": "trap", "id": "tr_landmine_buried", "x": [ 0, 2 ], "y": [ 5, 8 ], "repeat": [ 2, 4 ] },
        { "point": "trap", "id": "tr_landmine_buried", "x": [ 0, 8 ], "y": [ 2, 4 ], "repeat": [ 2, 4 ] },
        { "point": "trap", "id": "tr_landmine_buried", "x": [ 6, 14 ], "y": [ 1, 3 ], "repeat": [ 2, 4 ] },
        { "point": "trap", "id": "tr_landmine_buried", "x": [ 12, 21 ], "y": [ 0, 2 ], "repeat": [ 2, 4 ] },
        { "point": "trap", "id": "tr_landmine_buried", "x": [ 0, 2 ], "y": [ 15, 18 ], "repeat": [ 2, 4 ] },
        { "point": "trap", "id": "tr_landmine_buried", "x": [ 0, 8 ], "y": [ 19, 21 ], "repeat": [ 2, 4 ] },
        { "point": "trap", "id": "tr_landmine_buried", "x": [ 6, 14 ], "y": [ 20, 22 ], "repeat": [ 2, 4 ] },
        { "point": "trap", "id": "tr_landmine_buried", "x": [ 12, 21 ], "y": [ 21, 23 ], "repeat": [ 2, 4 ] }
      ],
      "terrain": { ".": "t_grass", ",": "t_dirt", "#": "t_wall_log", "P": "t_palisade", "r": "t_dirt", "S": "t_sidewalk" },
      "furniture": { "r": "f_rack" },
      "place_npcs": [ { "class": "bandit", "x": 4, "y": 9 }, { "class": "bandit", "x": 22, "y": 13 } ]
    }
  },
  {
    "type": "mapgen",
    "om_terrain": [ "bandit_garage_2" ],
    "method": "json",
    "weight": 250,
    "object": {
      "rows": [
        "........................",
        "........................",
        "........................",
        "##############..........",
        "#___:#ccc#_88#..........",
        "#____#___#___#..........",
        "#@@__+___+___#..........",
        "#@@__#___#A_;#..........",
        "######___############...",
        "#_???____77#9999___l#...",
        "#__________#_______l#...",
        "3___666_?__+_______l#...",
        "#___666_?__#_______l#...",
        "#__________#CB_____l#...",
        "######_____##########...",
        "#F_ccc_______#_____:#...",
        "#A_____BBB___+____@@#...",
        "0G____B666B__#____@@#...",
        "#E____B666B__########...",
        "#D_=___BBB___#..........",
        "##0########0##..........",
        "........................",
        "........................",
        "........................"
      ],
      "set": [
        { "point": "trap", "id": "tr_landmine_buried", "x": [ 0, 16 ], "y": [ 0, 2 ], "repeat": [ 2, 6 ] },
        { "point": "trap", "id": "tr_landmine_buried", "x": [ 14, 16 ], "y": [ 3, 7 ], "repeat": [ 2, 4 ] },
        { "point": "trap", "id": "tr_landmine_buried", "x": [ 16, 23 ], "y": [ 5, 7 ], "repeat": [ 2, 4 ] },
        { "point": "trap", "id": "tr_landmine_buried", "x": [ 21, 23 ], "y": [ 8, 18 ], "repeat": [ 2, 6 ] },
        { "point": "trap", "id": "tr_landmine_buried", "x": [ 14, 23 ], "y": [ 19, 21 ], "repeat": [ 2, 4 ] },
        { "point": "trap", "id": "tr_landmine_buried", "x": [ 0, 16 ], "y": [ 21, 23 ], "repeat": [ 2, 6 ] }
      ],
      "place_loot": [
        { "group": "guns_survival", "chance": 50, "x": 19, "y": [ 9, 13 ], "magazine": 100, "ammo": 75, "repeat": [ 3, 6 ] },
        { "group": "bed", "chance": 80, "x": [ 1, 2 ], "y": [ 6, 7 ], "repeat": [ 1, 3 ] },
        { "group": "bed", "chance": 80, "x": [ 18, 19 ], "y": [ 16, 17 ], "repeat": [ 1, 3 ] },
        { "group": "stash_wood", "chance": 70, "x": [ 4, 4 ], "y": [ 19, 19 ], "repeat": [ 2, 5 ] },
        { "group": "dresser", "chance": 70, "x": [ 4, 4 ], "y": [ 4, 4 ], "repeat": [ 1, 4 ] },
        { "group": "dresser", "chance": 70, "x": [ 19, 19 ], "y": [ 15, 15 ], "repeat": [ 1, 4 ] },
        { "group": "home_hw", "chance": 60, "x": [ 6, 8 ], "y": [ 4, 4 ], "repeat": [ 2, 4 ] },
        { "group": "cannedfood", "chance": 60, "x": [ 1, 1 ], "y": [ 17, 17 ], "repeat": [ 2, 5 ] },
        { "group": "pasta", "chance": 50, "x": [ 1, 1 ], "y": [ 17, 17 ], "repeat": [ 1, 3 ] },
        { "group": "cannedfood", "chance": 60, "x": [ 12, 15 ], "y": [ 9, 9 ], "repeat": [ 1, 3 ] },
        { "group": "pasta", "chance": 50, "x": [ 12, 15 ], "y": [ 9, 9 ], "repeat": [ 1, 4 ] },
        { "group": "camping", "chance": 70, "x": [ 12, 15 ], "y": [ 9, 9 ], "repeat": [ 2, 4 ] },
        { "group": "homebooks", "chance": 70, "x": [ 9, 10 ], "y": [ 9, 9 ], "repeat": [ 2, 5 ] },
        { "group": "kitchen", "chance": 70, "x": [ 3, 5 ], "y": [ 15, 15 ], "repeat": [ 1, 3 ] },
        { "group": "fridge", "chance": 70, "x": [ 1, 1 ], "y": [ 15, 15 ], "repeat": [ 1, 6 ] },
        { "group": "dining", "chance": 70, "x": [ 7, 9 ], "y": [ 17, 18 ], "repeat": [ 1, 4 ] },
        { "group": "magazines", "chance": 50, "x": [ 4, 6 ], "y": [ 11, 12 ], "repeat": [ 1, 3 ] }
      ],
      "terrain": {
        ".": "t_grass",
        ",": "t_dirt",
        "#": "t_wall_log",
        "0": "t_window_boarded",
        "3": "t_door_locked",
        " ": "t_rock_floor",
        "6": "t_rock_floor",
        "7": "t_rock_floor",
        "8": "t_rock_floor",
        "9": "t_rock_floor",
        ":": "t_rock_floor",
        ";": "t_rock_floor",
        "+": "t_door_c",
        "=": "t_rock_floor",
        "c": "t_rock_floor",
        "?": "t_rock_floor",
        "@": "t_rock_floor",
        "A": "t_rock_floor",
        "B": "t_rock_floor",
        "C": "t_rock_floor",
        "D": "t_rock_floor",
        "E": "t_rock_floor",
        "F": "t_rock_floor",
        "G": "t_rock_floor",
        "_": "t_rock_floor",
        "l": "t_rock_floor"
      },
      "furniture": {
        "6": "f_table",
        "7": "f_bookcase",
        "8": "f_bathtub",
        "9": "f_rack",
        ":": "f_dresser",
        "=": "f_woodstove",
        "c": "f_counter",
        "?": "f_sofa",
        "@": "f_bed",
        "A": "f_sink",
        "B": "f_chair",
        "C": "f_desk",
        "D": "f_trashcan",
        "E": "f_cupboard",
        "F": "f_fridge",
        "G": "f_oven",
        "l": "f_locker"
      },
      "place_npcs": [ { "class": "thug", "x": 10, "y": 11 }, { "class": "thug", "x": 3, "y": 17 }, { "class": "thug", "x": 6, "y": 7 } ],
      "toilets": { ";": {  } }
    }
  }
]
