[
  {
    "type": "mapgen",
    "method": "json",
    "om_terrain": [ "s_bike_shop" ],
    "weight": 100,
    "object": {
      "fill_ter": "t_dirt",
      "rows": [
        "________________________",
        "________________________",
        "   __________________   ",
        "   __________________   ",
        "   __________________   ",
        "  ____________________  ",
        "  _########----::---|_  ",
        "  _#.....c#^.......^|_  ",
        "  _#.....c#.........|_  ",
        "  _#.....c#.........|_  ",
        "  _#.....c#........F#_  ",
        "  _#......##.......&#_  ",
        "  _#......r#.......D#_  ",
        "  _#......r#..cc...r#_  ",
        "  _#..........%....r#_  ",
        "  _#..........cq...r#_  ",
        "  _#..........c....r#_  ",
        "  _#########..c.....#_  ",
        "  __4______;..c.rrr.#_  ",
        "         _@#+######;#_  ",
        "   *     __#..#l....#_  ",
        "           #ST#<.Bll#   ",
        "           ##########   ",
        "                        "
      ],
      "palettes": [ "bike_shop" ],
      "vendingmachines": { "D": { "item_group": "vending_drink" }, "F": { "item_group": "vending_food" } },
      "items": {
        "&": { "item": "trash", "chance": 70 },
        "@": { "item": "trash", "chance": 90 },
        "c": { "item": "bikeshop_for_sale", "chance": 60 },
        "r": { "item": "bikeshop_tools", "chance": 80 },
        "l": { "item": "jackets", "chance": 60 }
      },
      "place_vehicles": [
        { "vehicle": "bikeshop", "x": [ 4, 6 ], "y": [ 2, 3 ], "chance": 90, "rotation": 270 },
        { "vehicle": "bikeshop", "x": [ 7, 10 ], "y": 3, "chance": 90, "rotation": 270 },
        { "vehicle": "bikeshop", "x": [ 11, 14 ], "y": 3, "chance": 90, "rotation": 270 },
        { "vehicle": "bikeshop", "x": 12, "y": 8, "chance": 60, "rotation": 270, "status": 0 },
        { "vehicle": "bikeshop", "x": 19, "y": 8, "chance": 60, "rotation": 270, "status": 0 },
        { "vehicle": "bikeshop", "x": 6, "y": [ 8, 9 ], "chance": 50 },
        { "vehicle": "bikeshop", "x": 6, "y": [ 10, 11 ], "chance": 50 },
        { "vehicle": "bikeshop", "x": [ 6, 7 ], "y": [ 12, 13 ], "chance": 50 },
        { "vehicle": "bikeshop", "x": [ 6, 7 ], "y": [ 14, 15 ], "chance": 50 }
      ]
    }
  },
  {
    "type": "mapgen",
    "method": "json",
    "om_terrain": "s_bike_shop_roof",
    "weight": 200,
    "object": {
      "fill_ter": "t_flat_roof",
      "rows": [
        "                        ",
        "                        ",
        "                        ",
        "                        ",
        "                        ",
        "                        ",
        "   |22222222222222223   ",
        "   |................3   ",
        "   |................3   ",
        "   |................3   ",
        "   |................3   ",
        "   |................3   ",
        "   |.............&..3   ",
        "   |................3   ",
        "   |................3   ",
        "   |................3   ",
        "   |................3   ",
        "   -5-------........3   ",
        "           |.=......3   ",
        "           |:.......3   ",
        "           |........3   ",
        "           |...>....3   ",
        "           ----------   ",
        "                        "
      ],
      "terrain": {
        ".": "t_flat_roof",
        " ": "t_open_air",
        "2": "t_gutter_north",
        "-": "t_gutter_south",
        "3": "t_gutter_east",
        "|": "t_gutter_west",
        ">": "t_ladder_down",
        "5": "t_gutter_drop"
      },
      "furniture": { "&": "f_roof_turbine_vent", ":": "f_cellphone_booster", "=": "f_vent_pipe" },
      "place_items": [ { "item": "roof_trash", "x": [ 5, 11 ], "y": [ 8, 15 ], "chance": 50, "repeat": [ 1, 3 ] } ],
      "place_nested": [
        {
          "chunks": [
            [ "null", 20 ],
            [ "roof_2x2_utilities_b", 15 ],
            [ "roof_2x2_utilities_c", 5 ],
            [ "roof_2x2_utilities_d", 40 ],
            [ "roof_2x2_utilities", 50 ],
            [ "roof_4x4_utility", 40 ],
            [ "roof_4x4_survivor", 10 ]
          ],
          "x": [ 5, 11 ],
          "y": [ 8, 12 ]
        }
      ]
    }
  },
  {
    "type": "mapgen",
    "method": "json",
    "om_terrain": [ "s_bike_shop_1" ],
    "weight": 100,
    "object": {
      "fill_ter": "t_dirt",
      "rows": [
        "_________________________",
        "_________________________",
        "_#----------|::|-------#_",
        "_#^........D|..|D.....^#_",
        "_#.........F|..|F......#_",
        "_#.........&|::|&......#_",
        "_#.....................#_",
        "_#.....................#_",
        "_#.....................#_",
        "_#.....................#_",
        "_#.....................#_",
        "_#.....................#_",
        "_#.....................#_",
        "_#..................cc.#_",
        "_#..................%q.#_",
        "_#..................c..#_",
        "_#..................c..#_",
        "_#rrrrrrrrrr^..^rrrrrrr#_",
        "_############..#########_",
        "_#ttt....;.....;______4__",
        "_#.h....l#;##+##_________",
        "_#...f..l#<#S.T#@________",
        "_###############@________",
        "_________________________"
      ],
      "palettes": [ "bike_shop" ],
      "items": {
        "&": { "item": "trash", "chance": 70 },
        "@": { "item": "trash", "chance": 90 },
        "c": { "item": "bikeshop_for_sale", "chance": 60 },
        "f": { "item": "fridge", "chance": 40 },
        "l": { "item": "jackets", "chance": 60 },
        "r": { "item": "bikeshop_tools", "chance": 80 }
      },
      "vendingmachines": { "D": { "item_group": "vending_drink" }, "F": { "item_group": "vending_food" } },
      "place_vehicles": [
        { "vehicle": "bikeshop", "x": 6, "y": 7, "chance": 60, "status": 0, "rotation": 270 },
        { "vehicle": "bikeshop", "x": 21, "y": 7, "chance": 90, "rotation": 270 },
        { "vehicle": "bikeshop", "x": 6, "y": 14, "chance": 60, "status": 0 },
        { "vehicle": "bikeshop", "x": 17, "y": 13, "chance": 60, "status": 0 }
      ]
    }
  },
  {
    "type": "mapgen",
    "method": "json",
    "om_terrain": "s_bike_shop_roof_1",
    "weight": 200,
    "object": {
      "fill_ter": "t_flat_roof",
      "rows": [
        "                         ",
        "                         ",
        " |2222222222222222222223 ",
        " |.....................3 ",
        " |.....................3 ",
        " |.....................3 ",
        " |.....................3 ",
        " |.....................3 ",
        " |.....................3 ",
        " |.....................3 ",
        " |.....................3 ",
        " |.....................3 ",
        " |.....................3 ",
        " |.....................3 ",
        " |.....................3 ",
        " |.....................3 ",
        " |.....................3 ",
        " |.....................3 ",
        " |.............-------53 ",
        " |......##;##..3         ",
        " |.&....#___#..3         ",
        " |.X....#_>_#=.3         ",
        " -------#####---         ",
        "                         "
      ],
      "terrain": {
        ".": "t_flat_roof",
        " ": "t_open_air",
        "2": "t_gutter_north",
        "-": "t_gutter_south",
        "3": "t_gutter_east",
        "|": "t_gutter_west",
        ">": "t_stairs_down",
        "5": "t_gutter_drop",
        "#": "t_wall_b",
        "_": "t_floor",
        ";": "t_door_locked"
      },
      "furniture": { "&": "f_roof_turbine_vent", "X": "f_small_satelitte_dish", "=": "f_vent_pipe" },
      "place_items": [ { "item": "roof_trash", "x": [ 3, 18 ], "y": [ 4, 16 ], "chance": 50, "repeat": [ 1, 3 ] } ],
      "place_nested": [
        {
          "chunks": [
            [ "null", 20 ],
            [ "roof_2x2_utilities_b", 15 ],
            [ "roof_2x2_utilities_c", 5 ],
            [ "roof_2x2_utilities_d", 40 ],
            [ "roof_4x4_party", 5 ],
            [ "roof_4x4_utility", 40 ]
          ],
          "x": [ 3, 15 ],
          "y": [ 4, 14 ]
        }
      ]
    }
  }
]
