[
  {
    "type": "mapgen",
    "method": "json",
    "om_terrain": [ "s_butcher" ],
    "object": {
      "fill_ter": "t_floor",
      "rows": [
        "bbbbbbbbbbbbbbbbbbbbbbbb",
        "bbbbbbbbbbbbbbbbbbbbbbbb",
        "   addddddaeeadddddda   ",
        "   affffffa..affffffa   ",
        "   a......h.........a   ",
        "   a......j.........a   ",
        "   ak.h...h.........a   ",
        "   ak.h...k.........a   ",
        "   ak.h...h.........a   ",
        "   ak.h...k.........a   ",
        "   ak.h...h.........a   ",
        "   a..h...k.........a   ",
        "   a..h..aaaaaaaaaaaa   ",
        "   a.....e......iiiia   ",
        "   aaaaaaa..........a   ",
        "   aL.Ba<a......p..ha   ",
        "   aL.Baea.........ha   ",
        "   al........lhhhhhha   ",
        "   aaaaaaaaaeaaaaaaaa   ",
        "             mgggg4     ",
        "              gggg      ",
        "                        ",
        "                        ",
        "                        "
      ],
      "terrain": {
        " ": [ "t_dirt", [ "t_grass", 3 ] ],
        ".": "t_floor",
        "a": "t_wall_w",
        "b": "t_sidewalk",
        "d": "t_wall_glass",
        "e": "t_door_c",
        "g": "t_dirt",
        "j": "t_console_broken",
        "m": "t_dirt",
        "<": "t_stairs_up",
        "4": "t_gutter_downspout",
        "o": "t_shrub"
      },
      "furniture": {
        "f": "f_table",
        "g": "f_dumpster",
        "h": "f_counter",
        "i": "f_fridge",
        "k": "f_rack",
        "l": "f_trashcan",
        "m": "f_trashcan",
        "B": "f_bench",
        "L": "f_locker",
        "p": "f_metal_butcher_rack"
      },
      "place_loot": [
        { "group": "butcher_meat", "chance": 80, "x": [ 4, 4 ], "y": [ 3, 3 ] },
        { "group": "butcher_meat", "chance": 80, "x": [ 5, 5 ], "y": [ 3, 3 ] },
        { "group": "butcher_meat", "chance": 80, "x": [ 6, 6 ], "y": [ 3, 3 ] },
        { "group": "butcher_meat", "chance": 80, "x": [ 7, 7 ], "y": [ 3, 3 ] },
        { "group": "butcher_meat", "chance": 80, "x": [ 8, 8 ], "y": [ 3, 3 ] },
        { "group": "butcher_meat", "chance": 80, "x": [ 9, 9 ], "y": [ 3, 3 ] },
        { "group": "butcher_meat", "chance": 80, "x": [ 14, 14 ], "y": [ 3, 3 ] },
        { "group": "butcher_meat", "chance": 80, "x": [ 15, 15 ], "y": [ 3, 3 ] },
        { "group": "butcher_meat", "chance": 80, "x": [ 16, 16 ], "y": [ 3, 3 ] },
        { "group": "butcher_meat", "chance": 80, "x": [ 17, 17 ], "y": [ 3, 3 ] },
        { "group": "butcher_meat", "chance": 80, "x": [ 18, 18 ], "y": [ 3, 3 ] },
        { "group": "butcher_meat", "chance": 80, "x": [ 19, 19 ], "y": [ 3, 3 ] },
        { "group": "butcher_raw_meat", "chance": 60, "repeat": [ 2, 5 ], "x": [ 16, 16 ], "y": [ 13, 13 ] },
        { "group": "butcher_raw_meat", "chance": 60, "repeat": [ 2, 5 ], "x": [ 17, 17 ], "y": [ 13, 13 ] },
        { "group": "butcher_raw_meat", "chance": 60, "repeat": [ 2, 5 ], "x": [ 18, 18 ], "y": [ 13, 13 ] },
        { "group": "butcher_raw_meat", "chance": 60, "repeat": [ 2, 5 ], "x": [ 19, 19 ], "y": [ 13, 13 ] },
        { "group": "butcher_meat", "chance": 80, "x": [ 19, 19 ], "y": [ 15, 17 ] },
        { "group": "butcher_meat", "chance": 80, "x": [ 18, 14 ], "y": [ 17, 17 ] },
        { "group": "trash", "chance": 100, "repeat": [ 1, 2 ], "x": [ 17, 14 ], "y": [ 19, 20 ] },
        { "group": "restaur_trash", "chance": 80, "repeat": [ 1, 2 ], "x": [ 13, 13 ], "y": [ 17, 17 ] },
        { "group": "restaur_trash", "chance": 80, "repeat": [ 1, 2 ], "x": [ 13, 13 ], "y": [ 19, 19 ] },
        { "group": "butcher_tools", "chance": 100, "repeat": [ 1, 3 ], "x": [ 6, 6 ], "y": [ 6, 12 ] },
        { "group": "butcher_raw_meat", "chance": 80, "repeat": [ 1, 2 ], "x": [ 4, 4 ], "y": [ 6, 10 ] },
        { "group": "restaur_trash", "chance": 80, "repeat": [ 1, 2 ], "x": [ 4, 18 ], "y": [ 16, 14 ] }
      ],
      "place_monsters": [ { "monster": "GROUP_ZOMBIE_FAT", "chance": 1, "x": [ 9, 4 ], "y": [ 5, 13 ] } ],
      "place_fields": [
        { "field": "fd_blood", "x": [ 4, 7 ], "y": [ 5, 12 ], "repeat": [ 8, 12 ] },
        { "field": "fd_gibs_flesh", "x": [ 4, 7 ], "y": [ 5, 12 ], "repeat": [ 1, 5 ] },
        { "field": "fd_blood", "x": [ 4, 19 ], "y": [ 14, 17 ], "repeat": [ 4, 8 ] }
      ]
    }
  },
  {
    "type": "mapgen",
    "method": "json",
    "om_terrain": "s_butcher_roof",
    "weight": 200,
    "object": {
      "fill_ter": "t_tile_flat_roof",
      "rows": [
        "                        ",
        "                        ",
        "   |22222222222222222   ",
        "   |................3   ",
        "   |................3   ",
        "   |....r...bbb.....3   ",
        "   |................3   ",
        "   |....r.....k.....3   ",
        "   |................3   ",
        "   |....r.....k.....3   ",
        "   |................3   ",
        "   |.###oo#+#####...3   ",
        "   |.#R______RRR#.=.3   ",
        "   |.#R_RR_____R#...3   ",
        "   |.##+##s__t###...3   ",
        "   |.o__>#s___o.....3   ",
        "   |.#___#ssst#..&..3   ",
        "   |.##########4....3   ",
        "   |--------------5-3   ",
        "                        ",
        "                        ",
        "                        ",
        "                        ",
        "                        "
      ],
      "terrain": {
        ".": "t_tile_flat_roof",
        " ": "t_open_air",
        "#": "t_wall_r",
        "+": "t_door_locked",
        "2": "t_gutter_north",
        "-": "t_gutter_south",
        "3": "t_gutter_east",
        "|": "t_gutter_west",
        ">": "t_stairs_down",
        "5": "t_gutter_drop",
        "o": "t_window_domestic",
        "_": "t_floor",
        "s": "t_floor",
        "t": "t_floor",
        "R": "t_floor",
        "4": "t_gutter_downspout"
      },
      "furniture": {
        "&": "f_roof_turbine_vent",
        "=": "f_vent_pipe",
        "b": "f_bench",
        "s": "f_sofa",
        "R": "f_rack",
        "r": "f_smoking_rack",
        "k": "f_kiln_empty",
        "t": "f_table"
      },
      "place_loot": [
        { "group": "stash_wood", "x": 14, "y": 8, "chance": 50, "repeat": [ 2, 5 ] },
        { "item": "television", "x": 13, "y": 14 }
      ],
      "items": { "R": { "item": "butcher_raw_meat", "chance": 30 } }
    }
  },
  {
    "type": "mapgen",
    "method": "json",
    "om_terrain": "s_butcher_upper_roof",
    "object": {
      "fill_ter": "t_tar_flat_roof",
      "rows": [
        "                        ",
        "                        ",
        "                        ",
        "                        ",
        "                        ",
        "                        ",
        "                        ",
        "                        ",
        "                        ",
        "                        ",
        "                        ",
        "     |22222222223       ",
        "     |..........3       ",
        "     |.......X..3       ",
        "     |........--3       ",
        "     |....A...3         ",
        "     |.:......3         ",
        "     |--------5         ",
        "                        ",
        "                        ",
        "                        ",
        "                        ",
        "                        ",
        "                        "
      ],
      "terrain": {
        ".": "t_tar_flat_roof",
        " ": "t_open_air",
        "2": "t_gutter_north",
        "-": "t_gutter_south",
        "3": "t_gutter_east",
        "|": "t_gutter_west",
        "5": "t_gutter_drop"
      },
      "furniture": { ":": "f_cellphone_booster", "X": "f_small_satelitte_dish", "A": "f_air_conditioner" }
    }
  },
  {
    "type": "mapgen",
    "method": "json",
    "om_terrain": [ "s_butcher_1" ],
    "object": {
      "fill_ter": "t_floor",
      "rows": [
        "bbbbbbbbbbbbbbbbbbbbbbbb",
        "bbbbbbbbbbbbbbbbbbbbbbbb",
        "   addddddaeeadddddda   ",
        "   akkkkkk....kkkkkka   ",
        "   a................a   ",
        "   a...............Fa   ",
        "   a...............Fa   ",
        "   a...............Fa   ",
        "   a............FFFFa   ",
        "   ahhjhhhhhaeaaaaaaa   ",
        "   a........e.e.....a   ",
        "   ahhhhhhhha.am.Sata   ",
        "   ak.......a.aaaaaaa   ",
        "   ak...ff..a.all.aLa   ",
        "   ak.p.ff..a.ac..e.a   ",
        "   ak.......e.e...a.a   ",
        "  4a.iiiii.ma.am..a<a   ",
        "   aaaaaaaaaaeaaaaaaa   ",
        "              gggg      ",
        "              gggg      ",
        "                        ",
        "                        ",
        "                        ",
        "                        "
      ],
      "terrain": {
        " ": [ "t_dirt", [ "t_grass", 3 ] ],
        ".": "t_floor",
        "a": "t_wall_w",
        "b": "t_sidewalk",
        "d": "t_wall_glass",
        "e": "t_door_c",
        "g": "t_dirt",
        "<": "t_stairs_up",
        "4": "t_gutter_downspout",
        "j": "t_console_broken"
      },
      "furniture": {
        "c": "f_chair",
        "f": "f_table",
        "g": "f_dumpster",
        "h": "f_counter",
        "i": "f_fridge",
        "F": "f_glass_fridge",
        "k": "f_rack",
        "l": "f_desk",
        "L": "f_locker",
        "m": "f_trashcan",
        "p": "f_metal_butcher_rack",
        "S": "f_sink"
      },
      "toilets": { "t": {  } },
      "place_loot": [
        { "group": "butcher_meat", "chance": 80, "x": [ 4, 5 ], "y": 3, "repeat": [ 1, 2 ] },
        { "group": "butcher_meat", "chance": 80, "x": [ 6, 6 ], "y": 3 },
        { "group": "butcher_meat", "chance": 80, "x": [ 7, 7 ], "y": 3 },
        { "group": "butcher_meat", "chance": 80, "x": [ 8, 9 ], "y": 3, "repeat": [ 1, 2 ] },
        { "group": "butcher_meat", "chance": 80, "x": [ 14, 15 ], "y": 3, "repeat": [ 1, 2 ] },
        { "group": "butcher_meat", "chance": 80, "x": [ 16, 16 ], "y": 3 },
        { "group": "butcher_meat", "chance": 80, "x": [ 17, 17 ], "y": 3 },
        { "group": "butcher_meat", "chance": 80, "x": [ 18, 19 ], "y": 3, "repeat": [ 1, 2 ] },
        { "group": "butcher_meat", "chance": 80, "x": 4, "y": [ 12, 15 ], "repeat": [ 0, 2 ] },
        { "group": "butcher_meat", "chance": 80, "x": 19, "y": [ 5, 8 ], "repeat": [ 0, 2 ] },
        { "group": "butcher_meat", "chance": 80, "x": [ 16, 18 ], "y": 8, "repeat": [ 0, 2 ] },
        { "group": "butcher_raw_meat", "chance": 60, "repeat": [ 1, 3 ], "x": 5, "y": 16 },
        { "group": "butcher_raw_meat", "chance": 60, "repeat": [ 1, 3 ], "x": 6, "y": 16 },
        { "group": "butcher_raw_meat", "chance": 60, "repeat": [ 1, 3 ], "x": 7, "y": 16 },
        { "group": "butcher_raw_meat", "chance": 60, "repeat": [ 1, 3 ], "x": 8, "y": 16 },
        { "group": "trash", "chance": 80, "x": 11, "y": 16 },
        { "group": "trash", "chance": 80, "x": 15, "y": 16 },
        { "group": "restaur_trash", "chance": 80, "repeat": [ 1, 2 ], "x": [ 14, 16 ], "y": 19 },
        { "group": "butcher_tools", "chance": 100, "repeat": [ 1, 3 ], "x": [ 8, 9 ], "y": [ 13, 14 ] },
        { "group": "clothing_glasses", "chance": 80, "x": 16, "y": 13 },
        { "group": "cleaning", "chance": 80, "x": 19, "y": 13, "repeat": [ 1, 2 ] }
      ],
      "place_monsters": [ { "monster": "GROUP_ZOMBIE_FAT", "chance": 1, "x": [ 9, 4 ], "y": [ 5, 13 ] } ],
      "place_fields": [
        { "field": "fd_blood", "x": [ 5, 8 ], "y": [ 12, 14 ], "repeat": [ 8, 12 ] },
        { "field": "fd_gibs_flesh", "x": [ 5, 8 ], "y": [ 12, 15 ], "repeat": [ 1, 5 ] }
      ]
    }
  },
  {
    "type": "mapgen",
    "method": "json",
    "om_terrain": "s_butcher_roof_1",
    "weight": 200,
    "object": {
      "fill_ter": "t_flat_roof",
      "rows": [
        "                        ",
        "                        ",
        "   |22222222222222223   ",
        "   |................3   ",
        "   |................3   ",
        "   |................3   ",
        "   |................3   ",
        "   |................3   ",
        "   |................3   ",
        "   |................3   ",
        "   |................3   ",
        "   |................3   ",
        "   |................3   ",
        "   |................3   ",
        "   |..............A.3   ",
        "   |...&.........####   ",
        "   5......=......+_>#   ",
        "   |-------------####   ",
        "                        ",
        "                        ",
        "                        ",
        "                        ",
        "                        ",
        "                        "
      ],
      "terrain": {
        ".": "t_flat_roof",
        " ": "t_open_air",
        "2": "t_gutter_north",
        "-": "t_gutter_south",
        "3": "t_gutter_east",
        "|": "t_gutter_west",
        ">": "t_stairs_down",
        "#": "t_wall_y",
        "_": "t_floor",
        "+": "t_door_locked",
        "5": "t_gutter_drop"
      },
      "furniture": { "&": "f_roof_turbine_vent", "=": "f_vent_pipe", "A": "f_air_conditioner" },
      "place_items": [ { "item": "roof_trash", "x": [ 4, 13 ], "y": [ 4, 18 ], "chance": 50, "repeat": [ 1, 3 ] } ],
      "place_nested": [
        {
          "chunks": [
            [ "null", 20 ],
            [ "roof_2x2_utilities_b", 15 ],
            [ "roof_2x2_utilities_c", 5 ],
            [ "roof_2x2_utilities_d", 40 ],
            [ "roof_2x2_utilities", 50 ]
          ],
          "x": [ 4, 10 ],
          "y": [ 4, 6 ]
        },
        {
          "chunks": [
            [ "null", 20 ],
            [ "roof_4x4_party", 15 ],
            [ "roof_4x4_holdout", 5 ],
            [ "roof_4x4_utility", 40 ],
            [ "roof_4x4_utility_1", 30 ],
            [ "roof_6x6_utility", 20 ]
          ],
          "x": [ 4, 15 ],
          "y": [ 8, 12 ]
        }
      ]
    }
  },
  {
    "type": "mapgen",
    "method": "json",
    "om_terrain": "s_butcher_upper_roof_1",
    "object": {
      "fill_ter": "t_flat_roof",
      "rows": [
        "                        ",
        "                        ",
        "                        ",
        "                        ",
        "                        ",
        "                        ",
        "                        ",
        "                        ",
        "                        ",
        "                        ",
        "                        ",
        "                        ",
        "                        ",
        "                        ",
        "                        ",
        "                 ....   ",
        "                 .:..   ",
        "                 ....   ",
        "                        ",
        "                        ",
        "                        ",
        "                        ",
        "                        ",
        "                        "
      ],
      "terrain": { ".": "t_flat_roof", " ": "t_open_air" },
      "furniture": { ":": "f_cellphone_booster" }
    }
  },
  {
    "type": "mapgen",
    "method": "json",
    "om_terrain": [ "s_butcher_2" ],
    "object": {
      "fill_ter": "t_floor",
      "rows": [
        "bbbbbbbbbbbbbbbbbbbbbbbb",
        "bbbbbbbbbbbbbbbbbbbbbbbb",
        "   addddddaeeadddddda   ",
        "   akkkkkk....kkkkkka   ",
        "   a................a   ",
        "   aF....k....k....Fa   ",
        "   aF....k....k....Fa   ",
        "   aF....k....k....Fa   ",
        "   a..............FFa   ",
        "   ahhjhhaaaaeaaaeaaa   ",
        "   a........e.aS....a   ",
        "   aaaahhaaaa.am..ata   ",
        "   ak.......a.aaaaaaa   ",
        "   ak...ff..a.al..lla   ",
        "   ak.p.ff..a.alc..ca   ",
        "   ak.......o.o.....a   ",
        "  4a.iiiiiXma.am.sssa   ",
        "   aaaaaaaaaaoaaaaaaa   ",
        "              gggg<     ",
        "              gggg      ",
        "                        ",
        "                        ",
        "                        ",
        "                        "
      ],
      "terrain": {
        " ": [ "t_dirt", [ "t_grass", 3 ] ],
        ".": "t_floor",
        "a": "t_wall_w",
        "b": "t_sidewalk",
        "d": "t_wall_glass",
        "e": "t_door_c",
        "g": "t_dirt",
        "j": "t_console_broken",
        "o": "t_door_o",
        "<": "t_ladder_up",
        "4": "t_gutter_downspout"
      },
      "furniture": {
        "c": "f_chair",
        "f": "f_table",
        "g": "f_dumpster",
        "h": "f_counter",
        "i": "f_fridge",
        "F": "f_glass_fridge",
        "X": "f_oven",
        "k": "f_rack",
        "l": "f_desk",
        "m": "f_trashcan",
        "s": "f_sofa",
        "p": "f_metal_butcher_rack",
        "S": "f_sink"
      },
      "toilets": { "t": {  } },
      "items": {
        "F": { "item": "butcher_raw_meat", "chance": 30, "repeat": [ 1, 2 ] },
        "k": { "item": "butcher_meat", "chance": 30, "repeat": [ 1, 2 ] },
        "i": { "item": "butcher_raw_meat", "chance": 30, "repeat": [ 1, 2 ] }
      },
      "place_loot": [
        { "group": "trash", "chance": 80, "x": 11, "y": 16 },
        { "group": "trash", "chance": 80, "x": 15, "y": 16 },
        { "group": "restaur_trash", "chance": 80, "repeat": [ 1, 2 ], "x": [ 14, 16 ], "y": 19 },
        { "group": "butcher_tools", "chance": 100, "repeat": [ 1, 3 ], "x": [ 8, 9 ], "y": [ 13, 14 ] },
        { "group": "clothing_glasses", "chance": 80, "x": 18, "y": 13 }
      ],
      "place_monsters": [ { "monster": "GROUP_ANIMALPOUND_DOGS", "chance": 1, "x": [ 5, 10 ], "y": [ 13, 15 ] } ],
      "place_fields": [
        { "field": "fd_blood", "x": [ 5, 8 ], "y": [ 12, 14 ], "repeat": [ 8, 12 ] },
        { "field": "fd_gibs_flesh", "x": [ 5, 8 ], "y": [ 12, 15 ], "repeat": [ 1, 5 ] }
      ]
    }
  },
  {
    "type": "mapgen",
    "method": "json",
    "om_terrain": "s_butcher_roof_2",
    "weight": 200,
    "object": {
      "fill_ter": "t_flat_roof",
      "rows": [
        "                        ",
        "                        ",
        "   |22222222222222223   ",
        "   |................3   ",
        "   |................3   ",
        "   |................3   ",
        "   |................3   ",
        "   |................3   ",
        "   |................3   ",
        "   |................3   ",
        "   |................3   ",
        "   |................3   ",
        "   |................3   ",
        "   |................3   ",
        "   |................3   ",
        "   |...&............3   ",
        "   5...A..=.........3   ",
        "   |----------#####-3   ",
        "              ###>#     ",
        "                        ",
        "                        ",
        "                        ",
        "                        ",
        "                        "
      ],
      "terrain": {
        ".": "t_flat_roof",
        " ": "t_open_air",
        "2": "t_gutter_north",
        "-": "t_gutter_south",
        "3": "t_gutter_east",
        "|": "t_gutter_west",
        ">": "t_ladder_down",
        "#": "t_grate",
        "5": "t_gutter_drop"
      },
      "furniture": { "&": "f_roof_turbine_vent", "=": "f_vent_pipe", "A": "f_air_conditioner" },
      "place_items": [ { "item": "roof_trash", "x": [ 4, 13 ], "y": [ 4, 18 ], "chance": 50, "repeat": [ 1, 3 ] } ],
      "place_nested": [
        {
          "chunks": [
            [ "null", 20 ],
            [ "roof_2x2_utilities_b", 15 ],
            [ "roof_2x2_utilities_c", 5 ],
            [ "roof_2x2_utilities_d", 40 ],
            [ "roof_2x2_utilities", 50 ]
          ],
          "x": [ 4, 10 ],
          "y": [ 4, 6 ]
        },
        {
          "chunks": [ [ "null", 20 ], [ "roof_4x4_utility", 40 ], [ "roof_6x6_utility", 20 ] ],
          "x": [ 4, 15 ],
          "y": [ 8, 12 ]
        }
      ]
    }
  }
]
