[
  {
    "type": "mapgen",
    "method": "json",
    "om_terrain": "cemetery_small",
    "weight": 100,
    "object": {
      "rows": [
        "ssssssssssssssssssssssss",
        "ssssssssssssssssssssssss",
        "..........p_p_p.........",
        "dS.1......_____d...4d.S.",
        "...dSd4..._____..S...7.d",
        "..dddd...._____..d......",
        ".........&_____....ddd..",
        "...U...d.B_____..UdddU.u",
        ".b.R.R.R.B_____..Rdbdb.R",
        ".X.X.X.X.._____d.X.X.X.X",
        ".u.u.U...._____....udu..",
        ".RucuR.R.._____..R.b.R.R",
        ".X.u.X.X.._____..X.X.X.X",
        ".U........_____....U....",
        ".Rdb.R.R.._____..R.edb.R",
        ".XdX.X.X.._____..X..dX.X",
        "...U...u.._____1.....U..",
        ".R.R.R.b.._____&.b.R.R.R",
        ".X.X.X.X.._____B.X.X.X.X",
        "d..u.u.U.._____B...Udddu",
        ".R.bdR.R.._____..R.RaR.R",
        ".X.XdX.X..f___f.aX.X.X.X",
        "...d........f........d..",
        ".........d.............."
      ],
      "terrain": {
        "&": "t_grass",
        ".": "t_grass",
        "1": "t_tree_young",
        "4": "t_tree_pine",
        "7": "t_tree_hickory",
        "B": "t_grass",
        "R": "t_grass",
        "S": "t_shrub",
        "U": "t_underbrush_harvested_autumn",
        "_": "t_pavement",
        "a": "t_shrub_blueberry_harvested",
        "b": "t_dirt",
        "c": "t_dirt",
        "d": "t_dirt",
        "e": "t_grass",
        "f": "t_fence_post",
        "p": "t_pavement_y",
        "s": "t_sidewalk",
        "u": "t_underbrush_harvested_winter",
        "X": "t_grave"
      },
      "furniture": { "&": "f_trashcan", "B": "f_bench", "R": "f_grave_head", "b": "f_grave_head", "c": "f_statue", "e": "f_statue" },
      "place_items": [
        { "item": "trash", "x": [ 14, 15 ], "y": 17, "chance": 60 },
        { "item": "trash", "x": 9, "y": 6, "chance": 60 },
        { "item": "alcohol", "x": 9, "y": 7, "chance": 15 }
      ],
      "place_monsters": [
        { "monster": "GROUP_ZOMBIE", "x": 11, "y": 16, "chance": 3 },
        { "monster": "GROUP_PARK_ANIMAL", "x": [ 4, 19 ], "y": [ 13, 18 ], "repeat": 3 }
      ]
    }
  },
  {
    "method": "json",
    "object": {
      "furniture": {
        ".": "f_null",
        "4": "f_null",
        "G": "f_grave_stone_old",
        "P": "f_sign",
        "^": "f_grave_stone_old",
        "_": "f_null",
        "a": "f_grave_stone",
        "g": "f_grave_stone"
      },
      "rows": [
        "......_..........._.....",
        ".4..4..4.P____P.4..4..4.",
        "_.......................",
        ".._........_..........._",
        ".4................_...4.",
        "...^ga..^^^..^Gg..g^^...",
        "....XX...._...XX..X.....",
        ".4....._..............4.",
        "_..g^^..^g^..g^^..^^^_..",
        ".._X.....X_..X..........",
        ".4............._......4.",
        "...^gG..^^g..^^^..^^g._.",
        "....XX....X......._.X...",
        ".4......_..._.........4.",
        "...^^^..^g^..^^^..^^^...",
        ".........X...._.._......",
        ".4....................4.",
        "...^^^..^G^..^^^..^^G.._",
        "_._......X..........X...",
        ".4.........._..._.....4.",
        "...^^^_.^^^..^^g..^^^...",
        "....._.........X......_.",
        ".4..4..4._4..4..4..4..4.",
        ".._..........._........."
      ],
      "terrain": {
        ".": "t_grass",
        "4": "t_tree_willow",
        "G": "t_dirt",
        "P": "t_grass",
        "^": "t_grass",
        "_": "t_dirt",
        "a": "t_dirt",
        "g": "t_grass",
        "X": "t_grave"
      },
      "place_signs": [ { "signage": "<city> Cemetery", "x": 9, "y": 1 }, { "signage": "<city> Cemetery", "x": 14, "y": 1 } ]
    },
    "om_terrain": "cemetery_small",
    "type": "mapgen",
    "weight": 100
  },
  {
    "method": "json",
    "object": {
      "furniture": {
        "#": "f_null",
        ".": "f_null",
        "0": "f_null",
        "4": "f_null",
        "G": "f_grave_stone_old",
        "^": "f_grave_stone_old",
        "_": "f_null",
        "g": "f_grave_stone"
      },
      "place_monsters": [ { "chance": 3, "density": 1, "monster": "GROUP_ZOMBIE", "x": 13, "y": 13 } ],
      "rows": [
        "......._...._...........",
        "........................",
        "_4..4..4..4..4..4_.4..4.",
        "..................##....",
        "..._...._.........00..._",
        "..................00....",
        "..^ggg^.g^^..g^g.^g^gg..",
        "..XXXXX.XXX..XXX.XXXXX..",
        "........_...._....._0...",
        "_.^g^g^.^g^..^^^.^^^G^..",
        "..XXXXXXXXX..XXX.XXXXX..",
        "...0....................",
        "..g^^^^.^g^..^^G.^^g^^..",
        "..XXXXX.XXX..XXX.XXXXX..",
        "........................",
        "..G^gg^.^G^..^g^.^^^^G..",
        "..XXXXX.XXX..XXX.XXXXX..",
        ".._...................._",
        "..^^^^^.^^^._^^^.^^^^^..",
        "..XXXXX.XXX..XXX.XXXXX..",
        "........................",
        "..^^^^^.^^^..^^^.^^^^^..",
        "..XXXXX.XXX..XXX.XXXXX..",
        "................._......"
      ],
      "terrain": {
        "#": "t_dirtmound",
        ".": "t_grass",
        "0": "t_pit_shallow",
        "4": "t_tree_willow",
        "G": "t_dirt",
        "^": "t_grass",
        "_": "t_dirt",
        "g": "t_grass",
        "X": "t_grave"
      }
    },
    "om_terrain": "cemetery_small",
    "type": "mapgen",
    "weight": 100
  },
  {
    "method": "json",
    "object": {
      "furniture": {
        ".": "f_null",
        "4": "f_null",
        "P": "f_sign",
        "S": "f_statue",
        "^": "f_grave_stone",
        "_": "f_null",
        "b": "f_bluebell",
        "d": "f_null",
        "f": "f_dahlia",
        "g": "f_grave_stone",
        "n": "f_slab",
        "|": "f_null"
      },
      "place_items": [
        { "chance": 3, "item": "creepy", "x": 11, "y": 12 },
        { "chance": 3, "item": "creepy", "x": 12, "y": 11 },
        { "chance": 3, "item": "creepy", "x": 11, "y": 11 }
      ],
      "rows": [
        "...........__......d....",
        "........d..__...........",
        "..4.fbfbf..__..fbfbf.4..",
        "..d........__...d..d..d.",
        "..f.^...^..__..^...^.f..",
        "..b.X___Xd.__..X___X.b..",
        "d.fd._S__________S_..f..",
        "..b..___...__...___..b..",
        "..f.^._.^.____.^._d^.f..",
        "..P.X._.X______X._dX.P..",
        "......_.__||||__._......",
        "__________|nn|__________",
        "__________|nn|__________",
        "..d..._.__||||__._.....d",
        "..P..._..______.._..dP..",
        "..f.^._.^.____.g._.^.f..",
        "..b.X___X..__..X___X.b..",
        "..f.._S__________S_..f..",
        "d.b..___...__...___..b..",
        "..f.^...^..__..^...^.f..",
        "....X...X..__..X...X.d..",
        "..4.fbfbf..__..fbfbf.4..",
        "...........__.....d.....",
        "......d....__....d......"
      ],
      "terrain": {
        ".": [
          "t_grass",
          "t_grass",
          "t_grass",
          "t_grass",
          "t_grass",
          "t_grass",
          "t_grass",
          "t_grass",
          "t_grass",
          "t_grass",
          "t_grass",
          "t_grass",
          "t_dirt"
        ],
        "4": "t_tree_willow",
        "P": "t_grass",
        "S": "t_sidewalk",
        "^": "t_grass",
        "_": "t_sidewalk",
        "b": "t_underbrush",
        "d": "t_dirt",
        "f": "t_underbrush",
        "g": "t_dirt",
        "n": "t_pit_corpsed",
        "|": "t_concrete_wall",
        "X": "t_grave"
      },
      "place_signs": [
        { "signage": "<family_name> Cemetery", "x": 2, "y": 9 },
        { "signage": "Please respect the cemetery", "x": 2, "y": 14 },
        { "signage": "May <given_name> and their family rest in peace", "x": 21, "y": 14 },
        { "signage": "Please respect the cemetery", "x": 21, "y": 9 }
      ]
    },
    "om_terrain": "cemetery_small",
    "type": "mapgen",
    "weight": 100
  },
  {
    "method": "json",
    "object": {
      "furniture": {
        "#": "f_null",
        ".": "f_null",
        "G": "f_grave_stone",
        "^": "f_grave_stone",
        "_": "f_null",
        "c": "f_null",
        "f": "f_bluebell",
        "g": "f_grave_stone_old",
        "|": "f_null"
      },
      "place_monsters": [ { "chance": 3, "density": 1.5, "monster": "GROUP_ZOMBIE", "x": 12, "y": 13 } ],
      "rows": [
        "..........._............",
        "............_...........",
        "...f#f#f#f.._.f#f#f#f...",
        ".||||||||||cc||||||||||.",
        ".|.........___..._....|_",
        ".|........_._.........|.",
        ".|.^G^.^^^.._.^^^.G^^.|.",
        ".|.XXX.XXX___.XXX.XXX.|.",
        ".|......_.._._........|.",
        ".|_..###.._._....###..|.",
        ".|..........._._._....|.",
        ".|.^G^.^^^._..^^^.^^G.|.",
        ".|.XXX.XXX.._.XXX.XXX.|.",
        ".|.........__.........|.",
        ".|...###....._..###...|.",
        "_|.._......._....._...|.",
        ".|.^^^.^^^._..^^^.^g^.|_",
        ".|.XXX.XXX....XXX.XXX.|.",
        ".|........._........_.|.",
        ".|.._............_....|.",
        ".|_XXX.XXX....XXX.XXX.|.",
        ".|.^g^.g^^....^g^.^gg.|.",
        "_||||||||||||||||||||||.",
        "......._........._......"
      ],
      "terrain": {
        "#": "t_shrub",
        ".": "t_grass",
        "G": "t_dirt",
        "^": "t_grass",
        "_": "t_dirt",
        "c": "t_chaingate_o",
        "f": "t_shrub",
        "g": "t_grass",
        "|": "t_chainfence_v",
        "X": "t_grave"
      }
    },
    "om_terrain": "cemetery_small",
    "type": "mapgen",
    "weight": 100
  },
  {
    "method": "json",
    "object": {
      "furniture": {
        "#": "f_null",
        "+": "f_null",
        ".": "f_null",
        "4": "f_null",
        "7": "f_null",
        "P": "f_sign",
        "S": "f_statue",
        "^": "f_grave_stone",
        "_": "f_null",
        "a": "f_statue",
        "b": "f_bench",
        "d": "f_null",
        "g": "f_grave_stone",
        "s": "f_null",
        "|": "f_null"
      },
      "rows": [
        ".d........ssss..........",
        "..4.d4..4.ssss.4..4..4..",
        "..........ssss...d......",
        ".|||||||||P++P|||||||||.",
        ".|...d.bbb.__.bbbd....|d",
        ".|.S^.....d__..d...^S.|.",
        ".|..d......__.....d...|.",
        ".|.........__d........|.",
        ".|.^^^.^g^.__.^^^.^^^.|.",
        ".|dXXX.XXX.__.XXX.XXX.|.",
        ".|.........__..d.d....|.",
        ".|..g^^^...__...^^^^d.|.",
        ".|..XXXX...__...XXXX..|.",
        ".|...7.....__.....7...|.",
        ".|......^X.__dX^......|.",
        "d|.^g..^S^.__.^S^.d^^.|.",
        ".|.XX..X#X.__.X#X.XXX.|d",
        ".|.........__.........|.",
        ".|...^X....__....X^.d.|.",
        ".|..gS^..........gS^..|.",
        ".|d.X#X.^g....^^.X#X..|.",
        ".|......XX....XX......|.",
        "d||||||||||||||||||||||.",
        ".......d.........d......"
      ],
      "terrain": {
        "#": "t_shrub",
        "+": "t_chaingate_c",
        ".": "t_grass",
        "4": "t_tree_willow",
        "7": "t_tree_maple",
        "P": "t_chainfence_v",
        "S": "t_grass",
        "^": "t_grass",
        "_": "t_pavement",
        "a": "t_dirt",
        "b": "t_grass",
        "d": "t_dirt",
        "g": "t_dirt",
        "s": "t_sidewalk",
        "|": "t_chainfence_v",
        "X": "t_grave"
      },
      "place_signs": [
        { "signage": "<family_name> Family Cemetery", "x": 10, "y": 3 },
        { "signage": "Please respect the cemetery", "x": 13, "y": 3 }
      ]
    },
    "om_terrain": "cemetery_small",
    "type": "mapgen",
    "weight": 100
  }
]
