[
  {
    "type": "mapgen",
    "method": "json",
    "om_terrain": [ "church" ],
    "//": "New England Church",
    "weight": 1000,
    "object": {
      "fill_ter": "t_dirt",
      "rows": [
        "          ^^^^^^         ",
        "      |---|--------|     ",
        "     ||dhy|.6ooo.ll||    ",
        "     |W...+.........Dsss ",
        "   ^^|--+-|------+--|^^s ",
        "   ^||yy...rrrr...yy||^s ",
        "    wp...b.rttr.b....w s ",
        "    |......rrrr......| s ",
        "   ^w.......rr.......w^s ",
        "   ^|.######rr######.|^s ",
        "   ^w.......rr.......w^s ",
        "   ^|.######rr######.|^s ",
        "    w.......rr.......w s ",
        "    |.######rr######.| s ",
        "   ^w.......rr.......w^s ",
        "   ^|.######rr######.|^s ",
        "   ^|y......rr......y|^s ",
        "    |-w|----rr----|w-| s ",
        "     ^^|ll|<rry|ST|^^  s ",
        "      ^|....rr.+..|^   s ",
        "       |----++-|--|    s ",
        "          O ss O       s ",
        "      ^^    ss    ^^   s ",
        "      ^^    ss    ^^   s "
      ],
      "terrain": { "p": "t_floor", "W": "t_floor", "<": "t_stairs_up", "y": "t_floor", "r": "t_carpet_red" },
      "furniture": { "p": "f_piano", "W": "f_wardrobe" },
      "palettes": [ "church" ],
      "mapping": { "b": { "furniture": "f_brazier" } },
      "items": {
        "#": { "item": "church", "chance": 40 },
        ".": { "item": "church", "chance": 5 },
        "d": { "item": "office", "chance": 30 },
        "l": { "item": "jackets", "chance": 60 },
        "o": { "item": "church", "chance": 40 }
      },
      "computers": {
        "6": {
          "name": "Church Bells 1.2",
          "options": [
            { "name": "Gathering Toll", "action": "toll" },
            { "name": "Wedding Toll", "action": "toll" },
            { "name": "Funeral Toll", "action": "toll" }
          ]
        }
      }
    }
  },
  {
    "type": "mapgen",
    "method": "json",
    "om_terrain": "church_roof",
    "object": {
      "fill_ter": "t_open_air",
      "rows": [
        "                         ",
        "      |2222222222223     ",
        "     ||............33    ",
        "     |..............3    ",
        "     |..............3    ",
        "    ||..............33   ",
        "    |................3   ",
        "    |................3   ",
        "    |................3   ",
        "    |................3   ",
        "    |................3   ",
        "    |................3   ",
        "    |................3   ",
        "    |................3   ",
        "    |................3   ",
        "    |................3   ",
        "    |.....######.....3   ",
        "    |--|..#____#..3--3   ",
        "       |..#>  <#..3      ",
        "       |..#____#..3      ",
        "       |--######--3      ",
        "          O    O         ",
        "                         ",
        "                         "
      ],
      "palettes": [ "roof_palette" ],
      "terrain": {
        "O": "t_column",
        ".": "t_shingle_flat_roof",
        ">": "t_stairs_down",
        "<": "t_stairs_up",
        "#": "t_wall_w",
        "Q": "t_open_air"
      }
    }
  },
  {
    "type": "mapgen",
    "method": "json",
    "om_terrain": "church_steeple",
    "object": {
      "fill_ter": "t_floor",
      "rows": [
        "                         ",
        "                         ",
        "                         ",
        "                         ",
        "                         ",
        "                         ",
        "                         ",
        "                         ",
        "                         ",
        "                         ",
        "                         ",
        "                         ",
        "                         ",
        "                         ",
        "                         ",
        "                         ",
        "          ##oo##         ",
        "          #____#         ",
        "          o>  <o         ",
        "          #____#         ",
        "          ##oo##         ",
        "                         ",
        "                         ",
        "                         "
      ],
      "palettes": [ "roof_palette" ],
      "terrain": { "<": "t_stairs_up", ">": "t_stairs_down", "o": "t_wall_glass", "#": "t_wall_w" }
    }
  },
  {
    "type": "mapgen",
    "method": "json",
    "om_terrain": "church_steeple_end",
    "object": {
      "fill_ter": "t_floor",
      "rows": [
        "                         ",
        "                         ",
        "                         ",
        "                         ",
        "                         ",
        "                         ",
        "                         ",
        "                         ",
        "                         ",
        "                         ",
        "                         ",
        "                         ",
        "                         ",
        "                         ",
        "                         ",
        "                         ",
        "          ##oo##         ",
        "          #____#         ",
        "          o_  >o         ",
        "          #____#         ",
        "          ##oo##         ",
        "                         ",
        "                         ",
        "                         "
      ],
      "palettes": [ "roof_palette" ],
      "terrain": { ">": "t_stairs_down", "#": "t_wall_w", "o": "t_wall_glass" }
    }
  },
  {
    "type": "mapgen",
    "method": "json",
    "om_terrain": "church_steeple_roof",
    "object": {
      "fill_ter": "t_floor",
      "rows": [
        "                         ",
        "                         ",
        "                         ",
        "                         ",
        "                         ",
        "                         ",
        "                         ",
        "                         ",
        "                         ",
        "                         ",
        "                         ",
        "                         ",
        "                         ",
        "                         ",
        "                         ",
        "                         ",
        "          ......         ",
        "          ......         ",
        "          ......         ",
        "          ......         ",
        "          ......         ",
        "                         ",
        "                         ",
        "                         "
      ],
      "palettes": [ "roof_palette" ],
      "terrain": { ".": "t_shingle_flat_roof" }
    }
  },
  {
    "type": "mapgen",
    "method": "json",
    "om_terrain": [ "church_1" ],
    "//": "Gothic Church",
    "weight": 1000,
    "object": {
      "fill_ter": "t_dirt",
      "rows": [
        " $$    W        W    $$ ",
        " $$  WWWWGVBBVGWWWW  $$ ",
        "     W..h.cccc.h..W     ",
        " WWVWWR..........RWWBWW ",
        "WW#.#.R.b..cc..b.R.#.#WW",
        " G#.#.R..........R.#.#V ",
        " V#.#.Rrrrr..rrrrR.#.#B ",
        "WW#..................#WW",
        " WW+WW#####..#####WW+WW ",
        "ssss V............B ssss",
        "s   WW#####..#####WW   s",
        "s $ WW............WW $ s",
        "s $  G#####..#####V  $ s",
        "s $  B............G  $ s",
        "s $ WW#####..#####WW $ s",
        "s $ WW............WW $ s",
        "s    V####....####B    s",
        "s WWWW-----gg-----WWWW s",
        "s WSyWlll,y,,y,lllW,<W s",
        "s W,,+,,,,,,,,,,,,+,,W s",
        "s W,,WWWWWW++WWWWWW,tW s",
        "s WT,WW$$WWssWW$$WW6tW s",
        "s WWWWW    ss    WWWWW s",
        "ssssssssssssssssssssssss"
      ],
      "palettes": [ "church" ],
      "mapping": { "b": { "furniture": "f_brazier" } },
      "terrain": {
        "#": "t_rock_floor",
        "$": "t_shrub",
        ".": "t_rock_floor",
        "B": "t_window_stained_blue",
        "C": "t_rock_floor",
        "G": "t_window_stained_green",
        "R": "t_railing_v",
        "S": "t_floor",
        "T": "t_floor",
        "V": "t_window_stained_red",
        "-": "t_wall_wood",
        "W": "t_rock_wall",
        "b": "t_rock_floor",
        "c": "t_rock_floor",
        "g": "t_door_glass_c",
        "h": "t_rock_floor",
        "l": "t_floor",
        "r": "t_railing_h",
        "<": "t_stairs_up",
        ",": "t_floor",
        "t": "t_floor",
        "y": "t_floor"
      },
      "items": {
        "#": { "item": "church", "chance": 40 },
        ".": { "item": "church", "chance": 5 },
        "L": { "item": "cleaning", "chance": 30 },
        "c": { "item": "church", "chance": 40 },
        "l": { "item": "jackets", "chance": 60 }
      },
      "computers": {
        "6": {
          "name": "Church Bells 1.2",
          "options": [
            { "name": "Gathering Toll", "action": "toll" },
            { "name": "Wedding Toll", "action": "toll" },
            { "name": "Funeral Toll", "action": "toll" }
          ]
        }
      }
    }
  },
  {
    "type": "mapgen",
    "method": "json",
    "om_terrain": "church_2ndfloor_1",
    "object": {
      "fill_ter": "t_floor",
      "rows": [
        "       x        x       ",
        "     xxxxxxxxxxxxxx     ",
        "     x____________x     ",
        " xxxxx____________xxxxx ",
        "xx_______U____________xx",
        " x____________________x ",
        " x____________________x ",
        "xx____________________xx",
        " xxxxx____________xxxxx ",
        "     x____________x     ",
        "    xx____________xx    ",
        "    xx____________xx    ",
        "     x____________x     ",
        "     x___ww++ww___x     ",
        "    xx___Gy..yG___xx    ",
        "    xx___Bb..bB___xx    ",
        "     x___wb..bw___x     ",
        "  wwwwwDwww++wwwDwwwww  ",
        "  wHHHHywy....ywyff<>w  ",
        "  w...c.+......+.....w  ",
        "  B.h...wywBBwywf..h.B  ",
        "  wdddwwwww  wwwwwdddw  ",
        "  wGGGw          wGGGw  ",
        "                        "
      ],
      "palettes": [ "roof_palette" ],
      "terrain": {
        ".": "t_floor",
        "x": "t_rock_wall_half",
        "w": "t_rock_wall",
        "+": "t_door_locked",
        "D": "t_window_domestic",
        "B": "t_window_stained_blue",
        "_": "t_rock_floor_no_roof",
        "U": "t_rock_floor_no_roof",
        ">": "t_stairs_down",
        "<": "t_stairs_up",
        "G": "t_window_stained_green"
      },
      "furniture": { "d": "f_desk", "H": "f_bookcase", "c": "f_armchair", "b": "f_bench", "h": "f_chair", "f": "f_filing_cabinet" },
      "items": {
        "d": { "item": "cubical_office", "chance": 20 },
        "H": { "item": "religious_books", "chance": 50 },
        "f": { "item": "office_paper", "chance": 70, "repeat": [ 2, 4 ] }
      },
      "nested": {
        "U": {
          "chunks": [
            [ "roof_6x6_greenhouse_1", 25 ],
            [ "roof_6x6_greenhouse_2", 25 ],
            [ "roof_6x6_garden_1", 25 ],
            [ "roof_6x6_garden_2", 25 ]
          ]
        }
      }
    }
  },
  {
    "type": "mapgen",
    "method": "json",
    "om_terrain": "church_3rdfloor_1",
    "object": {
      "fill_ter": "t_floor",
      "rows": [
        "                        ",
        "                        ",
        "                        ",
        "                        ",
        "                        ",
        "                        ",
        "                        ",
        "                        ",
        "                        ",
        "                        ",
        "                        ",
        "                        ",
        "                        ",
        "         xxxxxx         ",
        "         x____x         ",
        "         x____x         ",
        "         x____x         ",
        "  wwwDwwwwwDDwwwwwDwww  ",
        "  wK.ytmw.mttm.w.y.>.w  ",
        "  w.....+......+....cw  ",
        "  Bj..HHwtsssstwth..SB  ",
        "  wjt.wwwwwGGwwwwwFecw  ",
        "  wBGBw          wBGBw  ",
        "                        "
      ],
      "palettes": [ "roof_palette" ],
      "terrain": {
        ".": "t_floor",
        "x": "t_rock_wall_half",
        "w": "t_rock_wall",
        "+": "t_door_locked",
        "D": "t_window_domestic",
        "B": "t_window_stained_blue",
        "_": "t_flat_roof",
        ">": "t_stairs_down",
        "G": "t_window_stained_green"
      },
      "furniture": {
        "d": "f_desk",
        "H": "f_bookcase",
        "K": "f_wardrobe",
        "m": "f_armchair",
        "j": "f_bed",
        "h": "f_chair",
        "f": "f_filing_cabinet"
      },
      "items": {
        "d": { "item": "cubical_office", "chance": 5 },
        "H": { "item": "novels", "chance": 30, "repeat": [ 2, 4 ] },
        "K": { "item": "allclothes", "chance": 40, "repeat": [ 2, 4 ] },
        "e": { "item": "oven", "chance": 40, "repeat": [ 2, 4 ] },
        "j": { "item": "bed", "chance": 70, "repeat": [ 2, 4 ] },
        "f": { "item": "office_paper", "chance": 70, "repeat": [ 2, 4 ] },
        "F": { "item": "fridgesnacks", "chance": 60, "repeat": [ 2, 4 ] }
      }
    }
  },
  {
    "type": "mapgen",
    "method": "json",
    "om_terrain": "church_roof_1",
    "object": {
      "fill_ter": "t_rock_floor_no_roof",
      "rows": [
        "                        ",
        "                        ",
        "                        ",
        "                        ",
        "                        ",
        "                        ",
        "                        ",
        "                        ",
        "                        ",
        "                        ",
        "                        ",
        "                        ",
        "                        ",
        "                        ",
        "                        ",
        "                        ",
        "                        ",
        "  xxxxxxxxxxxxxxxxxxxx  ",
        "  x..................x  ",
        "  x..X............A..x  ",
        "  x.........:........x  ",
        "  x...xxxxxxxxxxxx...x  ",
        "  xxxxx          xxxxx  ",
        "                        "
      ],
      "palettes": [ "roof_palette" ],
      "terrain": { "x": "t_rock_wall_half", ".": "t_rock_floor_no_roof" }
    }
  }
]
