[
  {
    "type": "item_group",
    "id": "custom_trash",
    "items": [
      [ "mag_porn", 10 ],
      { "group": "ammo_pocket_batteries", "prob": 10 },
      [ "television", 20 ],
      [ "two_way_radio", 10 ],
      [ "eyedrops", 10 ],
      [ "rag", 20 ],
      [ "rag_bloody", 20 ],
      [ "microwave", 20 ]
    ]
  },
  {
    "type": "mapgen",
    "om_terrain": [ "cs_city_dump_small" ],
    "method": "json",
    "weight": 1000,
    "object": {
      "rows": [
        "..,..,....oooo,,..,.,..,",
        ".,..,..,,,oooo,XX,XX,,..",
        "..--------++++--------,.",
        ".,|R^^,,,coooo,,,,RR,|..",
        ",.|RRR,^,,oooo^X.,,RR|,.",
        ".,|R,vm,^,oooo,,f^,R,|.,",
        "..|,,mm,v,oooo^,rr,,,|,.",
        ".,|^,mO,F,oooo,,,rr^,|,.",
        "..|^,r,h,,oooo1,m^m,,|..",
        "..|,1rr,SSyyyy,mmmm,,|.,",
        ".,|,rr,m,O====W,mFm,,|,.",
        "..|,2E,^mm1m,w,,r.,,^|,.",
        ".,|^,c,rDmm,.,hrr^cv1|.,",
        "..|,T,,Err,A,vrrrRf,m|,.",
        ",.|,,m,mFrrr,r,T,rR,m|..",
        ".,|vvmmm,DOrrW,^DRBRm|,.",
        ".,|,^wmfmrrrw33CrrB1.|..",
        "..|R,BB^mm,rs,vmr^TR.|,.",
        ".,|R..,Wmm,mOmmrr,RR,|,.",
        "..|,m^mmmm^,,21mR3RRR|.,",
        ".,|mmm,2.,,^,,m,R3R,R|..",
        "..--------------------,.",
        ".,...,....,...,...,,,...",
        ".,..,........,.........,"
      ],
      "terrain": {
        ".": "t_grass",
        "-": "t_fence_barbed",
        "|": "t_fence_barbed",
        "+": "t_chaingate_l",
        "s": "t_shrub",
        "^": "t_dirtmound",
        "w": "t_dirt",
        ",": "t_dirt",
        "t": "t_dirt",
        "F": "t_dirt",
        "O": "t_dirt",
        "m": "t_dirt",
        "r": "t_dirt",
        "c": "t_dirt",
        "C": "t_dirt",
        "R": "t_dirt",
        "h": "t_dirt",
        "A": "t_dirt",
        "T": "t_dirt",
        "S": "t_dirt",
        "E": "t_dirt",
        "W": "t_dirt",
        "D": "t_dirt",
        "X": "t_dirt",
        "z": "t_dirt",
        "1": "t_dirt",
        "2": "t_dirt",
        "3": "t_dirt",
        "B": "t_dirt",
        "v": "t_pit_glass",
        "f": "t_dirtmound",
        "o": "t_pavement",
        "y": "t_pavement_y",
        "=": "t_dirt"
      },
      "furniture": {
        "C": "f_crate_o",
        "A": "f_sink",
        "c": "f_trashcan",
        "h": "f_hay",
        "F": "f_fridge",
        "f": "f_glass_fridge",
        "O": "f_oven",
        "m": "f_wreckage",
        "w": "f_ash",
        "R": "f_rubble_rock",
        "r": "f_rubble",
        "T": "f_toilet",
        "S": "f_sofa",
        "E": "f_exercise",
        "W": "f_washer",
        "D": "f_dryer",
        "X": "f_dumpster",
        "B": "f_bathtub",
        "=": "f_barricade_road",
        "z": "f_bulletin"
      },
      "place_vehicles": [
        { "vehicle": "pickup", "x": 11, "y": 5, "rotation": 270, "chance": 30 },
        { "vehicle": "bicycle", "x": 5, "y": 3, "rotation": 0, "chance": 40 }
      ],
      "items": {
        "1": { "item": "custom_trash", "chance": 70 },
        "2": { "item": "trash", "chance": 80 },
        "3": { "item": "trash_forest", "chance": 80 }
      },
      "place_signs": [ { "signage": "Municipal City Dump", "x": 8, "y": 1 } ]
    }
  }
]
