[
  {
    "type": "mapgen",
    "method": "json",
    "om_terrain": [ "cs_sex_shop" ],
    "weight": 1000,
    "object": {
      "fill_ter": "t_floor",
      "rows": [
        "..y''''yoooy''''y''''y..",
        "..y''''yoooy''''y''''y..",
        "..y''''yoooy''''y''''y..",
        "..y''''yoooy''''y''''y..",
        "..y''''yoooy''''y''''y..",
        "..-------X------------..",
        "..|bbbbb,,,,,,,,,,,,,|..",
        "..|,,,,c,,cccccccccc,|..",
        "..|,,,,c,,,,,,,,,,,,,|..",
        "..|,cccc,,cccccccccc,|..",
        "..|,,,,,,,,,,,,,,,,,,|..",
        "..|b,____,cccccccccc,|..",
        "..|b,_tt_,,,,,,,,,,,,|..",
        "..|b,_tt_,cccccccccc,|..",
        "..|b,_tt_,,,,,,,,,,,,|..",
        "..|b,____,,,,,,,,,bbb|..",
        "..|b,,,,,,,,,,,,,,,,,|..",
        "..|bcccccccc,,,,,,bbb|..",
        "..|-------------x----|..",
        "..|B,B,,BBB,|,,,,,D,T|..",
        "..|BB,,,,,,,x,|------|..",
        "..|BBB,,CCC,|,x,,,,BB|..",
        "..-----------X|hLLB,B|..",
        "....4ooooooooo--------.."
      ],
      "terrain": {
        ".": [ [ "t_grass", 5 ], [ "t_grass_long", 2 ], "t_dirt" ],
        ",": "t_floor",
        "_": "t_carpet_green",
        "t": "t_carpet_green",
        "|": "t_wall_r",
        "-": "t_wall_r",
        "X": "t_door_metal_pickable",
        "x": "t_door_locked_interior",
        "y": "t_pavement_y",
        "'": "t_pavement",
        "o": "t_sidewalk",
        "4": "t_gutter_downspout",
        "D": "t_door_c_peep"
      },
      "furniture": {
        "C": "f_rack",
        "c": "f_displaycase",
        "b": "f_bookcase",
        "t": "f_table",
        "B": "f_cardboard_box",
        "T": "f_toilet",
        "s": "f_sofa",
        "L": "f_locker",
        "h": "f_armchair"
      },
      "toilets": { "T": {  } },
      "items": {
        "B": [
          { "item": "ss_merch_2", "chance": 20 },
          { "item": "ss_merch_1", "chance": 20 },
          { "item": "ss_merch_3", "chance": 20 }
        ],
        "s": { "item": "backroom", "chance": 20 },
        "c": { "item": "ss_merch_1", "chance": 20 },
        "b": { "item": "ss_merch_2", "chance": 30 },
        "t": { "item": "ss_merch_3", "chance": 10 },
        "L": { "item": "cleaning", "chance": 30 }
      },
      "add": [
        { "item": "roadmap", "x": 3, "y": 6, "chance": 5 },
        { "item": "roadmap", "x": 5, "y": 6, "chance": 5 },
        { "item": "touristmap", "x": 4, "y": 6, "chance": 5 },
        { "item": "touristmap", "x": 6, "y": 6, "chance": 5 },
        { "item": "syringe", "x": 20, "y": 19, "chance": 2 },
        { "item": "mop", "x": [ 4, 5 ], "y": [ 7, 8 ], "chance": 2 },
        { "item": "extinguisher", "x": 3, "y": 7, "chance": 3 },
        { "item": "television", "x": 6, "y": 13, "chance": 5 },
        { "item": "television", "x": 7, "y": 13, "chance": 5 }
      ],
      "place_vehicles": [
        { "vehicle": "motorcycle", "x": 4, "y": 2, "rotation": 270, "chance": 25 },
        { "vehicle": "motorcycle", "x": 5, "y": 2, "rotation": 90, "chance": 25 },
        { "vehicle": "policecar", "x": 12, "y": 2, "rotation": 180, "chance": 20 },
        { "vehicle": "car", "x": 19, "y": 2, "rotation": 0, "chance": 10 }
      ],
      "place_monsters": [ { "monster": "GROUP_ZOMBIE_SEXSHOP_A", "x": 12, "y": 14 } ]
    }
  },
  {
    "type": "mapgen",
    "method": "json",
    "om_terrain": "cs_sex_shop_roof",
    "object": {
      "fill_ter": "t_flat_roof",
      "rows": [
        "                        ",
        "                        ",
        "                        ",
        "                        ",
        "                        ",
        "  |2222222222222222223  ",
        "  |..................3  ",
        "  |...............X..3  ",
        "  |..................3  ",
        "  |..................3  ",
        "  |..................3  ",
        "  |..................3  ",
        "  |..................3  ",
        "  |..................3  ",
        "  |..................3  ",
        "  |..................3  ",
        "  |..................3  ",
        "  |..................3  ",
        "  |..................3  ",
        "  |................=.3  ",
        "  |..................3  ",
        "  |..............AA..3  ",
        "  --5---------|......3  ",
        "              -------3  "
      ],
      "palettes": [ "roof_palette" ],
      "place_items": [ { "item": "roof_trash", "x": [ 4, 16 ], "y": [ 7, 20 ], "chance": 50, "repeat": [ 1, 3 ] } ],
      "place_nested": [
        {
          "chunks": [
            [ "null", 20 ],
            [ "roof_2x2_utilities_b", 15 ],
            [ "roof_2x2_utilities_c", 5 ],
            [ "roof_2x2_utilities_d", 40 ],
            [ "roof_4x4_utility", 40 ],
            [ "roof_6x6_utility", 20 ]
          ],
          "x": [ 4, 13 ],
          "y": [ 9, 12 ]
        }
      ]
    }
  }
]
