[
  {
    "type": "mapgen",
    "om_terrain": [ "cs_tire_shop" ],
    "method": "json",
    "weight": 1000,
    "object": {
      "fill_ter": "t_floor",
      "rows": [
        ",..~~y''''y~~''''''~~.,,",
        ".,.~~y''''y~~''''''~~..,",
        "..,~~y''''y~~''''''~~,..",
        ",..~~y''''y~~''''''~~.,.",
        "...~~y''''y~~''''''~~...",
        ",..~~y''''y~e''''''~~.,.",
        "...~-ggggggg-======-g-.,",
        "..,~| rrrrr eM#MM#M  |..",
        "...~|        M#MM#M t|.,",
        ".,.~| rrrrr  M#MM#M t|..",
        "...~|        M#MM#M t|,.",
        ".,.~| rrrrr  M#MM#M t|..",
        "...~|        M#MM#M t|,.",
        "..,~| rrrrr  M#MM#M t|.,",
        "...~|        M#MM#M t|..",
        ",..~| rrrrr  MMMMMM  |.,",
        "...~D                |,.",
        ".,..| cc--l---- --  Sg..",
        "...,| ch|L C|Vv c|  Sg,.",
        ".,..|   |L C|   c|-D-|..",
        "..,.|rrr|L C|hhhh|T S|4,",
        "...,-ggg-----gggg-----..",
        ".,..,..,.u<ux.,....,...,",
        "...,,..........,.....,.."
      ],
      "terrain": {
        ".": [ [ "t_grass", 5 ], [ "t_grass_long", 2 ] ],
        ",": "t_dirt",
        "'": "t_pavement",
        "~": "t_sidewalk",
        " ": "t_floor",
        "#": "t_grate",
        "=": "t_door_metal_locked",
        "|": "t_wall_b",
        "-": "t_wall_b",
        "e": "t_gates_mech_control",
        "g": "t_window",
        "l": "t_door_locked",
        "y": "t_pavement_y",
        "D": "t_door_c",
        "M": "t_metal_floor",
        "4": "t_gutter_downspout",
        "<": "t_ladder_up"
      },
      "furniture": {
        "c": "f_counter",
        "L": "f_locker",
        "C": "f_crate_c",
        "h": "f_chair",
        "T": "f_toilet",
        "S": "f_sink",
        "r": "f_rack",
        "v": "f_vending_c",
        "V": "f_vending_c",
        "t": "f_table",
        "u": "f_dumpster",
        "x": "f_recycle_bin"
      },
      "place_vehicles": [ { "vehicle": "oa_vg_ts_vehicles", "x": 15, "y": 10, "rotation": 270, "chance": 50, "fuel": 10 } ],
      "items": {
        "h": { "item": "oa_discarded_news", "chance": 15 },
        "t": { "item": "oa_ig_ts_tables", "chance": 15 },
        "r": { "item": "oa_ig_ts_tires", "chance": 40 },
        "L": { "item": "oa_ig_ts_lockers", "chance": 50 },
        "C": { "item": "oa_ig_ts_crates", "chance": 50 }
      },
      "place_items": [
        { "item": "vending_food_items", "chance": 60, "repeat": [ 3, 6 ], "x": 13, "y": 18 },
        { "item": "vending_drink_items", "chance": 60, "repeat": [ 3, 6 ], "x": 14, "y": 18 }
      ],
      "add": [ { "item": "microwave", "x": 16, "y": 18, "chance": 2 }, { "item": "coffeemaker", "x": 16, "y": 19, "chance": 2 } ],
      "toilets": { "T": {  } },
      "place_signs": [ { "signage": "Discount Tires", "x": 22, "y": 1 } ]
    }
  },
  {
    "type": "mapgen",
    "method": "json",
    "om_terrain": "cs_tire_shop_roof",
    "object": {
      "fill_ter": "t_flat_roof",
      "rows": [
        "                        ",
        "                        ",
        "                        ",
        "                        ",
        "                        ",
        "                        ",
        "    |22222222222222223  ",
        "    |................3  ",
        "    |................3  ",
        "    |................3  ",
        "    |................3  ",
        "    |................3  ",
        "    |................3  ",
        "    |................3  ",
        "    |................3  ",
        "    |................3  ",
        "    |................3  ",
        "    |................3  ",
        "    |................3  ",
        "    |................3  ",
        "    |................5  ",
        "    -----####---------  ",
        "         #>##           ",
        "                        "
      ],
      "palettes": [ "roof_palette" ],
      "terrain": { ">": "t_ladder_down" },
      "place_items": [ { "item": "roof_trash", "x": [ 7, 15 ], "y": [ 7, 18 ], "chance": 20, "repeat": [ 1, 3 ] } ],
      "place_nested": [
        {
          "chunks": [
            [ "null", 40 ],
            [ "roof_2x2_utilities_b", 15 ],
            [ "roof_2x2_utilities_c", 5 ],
            [ "roof_2x2_utilities_d", 10 ],
            [ "roof_2x2_utilities", 10 ],
            [ "roof_2x2_golf", 5 ]
          ],
          "x": [ 7, 16 ],
          "y": 17
        },
        {
          "chunks": [
            [ "null", 50 ],
            [ "roof_4x4_party", 5 ],
            [ "roof_4x4_holdout", 5 ],
            [ "roof_4x4_utility", 10 ],
            [ "roof_4x4_utility_1", 10 ],
            [ "roof_6x6_survivor", 10 ],
            [ "roof_6x6_utility", 10 ]
          ],
          "x": [ 6, 15 ],
          "y": [ 9, 12 ]
        }
      ]
    }
  }
]
