[
  {
    "method": "json",
    "om_terrain": "dollarstore",
    "type": "mapgen",
    "weight": 100,
    "object": {
      "fill_ter": "t_floor",
      "rows": [
        "..d....d.ss.........d...",
        ".........ss..dd.........",
        "ssssssssssssssssssssssss",
        "ssssssssssssssssssssssss",
        "....pppp.ss.pppppppp....",
        "...||-P-|++|-P-|---|||..",
        ".d.|&_______________&|..",
        "...|_________________|..",
        "..d|__#___#___#___#__|d.",
        "...|_lX__lX__lX__lX__|..",
        "d..|_##__##__##__##__|..",
        "...|_________________|.d",
        "...|_________________|..",
        "...|{__{{__{{__{{{__{|..",
        ".d.|{__{{__{{_______{|..",
        "...|{__{{__{{_______{|..",
        "...|{__{{__{{__{{{__{|.d",
        "...|{__{{__{{__{{{__{|..",
        "..d|{_______________{|..",
        "...|{__________|+|+--|..",
        "d..|_{{{{_{{{{{|_|_lI|..",
        "...||||||+||||||T|S_I|..",
        ".....dsssssU<U4|||||||..",
        ".d.......d.sUUs........d"
      ],
      "terrain": {
        "+": "t_reinforced_door_glass_c",
        "-": "t_wall_glass",
        ".": [ [ "t_grass", 5 ], [ "t_grass_long", 2 ], "t_dirt" ],
        "P": "t_wall_glass",
        "_": "t_floor",
        "d": "t_dirt",
        "p": "t_grass",
        "|": "t_wall_wood",
        "X": "t_console_broken",
        "s": "t_sidewalk",
        "U": "t_sidewalk",
        "4": "t_gutter_downspout",
        "<": "t_ladder_up"
      },
      "furniture": {
        "#": "f_counter",
        "&": "f_trashcan",
        "l": "f_stool",
        "P": "f_sign",
        "{": "f_rack",
        "I": "f_desk",
        "S": "f_filing_cabinet",
        "U": "f_dumpster",
        "p": [ "f_datura", "f_bluebell", "f_mutpoppy", "f_dahlia", "f_flower_tulip", "f_chamomile", "f_flower_spurge", "f_lily" ]
      },
      "toilets": { "T": {  } },
      "items": {
        "I": { "item": "office", "chance": 30 },
        "S": { "item": "office_paper", "chance": 30 },
        "U": { "item": "trash", "chance": 20, "repeat": [ 2, 4 ] }
      },
      "place_items": [
        { "chance": 10, "repeat": [ 1, 3 ], "item": "trash", "x": 20, "y": 6 },
        { "chance": 10, "repeat": [ 1, 4 ], "item": "trash", "x": 4, "y": 6 },
        { "chance": 35, "repeat": [ 1, 4 ], "item": "dollar_clothes", "x": [ 15, 17 ], "y": 13 },
        { "chance": 35, "repeat": [ 4, 8 ], "item": "dollar_clothes", "x": [ 15, 17 ], "y": [ 16, 17 ] },
        { "chance": 35, "repeat": [ 4, 8 ], "item": "dollar_food", "x": 20, "y": [ 13, 18 ] },
        { "chance": 35, "repeat": [ 1, 2 ], "item": "dollar_books", "x": 5, "y": 10 },
        { "chance": 35, "repeat": [ 1, 2 ], "item": "dollar_books", "x": 9, "y": 10 },
        { "chance": 35, "repeat": [ 1, 2 ], "item": "dollar_books", "x": 13, "y": 10 },
        { "chance": 35, "repeat": [ 1, 2 ], "item": "dollar_books", "x": 17, "y": 10 },
        { "chance": 35, "repeat": [ 3, 6 ], "item": "dollar_books", "x": [ 10, 14 ], "y": 20 },
        { "chance": 35, "repeat": [ 3, 6 ], "item": "dollar_tools", "x": 4, "y": [ 13, 19 ] },
        { "chance": 35, "repeat": [ 2, 5 ], "item": "dollar_tools", "x": [ 5, 8 ], "y": 20 },
        { "chance": 35, "repeat": [ 5, 13 ], "item": "dollar_kitchen", "x": [ 11, 12 ], "y": [ 13, 17 ] }
      ],
      "place_vehicles": [
        { "chance": 75, "fuel": 0, "rotation": 90, "status": 1, "vehicle": "shopping_cart", "x": [ 9, 10 ], "y": [ 11, 19 ] }
      ],
      "place_signs": [ { "signage": "Dollar Store", "x": 6, "y": 5 }, { "signage": "OPEN 24/7!", "x": 13, "y": 5 } ]
    }
  },
  {
    "type": "mapgen",
    "method": "json",
    "om_terrain": "dollarstore_roof",
    "object": {
      "fill_ter": "t_flat_roof",
      "rows": [
        "                        ",
        "                        ",
        "                        ",
        "                        ",
        "                        ",
        "   |222222222222222223  ",
        "   |.................3  ",
        "   |.................3  ",
        "   |.................3  ",
        "   |.................3  ",
        "   |.................3  ",
        "   |.................3  ",
        "   |.................3  ",
        "   |.................3  ",
        "   |.................3  ",
        "   |.................3  ",
        "   |.................3  ",
        "   |.................3  ",
        "   |.................3  ",
        "   |.................3  ",
        "   |.................3  ",
        "   |------####5-...&.3  ",
        "          ##># ------3  ",
        "                        "
      ],
      "palettes": [ "roof_palette" ],
      "terrain": { ">": "t_ladder_down" },
      "place_nested": [
        {
          "chunks": [
            [ "null", 20 ],
            [ "roof_2x2_utilities_b", 15 ],
            [ "roof_2x2_utilities_c", 5 ],
            [ "roof_2x2_utilities_d", 40 ],
            [ "roof_2x2_utilities", 50 ],
            [ "roof_2x2_golf", 10 ],
            [ "roof_3x3_wine", 10 ]
          ],
          "x": [ 5, 17 ],
          "y": 17
        },
        {
          "chunks": [
            [ "null", 20 ],
            [ "roof_4x4_party", 15 ],
            [ "roof_4x4_holdout", 5 ],
            [ "roof_4x4_utility", 40 ],
            [ "roof_4x4_utility_1", 30 ],
            [ "roof_6x6_survivor", 20 ]
          ],
          "x": [ 5, 14 ],
          "y": [ 7, 11 ]
        }
      ]
    }
  },
  {
    "method": "json",
    "om_terrain": "dollarstore_1",
    "type": "mapgen",
    "weight": 100,
    "object": {
      "fill_ter": "t_floor",
      "rows": [
        "sssssssssssssssssssssss_",
        "ssssssssssssssssssssssss",
        "__ppppppppss||------||__",
        "__p_9_9__pss+.......y|__",
        "__ppppppppss+........|d_",
        "d_||---|---||........|__",
        "__|..................|__",
        "__|{.........#..#..#.|__",
        "__|{..{{..{..#..#..#.|__",
        "__|{..{{..{..Xl.Xl.Xl|__",
        "__|{..{{..{..##.##.##|__",
        "__|{..{{.............|__",
        "__|{..{{.............|__",
        "_d|{......{{{{{{{{..{|_d",
        "__|{..{{..{{{{{{{{..{|__",
        "__|{..{{............{|__",
        "__|{..{{............{|__",
        "__|{..{{..{{{{{{{{..{|__",
        "__|{..{{..{{{{{{{{..{|__",
        "d_|{................{|d_",
        "__|..||+|||--+--|....|__",
        "__||||T.%|L....I||+|||__",
        "__d_4|||||S...hI|ssU<U__",
        "______d__||||||||sssss__"
      ],
      "terrain": {
        "+": "t_reinforced_door_glass_c",
        "-": "t_wall_glass_alarm",
        ".": "t_floor",
        "_": [ [ "t_grass", 5 ], [ "t_grass_long", 2 ], "t_dirt" ],
        "p": [ [ "t_grass", 5 ], [ "t_grass_long", 2 ], "t_dirt" ],
        "d": "t_dirt",
        "s": "t_sidewalk",
        "|": "t_adobe_brick_wall",
        "X": "t_console_broken",
        "U": "t_sidewalk",
        "4": "t_gutter_downspout",
        "<": "t_ladder_up",
        "9": [
          "t_tree_blackjack",
          "t_tree_walnut",
          "t_tree_chestnut",
          "t_tree_beech",
          "t_tree_hazelnut",
          "t_tree_cottonwood",
          "t_tree",
          "t_tree_elm",
          "t_tree_dead",
          "t_tree_apple",
          "t_tree_pear",
          "t_tree_cherry",
          "t_tree_peach",
          "t_tree_apricot",
          "t_tree_plum",
          "t_tree_mulberry",
          "t_tree_elderberry",
          "t_tree_pine",
          "t_tree_birch",
          "t_tree_willow",
          "t_tree_maple",
          "t_tree_hickory",
          "t_tree_almond",
          "t_tree_pecan"
        ]
      },
      "furniture": {
        "#": "f_counter",
        "l": "f_stool",
        "{": "f_rack",
        "I": "f_desk",
        "S": "f_filing_cabinet",
        "%": "f_sink",
        "U": "f_dumpster",
        "L": "f_locker",
        "h": "f_chair",
        "p": [ "f_datura", "f_bluebell", "f_mutpoppy", "f_dahlia", "f_flower_tulip", "f_chamomile", "f_flower_spurge", "f_lily" ]
      },
      "toilets": { "T": {  } },
      "items": {
        "I": { "item": "office", "chance": 30 },
        "S": { "item": "office_paper", "chance": 30 },
        "U": { "item": "trash", "chance": 20, "repeat": [ 2, 4 ] },
        "L": { "item": "cleaning", "chance": 20, "repeat": [ 2, 4 ] }
      },
      "place_items": [
        { "chance": 10, "repeat": [ 1, 4 ], "item": "dollar_books", "x": 10, "y": [ 8, 10 ] },
        { "chance": 10, "repeat": [ 1, 8 ], "item": "dollar_books", "x": 20, "y": [ 13, 19 ] },
        { "chance": 35, "repeat": [ 8, 18 ], "item": "dollar_clothes", "x": [ 10, 17 ], "y": [ 13, 14 ] },
        { "chance": 35, "repeat": [ 6, 15 ], "item": "dollar_tools", "x": 3, "y": [ 7, 19 ] },
        { "chance": 35, "repeat": [ 4, 11 ], "item": "dollar_kitchen", "x": [ 6, 7 ], "y": [ 8, 12 ] },
        { "chance": 35, "repeat": [ 3, 10 ], "item": "dollar_kitchen", "x": [ 6, 7 ], "y": [ 14, 18 ] },
        { "chance": 35, "repeat": [ 1, 10 ], "item": "dollar_food", "x": [ 10, 17 ], "y": [ 17, 18 ] }
      ],
      "place_vehicles": [
        { "chance": 75, "fuel": 0, "rotation": 0, "status": -1, "vehicle": "shopping_cart", "x": [ 15, 16 ], "y": [ 3, 5 ] },
        {
          "chance": 75,
          "fuel": 0,
          "rotation": 180,
          "status": 0,
          "vehicle": "shopping_cart",
          "x": [ 17, 19 ],
          "y": [ 3, 5 ]
        }
      ]
    }
  },
  {
    "type": "mapgen",
    "method": "json",
    "om_terrain": "dollarstore_roof_1",
    "object": {
      "fill_ter": "t_flat_roof",
      "rows": [
        "                        ",
        "                        ",
        "            |222222223  ",
        "            |........3  ",
        "            |.:...&..3  ",
        "  |222222222|........3  ",
        "  |..................3  ",
        "  |..................3  ",
        "  |..................3  ",
        "  |..................3  ",
        "  |..................3  ",
        "  |..................3  ",
        "  |..................3  ",
        "  |..................3  ",
        "  |..........x.......3  ",
        "  |..................3  ",
        "  |..................3  ",
        "  |..................3  ",
        "  |..................3  ",
        "  |..................3  ",
        "  |..................3  ",
        "  |--5..........3#####  ",
        "     ----|..=...3###>#  ",
        "         |------3       "
      ],
      "palettes": [ "roof_palette" ],
      "terrain": { ">": "t_ladder_down" },
      "place_nested": [
        {
          "chunks": [
            [ "null", 20 ],
            [ "roof_2x2_utilities_b", 15 ],
            [ "roof_2x2_utilities_c", 5 ],
            [ "roof_2x2_utilities_d", 40 ],
            [ "roof_2x2_utilities", 50 ],
            [ "roof_2x2_golf", 10 ],
            [ "roof_3x3_wine", 10 ]
          ],
          "x": [ 5, 16 ],
          "y": [ 7, 10 ]
        },
        {
          "chunks": [
            [ "null", 20 ],
            [ "roof_4x4_party", 5 ],
            [ "roof_4x4_holdout", 5 ],
            [ "roof_4x4_utility", 40 ],
            [ "roof_4x4_utility_1", 30 ],
            [ "roof_6x6_survivor", 10 ]
          ],
          "x": [ 5, 13 ],
          "y": 14
        }
      ]
    }
  }
]
