[
  {
    "type": "mapgen",
    "method": "json",
    "om_terrain": [ [ "dairy_farm_NW", "dairy_farm_NE" ] ],
    "weight": 250,
    "object": {
      "fill_ter": "t_dirt",
      "rows": [
        "................................................",
        ".$$$$$$$$$$$$$$$$$$$$$$$$$$$$$$$$$$$$$$$$$$$$$$.",
        ".$............................................$.",
        ".$............................................$.",
        ".$............................................$.",
        ".$............................................$.",
        ".$............................................$.",
        ".$............................................$.",
        ".$............................................$.",
        ".$............................................$.",
        ".$............................................$.",
        ".$............................................$.",
        ".$............................................$.",
        ".$............................................$.",
        ".$............................................$.",
        ".$............................................$.",
        ".$............................................$.",
        ".$............................................$.",
        ".$............................................$.",
        ".$............................................$.",
        ".$............................................$.",
        ".$............................................$.",
        ".$............................................$.",
        ".$............................................$."
      ],
      "terrain": { "$": "t_splitrail_fence", ".": [ "t_grass", "t_grass", "t_dirt", "t_dirt", "t_dirt" ] },
      "place_monsters": [
        { "monster": "GROUP_COWS", "x": [ 1, 10 ], "y": [ 1, 9 ], "density": 0.5 },
        { "monster": "GROUP_COWS", "x": [ 1, 12 ], "y": [ 1, 12 ], "density": 0.5 },
        { "monster": "GROUP_COWS", "x": [ 1, 11 ], "y": [ 1, 10 ], "density": 0.5 },
        { "monster": "GROUP_COWS", "x": [ 1, 9 ], "y": [ 1, 11 ], "density": 0.5 },
        { "monster": "GROUP_COWS", "x": [ 1, 15 ], "y": [ 1, 14 ], "density": 0.5 },
        { "monster": "GROUP_COWS", "x": [ 25, 34 ], "y": [ 1, 9 ], "density": 0.5 },
        { "monster": "GROUP_COWS", "x": [ 25, 36 ], "y": [ 1, 12 ], "density": 0.5 },
        { "monster": "GROUP_COWS", "x": [ 25, 35 ], "y": [ 1, 10 ], "density": 0.5 },
        { "monster": "GROUP_COWS", "x": [ 25, 33 ], "y": [ 1, 11 ], "density": 0.5 },
        { "monster": "GROUP_COWS", "x": [ 25, 39 ], "y": [ 1, 12 ], "density": 0.5 }
      ]
    }
  },
  {
    "type": "mapgen",
    "method": "json",
    "om_terrain": [ [ "dairy_farm_SW", "dairy_farm_SE" ] ],
    "weight": 250,
    "object": {
      "fill_ter": "t_floor",
      "rows": [
        ".$............................................$.",
        ".$............................................$.",
        ".$............................................$.",
        ".$.......................|!|=|!|....|!|=|!|...$.",
        ".$.......................|_____|....|_____|...$.",
        ".$.......................|O%_%O|....|___H_|...$.",
        ".$.......................!O%_%O!....!_H___!...$.",
        ".$.......................|O%_%O|....|_____|...$.",
        ".$.......................|O%_%O|....|___H_|...$.",
        ".$...||*||+||*||||.......|O%_%O|....|_____|...$.",
        ".$...|A{{__Y____{|4......!O%_%O!....!_H___!...$.",
        ".$...|w_________{*.......|O%_%O|....|_____|...$.",
        ".$...*______@@@__|.......|O%_%O|....|_____|...$.",
        ".$...|__||'||||'||.......|O%_%O|....|_H___|...$.",
        ".$...|__|g_dd|t_c|N......!O%_%O!....!_____!...$.",
        ".$...||'|__C_|C_c|X......|O%_%O|....|H____|...$.",
        ".$...|_&|D_##|T_o*X......|O%_%O|....|_____|...$.",
        ".$...*bs|D_##|_F&|.......|O%_%O|....|___H_|...$.",
        ".$...||||*|*||+|||.......|OOOOO|....|_____|...$.",
        ".$........aa.............|!|||!|....|!|||!|...$.",
        ".$............................................$.",
        ".$............................................$.",
        ".$$$$$$$$$$$$$$$$$$fffff$$$$$$$$$$$$$$$$$$$$$$$.",
        "................................................"
      ],
      "terrain": {
        "$": "t_splitrail_fence",
        "'": "t_door_o",
        "%": "t_milking_machine",
        "!": "t_window_bars",
        "*": "t_window_domestic",
        "=": "t_door_o",
        "+": "t_door_locked_interior",
        ".": [ "t_grass", "t_grass", "t_dirt", "t_dirt", "t_dirt" ],
        "N": [ "t_grass", "t_grass", "t_dirt", "t_dirt", "t_dirt" ],
        "X": [ "t_grass", "t_grass", "t_dirt", "t_dirt", "t_dirt" ],
        "O": "t_bulk_tank",
        "Y": "t_floor",
        "_": "t_floor",
        "a": [ "t_grass", "t_grass", "t_dirt", "t_dirt", "t_dirt" ],
        "f": "t_splitrail_fencegate_c",
        "|": "t_wall_w",
        "4": "t_gutter_downspout"
      },
      "furniture": {
        "#": "f_bed",
        "&": "f_sink",
        "A": "f_armchair",
        "C": "f_chair",
        "D": "f_dresser",
        "F": "f_fridge",
        "@": "f_sofa",
        "H": "f_hay",
        "N": "f_crate_o",
        "T": "f_table",
        "X": "f_crate_c",
        "Y": "f_rack_coat",
        "a": "f_dumpster",
        "b": "f_toilet",
        "c": "f_cupboard",
        "d": "f_desk",
        "g": "f_gunsafe_ml",
        "o": "f_oven",
        "s": "f_shower",
        "t": "f_trashcan",
        "w": "f_washer",
        "{": "f_bookcase"
      },
      "items": { "Y": { "item": "coat_rack", "chance": 35, "repeat": [ 1, 4 ] } },
      "place_items": [
        { "item": "bed", "x": 12, "y": 16, "chance": 70 },
        { "item": "bed", "x": 11, "y": 17, "chance": 90 },
        { "item": "bed", "x": 13, "y": 16, "chance": 60 },
        { "item": "drugs_heal_simple", "x": 7, "y": 16, "chance": 90 },
        { "item": "ranch_homebooks", "x": 8, "y": 10, "chance": 80 },
        { "item": "ranch_homebooks", "x": 10, "y": 15, "chance": 80 },
        { "item": "ranch_homebooks", "x": 11, "y": 16, "chance": 80 },
        { "item": "clothing_outdoor_set", "x": 9, "y": 16, "chance": 90 },
        { "item": "fridge", "x": 15, "y": 17, "chance": 90 },
        { "item": "fridge", "x": 15, "y": 17, "chance": 90 },
        { "item": "everyday_gear", "x": 14, "y": 16, "chance": 80 },
        { "item": "book_survival", "x": 7, "y": 10, "chance": 50 },
        { "item": "supplies_farming", "x": 18, "y": 16, "chance": 80 },
        { "item": "supplies_farming", "x": 18, "y": 14, "chance": 90 },
        { "item": "tools_home", "x": 18, "y": 15, "chance": 80 },
        { "item": "tools_home", "x": 16, "y": 10, "chance": 90 },
        { "item": "livingroom", "x": 14, "y": 12, "chance": 80 },
        { "item": "kitchen", "x": 16, "y": 16, "chance": 90 },
        { "item": "tools_mechanic", "x": 16, "y": 11, "chance": 80 },
        { "item": "knifeblock", "x": 16, "y": 14, "chance": 90 },
        { "item": "cannedfood", "x": 16, "y": 15, "chance": 90 },
        { "item": "guns_rifle_common", "x": 9, "y": 14, "chance": 50 },
        { "item": "clothing_work_set", "x": 9, "y": 17, "chance": 90 }
      ],
      "place_item": [
        { "item": "cattlefodder", "x": 37, "y": 15, "amount": [ 0, 4 ] },
        { "item": "cattlefodder", "x": 38, "y": 6, "amount": [ 0, 4 ] },
        { "item": "cattlefodder", "x": 38, "y": 10, "amount": [ 0, 4 ] },
        { "item": "cattlefodder", "x": 38, "y": 13, "amount": [ 0, 4 ] },
        { "item": "cattlefodder", "x": 39, "y": 5, "amount": [ 0, 4 ] },
        { "item": "cattlefodder", "x": 39, "y": 8, "amount": [ 0, 4 ] },
        { "item": "cattlefodder", "x": 39, "y": 17, "amount": [ 0, 4 ] }
      ],
      "place_vehicles": [
        { "vehicle": "cube_van_cheap", "x": 7, "y": 5, "chance": 50, "fuel": 300, "status": -1, "rotation": 0 },
        { "vehicle": "quad_bike", "x": 15, "y": 6, "chance": 30, "fuel": 200, "status": -1, "rotation": 0 },
        { "vehicle": "bicycle", "x": 13, "y": 8, "chance": 80, "fuel": 0, "status": 0, "rotation": 0 }
      ]
    }
  },
  {
    "type": "mapgen",
    "method": "json",
    "om_terrain": [ [ "dairy_farm_SW_roof", "dairy_farm_SE_roof" ] ],
    "object": {
      "fill_ter": "t_shingle_flat_roof",
      "rows": [
        "                                                ",
        "                                                ",
        "                                                ",
        "                         .......    .......     ",
        "                         .......    .......     ",
        "                         .......    .......     ",
        "                         ...&...    ...&...     ",
        "                         .......    .......     ",
        "                         .......    .......     ",
        "     |222222222223       .......    .......     ",
        "     |...........5       .......    .......     ",
        "     |...........3       .......    .......     ",
        "     |...........3       ...&...    ...&...     ",
        "     |.......N...3       .......    .......     ",
        "     |...........3       .......    .......     ",
        "     |...........3       .......    .......     ",
        "     |...&...=...3       ...&...    ...&...     ",
        "     |...........3       .......    .......     ",
        "     |-----------3       .......    .......     ",
        "                         .......    .......     ",
        "                                                ",
        "                                                ",
        "                                                ",
        "                                                "
      ],
      "palettes": [ "roof_palette" ],
      "terrain": { ".": "t_shingle_flat_roof" },
      "furniture": { "N": "f_TV_antenna" }
    }
  }
]
