[
  {
    "method": "json",
    "om_terrain": "gambling_hall",
    "type": "mapgen",
    "weight": 100,
    "object": {
      "fill_ter": "t_floor",
      "rows": [
        "________||-+-+-||_______",
        "________|.......|_______",
        "|||||||||.......||----||",
        "|#.....^||-+-+-||#t##t#|",
        "|..............v|#t##t#|",
        "|#.pp..........v|......|",
        "|..pp...66.....&|#t..#t|",
        "|..pp...66......|#t..#t|",
        "|....................#t|",
        "|..####.####...........|",
        "|..6666.6666........CCC|",
        "|..6666.6666........C..|",
        "|..####.####........C..|",
        "|...................C..|",
        "|............^......r..|",
        "|6#.......|%|||%|^..r..|",
        "|6#..####.|..|..||d|||.|",
        "|....6666^|SU|SU|..CC..|",
        "|||a|||||||||||||......|",
        "|^....tt.{{{|XX.d......|",
        "|...............|.Cooff|",
        "|#..............||||||||",
        "|tt#..THHH.^|<|.bccDD4cc",
        "|||||||||||||||||ccccccc"
      ],
      "terrain": {
        "&": "t_atm",
        "+": "t_door_glass_c",
        "-": "t_wall_glass",
        ".": "t_floor",
        "6": "t_slot_machine",
        "D": "t_concrete",
        "_": [ [ "t_grass", 5 ], [ "t_grass_long", 2 ], "t_dirt" ],
        "a": "t_door_metal_c",
        "b": "t_door_metal_locked",
        "c": "t_concrete",
        "d": "t_door_c",
        "4": "t_gutter_downspout",
        "|": "t_wall_w",
        "<": "t_ladder_up",
        "%": "t_door_c"
      },
      "toilets": { "U": {  } },
      "furniture": {
        "#": "f_chair",
        "C": "f_counter",
        "D": "f_dumpster",
        "H": "f_sofa",
        "T": "f_trashcan",
        "X": "f_crate_c",
        "^": "f_indoor_plant",
        "f": "f_fridge",
        "o": "f_oven",
        "p": "f_pool_table",
        "r": "f_rack",
        "t": "f_table",
        "v": "f_vending_c",
        "{": "f_locker",
        "S": "f_sink"
      },
      "place_items": [
        { "chance": 15, "item": "bags", "x": 5, "y": 9 },
        { "chance": 65, "item": "vending_drink_items", "x": 15, "y": 5 },
        { "chance": 45, "item": "dining", "x": 22, "y": 7 },
        { "chance": 45, "item": "dining", "x": 18, "y": 4 },
        { "chance": 55, "item": "fridge", "x": [ 21, 22 ], "y": 20 },
        { "chance": 45, "item": "jackets", "x": 10, "y": 19 },
        { "chance": 45, "item": "jackets", "x": 4, "y": 12 },
        { "chance": 55, "item": "misc_smoking", "x": 7, "y": 22 },
        { "chance": 45, "item": "magazines", "x": 1, "y": 22 },
        { "chance": 45, "item": "magazines", "x": 11, "y": 19 },
        { "chance": 45, "item": "trash", "x": [ 19, 20 ], "y": 22 },
        { "chance": 55, "item": "pool_table", "x": [ 3, 4 ], "y": [ 5, 7 ] },
        { "chance": 25, "item": "hatstore_hats", "x": 11, "y": 15 },
        { "chance": 25, "item": "hatstore_hats", "x": 1, "y": 5 },
        { "chance": 45, "item": "snacks", "x": 20, "y": [ 14, 15 ] },
        { "chance": 35, "item": "softdrugs", "x": 9, "y": 19 },
        { "chance": 65, "item": "cannedfood", "x": 14, "y": 19 },
        { "chance": 65, "item": "cannedfood", "x": 13, "y": 19 },
        { "chance": 65, "item": "kitchen", "x": [ 19, 20 ], "y": 17 },
        { "chance": 65, "item": "vending_food_items", "x": 15, "y": 4 },
        { "chance": 25, "item": "trash_cart", "x": 1, "y": 17 },
        { "chance": 25, "item": "trash_cart", "x": 8, "y": 15 },
        { "chance": 25, "item": "trash_cart", "x": 13, "y": 13 },
        { "chance": 25, "item": "trash_cart", "x": 1, "y": 11 },
        { "chance": 25, "item": "trash_cart", "x": 10, "y": 7 },
        { "chance": 25, "item": "trash_cart", "x": 5, "y": 3 },
        { "chance": 45, "item": "cannedfood", "x": 18, "y": 20 }
      ],
      "place_monsters": [ { "chance": 15, "density": 0.02, "monster": "GROUP_ZOMBIE", "x": 12, "y": 9 } ]
    }
  },
  {
    "type": "mapgen",
    "method": "json",
    "om_terrain": "gambling_hall_roof",
    "object": {
      "fill_ter": "t_flat_roof",
      "rows": [
        "        |22222223       ",
        "        |.......3       ",
        "|2222222|.......32222223",
        "|......................3",
        "|......................3",
        "|......................3",
        "|......................3",
        "|......................3",
        "|......................3",
        "|......................3",
        "|......................3",
        "|......................3",
        "|......................3",
        "|......................3",
        "|......................3",
        "|......####+#####......3",
        "|......#*******C#......3",
        "|......#C*******#......3",
        "|......#C*******#......3",
        "|..&...#C*******#......3",
        "|......#*******C#......3",
        "|......#*******C#----5-3",
        "|..=...#*C***>**#       ",
        "|------##########       "
      ],
      "palettes": [ "roof_palette" ],
      "terrain": { ">": "t_ladder_down", "#": "t_wall_w", "+": "t_door_locked_alarm", "*": "t_concrete", "C": "t_concrete" },
      "place_nested": [
        {
          "chunks": [
            [ "null", 20 ],
            [ "roof_2x2_utilities_b", 15 ],
            [ "roof_2x2_utilities_c", 5 ],
            [ "roof_2x2_utilities_d", 20 ],
            [ "roof_2x2_utilities", 30 ],
            [ "roof_2x2_golf", 10 ],
            [ "roof_3x3_wine", 10 ]
          ],
          "x": [ 3, 15 ],
          "y": 11
        },
        { "chunks": [ [ "null", 50 ], [ "roof_6x6_survivor", 50 ] ], "x": 9, "y": 16 },
        { "chunks": [ [ "roof_16x16_help", 20 ], [ "null", 80 ] ], "x": 2, "y": 4 }
      ]
    }
  },
  {
    "type": "mapgen",
    "method": "json",
    "om_terrain": "gambling_hall_upper_roof",
    "object": {
      "fill_ter": "t_flat_roof",
      "rows": [
        "                        ",
        "                        ",
        "                        ",
        "                        ",
        "                        ",
        "                        ",
        "                        ",
        "                        ",
        "                        ",
        "                        ",
        "                        ",
        "                        ",
        "                        ",
        "                        ",
        "                        ",
        "       ..........       ",
        "       ..........       ",
        "       ...X......       ",
        "       ..........       ",
        "       ..........       ",
        "       ..........       ",
        "       .......:..       ",
        "       ..........       ",
        "       ..........       "
      ],
      "palettes": [ "roof_palette" ],
      "terrain": { ".": "t_flat_roof" },
      "furniture": { ":": "f_cellphone_booster", "X": "f_small_satelitte_dish" }
    }
  },
  {
    "method": "json",
    "om_terrain": "gambling_hall_1",
    "type": "mapgen",
    "weight": 100,
    "object": {
      "fill_ter": "t_floor",
      "rows": [
        "_____sss_____d__________",
        "_d__|+-+|______________d",
        "____-...-__dSdSdSdSdSd__",
        "__|||...|||||||||||||||_",
        "__|a....{{.#t#....#.&^|_",
        "__|^..................|_",
        "_d|a.......#t#...ppp..|_",
        "__|&.............ppp..|_",
        "__|..................#|_",
        "__|6#.#66#.#66#.......|_",
        "__|6#.#66#.#66#..ppp..|_",
        "__|6#.#66#.......ppp..|_",
        "d_|6#.#66#...........#|d",
        "__|6#.#66#.#66#..ppp..|_",
        "__|&.......#66#..ppp..|_",
        "__|6#................^|_",
        "__|6#...........||%|%||_",
        "__|6#.######....|..|..|_",
        "__|6#.666666&a..|US|US|_",
        "__|||||||||||||b|||||||_",
        "______d_PDDPPs|...l|4___",
        "_d______PPPPPsc..#t|____",
        "________PPPPPs||||||__d_",
        "___d_____d______________"
      ],
      "terrain": {
        "+": "t_door_glass_c",
        "-": "t_wall_glass",
        ".": "t_floor",
        "6": "t_slot_machine",
        "D": "t_pavement",
        "P": "t_pavement",
        "S": "t_shrub",
        "_": [ [ "t_grass", 5 ], [ "t_grass_long", 2 ], "t_dirt" ],
        "a": "t_atm",
        "b": "t_door_metal_c",
        "c": "t_door_metal_locked",
        "d": "t_dirt",
        "s": "t_sidewalk",
        "|": "t_wall_r",
        "4": "t_gutter_downspout",
        "%": "t_door_c"
      },
      "toilets": { "U": {  } },
      "furniture": {
        "#": "f_chair",
        "&": "f_trashcan",
        "D": "f_dumpster",
        "^": "f_indoor_plant",
        "l": "f_locker",
        "p": "f_pool_table",
        "t": "f_table",
        "{": "f_vending_c",
        "S": "f_sink"
      },
      "place_items": [
        { "chance": 45, "item": "cubical_office", "x": 18, "y": 21 },
        { "chance": 45, "item": "jackets", "x": 18, "y": 20 },
        { "chance": 55, "item": "trash", "x": [ 9, 10 ], "y": 20 },
        { "chance": 55, "item": "trash", "x": 12, "y": 18 },
        { "chance": 55, "item": "trash", "x": 3, "y": 14 },
        { "chance": 55, "item": "trash", "x": 3, "y": 7 },
        { "chance": 15, "item": "jackets", "x": 7, "y": 17 },
        { "chance": 65, "item": "vending_drink_items", "x": 8, "y": 4 },
        { "chance": 45, "item": "pool_table", "x": [ 17, 19 ], "y": [ 14, 15 ] },
        { "chance": 45, "item": "pool_table", "x": [ 17, 19 ], "y": [ 10, 11 ] },
        { "chance": 35, "item": "pool_table", "x": [ 17, 19 ], "y": [ 6, 7 ] },
        { "chance": 25, "item": "floor_trash", "x": 17, "y": 18 },
        { "chance": 25, "item": "floor_trash", "x": 9, "y": 15 },
        { "chance": 25, "item": "floor_trash", "x": 19, "y": 13 },
        { "chance": 25, "item": "floor_trash", "x": 7, "y": 8 },
        { "chance": 25, "item": "floor_trash", "x": 11, "y": 7 },
        { "chance": 25, "item": "floor_trash", "x": 16, "y": 6 },
        { "chance": 25, "item": "floor_trash", "x": 5, "y": 3 },
        { "chance": 35, "item": "misc_smoking", "x": 4, "y": 17 },
        { "chance": 35, "item": "misc_smoking", "x": 9, "y": 12 },
        { "chance": 35, "item": "misc_smoking", "x": 14, "y": 9 },
        { "chance": 65, "item": "vending_food_items", "x": 9, "y": 4 },
        { "chance": 35, "item": "magazines", "x": 12, "y": 4 },
        { "chance": 65, "item": "hatstore_hats", "x": 4, "y": 11 }
      ]
    }
  },
  {
    "type": "mapgen",
    "method": "json",
    "om_terrain": "gambling_hall_roof_1",
    "object": {
      "fill_ter": "t_flat_roof",
      "rows": [
        "    |2223               ",
        "    |...3               ",
        "    |...3               ",
        "  |22...322222222222223 ",
        "  |...................3 ",
        "  |...................3 ",
        "  |...................3 ",
        "  |...................3 ",
        "  |...................3 ",
        "  |...................3 ",
        "  |...................3 ",
        "  |...................3 ",
        "  |...................3 ",
        "  |...................3 ",
        "  |...................3 ",
        "  |...................3 ",
        "  |...................3 ",
        "  |...................3 ",
        "  |...................3 ",
        "  |-----------|....5--3 ",
        "              |....3    ",
        "              |....3    ",
        "              |----3    ",
        "                        "
      ],
      "palettes": [ "roof_palette" ],
      "place_items": [ { "item": "roof_trash", "x": [ 4, 20 ], "y": [ 6, 17 ], "chance": 50, "repeat": [ 1, 3 ] } ],
      "place_nested": [
        {
          "chunks": [
            [ "null", 20 ],
            [ "roof_2x2_utilities_b", 15 ],
            [ "roof_2x2_utilities_c", 15 ],
            [ "roof_2x2_utilities_d", 30 ],
            [ "roof_2x2_utilities", 30 ]
          ],
          "x": [ 3, 15 ],
          "y": 5
        },
        {
          "chunks": [ [ "null", 20 ], [ "roof_4x4_utility", 40 ], [ "roof_4x4_utility_1", 30 ], [ "roof_6x6_utility", 20 ] ],
          "x": [ 5, 15 ],
          "y": [ 11, 12 ]
        }
      ]
    }
  }
]
