[
  {
    "type": "mapgen",
    "method": "json",
    "om_terrain": [ [ "garage_gas_1", "garage_gas_2", "garage_gas_3" ] ],
    "weight": 250,
    "object": {
      "fill_ter": "t_thconc_floor",
      "rows": [
        "ss_____________________x_______________________x_________s..............",
        "ss_______________________________________________________s..............",
        "ss_______________________________________________________s..............",
        "ss_______________________________________________________s..............",
        "ss______________________________________________________ss..............",
        "ss__________________ssssssssssssss__________s__________sss..............",
        "ss________I________ssssssssssssllse________sss________esssss............",
        "ss________&________sss|-www-www-|--========---========---|sssss.........",
        "ss________I________ssswrrrr rrrr| e                   e  |ssssss........",
        "ss________s________sssw         [           I           r|---|ss........",
        "ss________s________ssD|r cc     [                       r|t S|ss........",
        "ss________s________sss[      cc |                       r|R  +ss........",
        "ss________I________sss[      6  |r                      c|---|ss........",
        "ss________&________ssD|r     c  |r          I           c|t  +ss........",
        "_s________I________sssw      c r|r                      r|S R|s.........",
        "___________________sssw rrr  c r|r                      r|---|s.........",
        "___________________sss| rrr  |+-|                        +sssss.........",
        "___________________sssw      |  +           I            w..............",
        "___________________sssw      | z|-www-+-|                w..............",
        "___________________sss|[[[[[[| z| kkk  P|rrcccrrrrcccrrrr|..............",
        "___________________sss|rrrrrr| z|  h    |--www----www----|..............",
        "____________________ss|      +  |    ooo|4..............................",
        "___________________...|---------|-------|...............................",
        "_s......................................................................"
      ],
      "set": [
        { "point": "terrain", "id": "t_shrub", "x": [ 64, 71 ], "y": [ 0, 23 ], "repeat": [ 0, 2 ] },
        { "point": "furniture", "id": "f_dandelion", "x": [ 64, 71 ], "y": [ 0, 23 ], "repeat": [ 0, 1 ] },
        { "point": "furniture", "id": "f_bluebell", "x": [ 64, 71 ], "y": [ 0, 23 ], "repeat": [ 0, 1 ] },
        { "point": "furniture", "id": "f_mutpoppy", "x": [ 64, 71 ], "y": [ 0, 23 ], "repeat": [ 0, 1 ] }
      ],
      "terrain": {
        "+": "t_door_c",
        "-": "t_wall_w",
        "|": "t_wall_w",
        ".": [ [ "t_grass", 3 ], [ "t_dirt", 3 ], "t_grass_long" ],
        " ": "t_thconc_floor",
        "6": "t_console_broken",
        "=": "t_door_metal_locked",
        "I": "t_column",
        "[": "t_door_glass_c",
        "_": "t_pavement",
        "e": "t_gates_mech_control",
        "l": "t_sidewalk",
        "s": "t_sidewalk",
        "&": "t_sidewalk",
        "D": "t_sidewalk",
        "4": "t_gutter_downspout",
        "w": "t_window"
      },
      "furniture": {
        "P": "f_indoor_plant",
        "D": "f_trashcan",
        "R": "f_trashcan",
        "c": "f_counter",
        "h": "f_chair",
        "k": "f_desk",
        "l": "f_vending_c",
        "o": "f_bookcase",
        "r": "f_rack",
        "z": "f_crate_c",
        "S": "f_sink"
      },
      "gaspumps": { "&": {  } },
      "toilets": { "t": {  } },
      "place_vendingmachines": [ { "item_group": "vending_food", "x": 31, "y": 6 }, { "item_group": "vending_drink", "x": 32, "y": 6 } ],
      "place_loot": [
        { "group": "magazines", "x": [ 23, 23 ], "y": [ 10, 10 ], "chance": 80, "repeat": [ 1, 2 ] },
        { "group": "magazines", "x": [ 23, 23 ], "y": [ 13, 13 ], "chance": 80, "repeat": [ 1, 2 ] },
        { "group": "floor_trash", "x": [ 21, 21 ], "y": [ 10, 10 ], "chance": 90, "repeat": [ 1, 4 ] },
        { "group": "floor_trash", "x": [ 21, 21 ], "y": [ 13, 13 ], "chance": 90, "repeat": [ 1, 4 ] },
        { "group": "alcohol", "x": [ 23, 23 ], "y": [ 20, 20 ], "chance": 20 },
        { "group": "snacks", "x": [ 23, 23 ], "y": [ 8, 8 ], "chance": 20 },
        { "group": "alcohol", "x": [ 24, 28 ], "y": 20, "chance": 75, "repeat": [ 1, 2 ] },
        { "group": "snacks", "x": [ 24, 26 ], "y": 8, "chance": 70, "repeat": [ 1, 2 ] },
        { "group": "mechanics", "x": [ 28, 31 ], "y": 8, "chance": 65, "repeat": [ 1, 2 ] },
        { "group": "snacks", "x": [ 24, 26 ], "y": [ 15, 16 ], "chance": 80, "repeat": [ 1, 3 ] },
        { "group": "snacks", "x": 31, "y": [ 18, 20 ], "chance": 50, "repeat": [ 1, 4 ] },
        { "group": "smoke_shop", "x": 31, "y": [ 14, 15 ], "chance": 70, "repeat": [ 1, 2 ] },
        { "group": "office", "x": [ 34, 36 ], "y": 19, "chance": 75, "repeat": [ 1, 2 ] },
        { "group": "manuals", "x": [ 37, 39 ], "y": 21, "chance": 60, "repeat": [ 1, 2 ] },
        { "group": "mechanics", "x": 33, "y": [ 12, 15 ], "chance": 65, "repeat": [ 1, 2 ] },
        { "group": "mechanics", "x": [ 41, 47 ], "y": 19, "chance": 75, "repeat": [ 1, 3 ] },
        { "group": "mechanics", "x": 56, "y": [ 9, 15 ], "chance": 70, "repeat": [ 1, 2 ] },
        { "group": "mechanics", "x": [ 48, 56 ], "y": [ 19, 19 ], "chance": 75, "repeat": [ 1, 3 ] },
        { "group": "field", "x": [ 63, 70 ], "y": [ 2, 23 ], "chance": 90, "repeat": [ 0, 2 ] }
      ],
      "place_monsters": [
        { "monster": "GROUP_ZOMBIE", "x": [ 0, 23 ], "y": [ 0, 21 ], "chance": 5 },
        { "monster": "GROUP_ZOMBIE", "x": [ 24, 47 ], "y": [ 0, 21 ], "chance": 5 },
        { "monster": "GROUP_ZOMBIE", "x": [ 48, 71 ], "y": [ 0, 19 ], "chance": 5 }
      ],
      "place_vehicles": [
        { "vehicle": "garage", "x": [ 38, 39 ], "y": [ 12, 13 ], "chance": 20, "rotation": 270 },
        { "vehicle": "garage", "x": [ 49, 50 ], "y": [ 12, 13 ], "chance": 20, "rotation": 270 }
      ]
    }
  },
  {
    "type": "mapgen",
    "method": "json",
    "om_terrain": [ [ "garage_gas_roof_1", "garage_gas_roof_2", "garage_gas_roof_3" ] ],
    "object": {
      "fill_ter": "t_flat_roof",
      "rows": [
        "                       x                       x                        ",
        "                                                                        ",
        "                                                                        ",
        "                                                                        ",
        "                                                                        ",
        "                                                                        ",
        "         ...                                                            ",
        "         ...          |22222222222222222222222222222222223              ",
        "         ...          |..................................3              ",
        "         ...          |...:..............................32223          ",
        "         ...          |......................................3          ",
        "         ...          |....................................=.3          ",
        "         ...          |......................................3          ",
        "         ...          |....................................=.3          ",
        "         ...          |......................................3          ",
        "         ...          |..................................3---3          ",
        "                      |..................................3              ",
        "                      |..................................3              ",
        "                      |...........................&......3              ",
        "                      |..................................3              ",
        "                      |.................3----------------3              ",
        "                      |.................5                               ",
        "                      |-----------------3                               ",
        "                                                                        "
      ],
      "palettes": [ "roof_palette" ],
      "place_nested": [
        {
          "chunks": [
            [ "null", 20 ],
            [ "roof_2x2_utilities_b", 15 ],
            [ "roof_2x2_utilities_c", 5 ],
            [ "roof_2x2_utilities_d", 10 ],
            [ "roof_2x2_utilities", 10 ]
          ],
          "x": [ 24, 46 ],
          "y": [ 10, 15 ]
        }
      ]
    }
  }
]
