[
  {
    "method": "json",
    "om_terrain": [ [ "BotanicalGarden_1a", "BotanicalGarden_1b" ] ],
    "type": "mapgen",
    "weight": 100,
    "object": {
      "fill_ter": "t_grass",
      "rows": [
        "cccccccccccccccccccccccccccccccccccccccccccccccc",
        "cccccccccccccccccccccccccccccccccccccccccccccccc",
        "...#.#.#.#...#...X...P____P...7..#........#.....",
        "..._____.....4...P.#.______.#.P...T..#..._____#.",
        ".#.______..#.P......________......P.....______..",
        "..__.#..__......._____...._____........__..#.__.",
        "#.__....___....______...j..______...#.___....__.",
        "..__.KP.._________.___..P.___._________#.Pa..__#",
        "..__#...._______...__________..._______......__.",
        "..___#.._____..#.P..________..P.._______..#.___.",
        ".#________#......3............9.#....._________.",
        "....______....#....#..#..#..#......#.._______...",
        "#.#..#.__.Z||||||||||||||||||||||||||&.__.#...#.",
        "..6P...__.b|fffftFFFFtGGGGtiiiitSSSS|b.__...Pe..",
        "....______b|ffsftFFsFtGGsGtisiitSsSS|b______....",
        "..#________|fffftFFFFtGGGGtiiiitSSSS|________#..",
        "#..___..___+tttttttttttttttttttttttt+___.#___...",
        "..__....___+tttttttttttttttttttttttt+___....__.#",
        ".#__.hP.___|mmmmtDDDDtIIIIt****tBBBB|___.Pg.__..",
        "..__....__b|mmsmtDDsDtIIsIt*s**tBsBB|b__....__..",
        ".#________b|mmmmtDDDDtIIIIt****tBBBB|b________#.",
        "...______..||||||||||||||||||||||||||..______...",
        "....#.........#......#.......#........#......#..",
        "#..#...#...#.......#....#....#....#......#......"
      ],
      "terrain": {
        "#": "t_underbrush",
        "+": "t_reinforced_door_glass_c",
        ".": [ "t_grass", "t_grass", "t_grass", "t_grass", "t_dirt" ],
        "B": [ "t_shrub_blueberry", "t_dirtfloor", "t_dirtfloor" ],
        "S": [ "t_shrub_strawberry", "t_dirtfloor", "t_dirtfloor" ],
        "4": "t_tree_willow",
        "K": "t_tree_pine",
        "6": "t_tree_hickory",
        "3": "t_tree_maple",
        "h": "t_tree_birch",
        "7": "t_tree_pear",
        "T": "t_tree_cherry",
        "a": "t_tree_peach",
        "9": "t_tree_apple",
        "e": "t_tree_apricot",
        "g": "t_tree_plum",
        "j": "t_tree_coffee",
        "X": "t_tree",
        "P": "t_grass",
        "&": "t_grass",
        "b": "t_grass",
        "Z": "t_grass",
        "d": "t_dirtfloor",
        "f": "t_dirtfloor",
        "G": "t_dirtfloor",
        "I": "t_dirtfloor",
        "m": "t_dirtfloor",
        "s": "t_dirtfloor",
        "*": "t_dirtfloor",
        "D": "t_dirtfloor",
        "F": "t_dirtfloor",
        "i": "t_dirtfloor",
        "_": "t_concrete",
        "c": "t_sidewalk",
        "t": "t_thconc_floor",
        "|": "t_wall_glass"
      },
      "furniture": {
        "b": "f_bench",
        "Z": "f_trashcan",
        "s": "f_sign",
        "P": "f_sign",
        "D": [ "f_dandelion", "f_null", "f_null" ],
        "*": [ "f_datura", "f_null", "f_null" ],
        "i": [ "f_cattails", "f_null", "f_null" ],
        "I": [ "f_dahlia", "f_null", "f_null" ],
        "f": [ "f_chamomile", "f_null", "f_null" ],
        "F": [ "f_mutcactus_test", "f_null", "f_null" ],
        "G": [ "f_bluebell", "f_null", "f_null" ],
        "m": [ "f_mutpoppy", "f_null", "f_null" ]
      },
      "place_signs": [
        { "signage": "Welcome to <city> Botanical Garden! Please stay on the path!", "x": 21, "y": 2 },
        { "signage": "WILLOW", "x": 13, "y": 4 },
        { "signage": "PINE", "x": 6, "y": 7 },
        { "signage": "HICKORY", "x": 3, "y": 13 },
        { "signage": "MAPLE", "x": 17, "y": 9 },
        { "signage": "BIRCH", "x": 6, "y": 18 },
        { "signage": "OAK", "x": 17, "y": 3 },
        { "signage": "CHAMOMILE", "x": 14, "y": 14 },
        { "signage": "POPPY", "x": 14, "y": 19 },
        { "signage": "CACTUS", "x": 19, "y": 14 },
        { "signage": "DANDELION", "x": 19, "y": 19 },
        { "signage": "Welcome to <city> Botanical Garden! Please stay on the path!", "x": 26, "y": 2 },
        { "signage": "KENTUCKY COFFEE", "x": 24, "y": 7 },
        { "signage": "PEAR", "x": 30, "y": 3 },
        { "signage": "CHERRY", "x": 34, "y": 4 },
        { "signage": "APPLE", "x": 30, "y": 9 },
        { "signage": "PEACH", "x": 41, "y": 7 },
        { "signage": "APRICOT", "x": 44, "y": 13 },
        { "signage": "PLUM", "x": 41, "y": 18 },
        { "signage": "BLUEBELL", "x": 24, "y": 14 },
        { "signage": "DAHLIA", "x": 24, "y": 19 },
        { "signage": "CATTAIL", "x": 28, "y": 14 },
        { "signage": "DATURA", "x": 28, "y": 19 },
        { "signage": "STRAWBERRY", "x": 33, "y": 14 },
        { "signage": "BLUEBERRY", "x": 33, "y": 19 }
      ],
      "place_items": [
        { "chance": 20, "repeat": [ 1, 3 ], "item": "trash", "x": 10, "y": 12 },
        { "chance": 20, "repeat": [ 1, 3 ], "item": "trash", "x": 37, "y": 12 }
      ]
    }
  },
  {
    "type": "mapgen",
    "method": "json",
    "om_terrain": [ [ "BotanicalGarden_1a_roof", "BotanicalGarden_1b_roof" ] ],
    "object": {
      "fill_ter": "t_glass_roof",
      "rows": [
        "                                                ",
        "                                                ",
        "                                                ",
        "                                                ",
        "                                                ",
        "                                                ",
        "                                                ",
        "                                                ",
        "                                                ",
        "                                                ",
        "                                                ",
        "                                                ",
        "           oooooooooooooooooooooooooo           ",
        "           oooooooooooooooooooooooooo           ",
        "           oooooooooooooooooooooooooo           ",
        "           oooooooooooooooooooooooooo           ",
        "           oooooooooooooooooooooooooo           ",
        "           oooooooooooooooooooooooooo           ",
        "           oooooooooooooooooooooooooo           ",
        "           oooooooooooooooooooooooooo           ",
        "           oooooooooooooooooooooooooo           ",
        "           oooooooooooooooooooooooooo           ",
        "                                                ",
        "                                                "
      ],
      "palettes": [ "roof_palette" ]
    }
  }
]
