[
  {
    "type": "mapgen",
    "method": "json",
    "om_terrain": [
      [ "hdwr_large_1_2_0", "hdwr_large_0_2_0" ],
      [ "hdwr_large_1_1_0", "hdwr_large_0_1_0" ],
      [ "hdwr_large_1_0_0", "hdwr_large_0_0_0" ],
      [ "hdwr_large_1_2_1", "hdwr_large_0_2_1" ],
      [ "hdwr_large_1_1_1", "hdwr_large_0_1_1" ],
      [ "hdwr_large_1_0_1", "hdwr_large_0_0_1" ]
    ],
    "weight": 100,
    "object": {
      "fill_ter": "t_thconc_floor",
      "rows": [
        "~~~~~~~                                         ",
        "~--W--fffffffffff|||||||||||||WW||||||||||||||| ",
        "~-'''W~ /      / |^.77777.^|......|.888888888.||",
        "~-'''-~          =............................=&",
        "~-'''+SSS BBBB SS!..33333.....................= ",
        "~-----~  SS  SSSS!..33333.....................= ",
        "~f~~~~~    SSSS  =............................=&",
        " f         SSS nn|^.77777.^|......|...........||",
        " f000000   SS nnn|||||||||||......|8.........8| ",
        " f0000000 SSS    |.6666666........|8...999...8| ",
        " f}}}}}00 SS nnnn|................|8...999...8| ",
        " f}MMM}00 SS nnnn|.6666666........|8...999...8| ",
        " f}MMM}00SSS     |?????????.......|8...999...8| ",
        " f}MMM}00SS nnnnn|................|8...999...8||",
        " f}}{}}00SS nnnnn|.4444444........|8.........8=&",
        " f0H00H00SS      |.4444444........|...........= ",
        " f0000000SSSSSSSS|............................= ",
        " f0000000SS      |?????????...................= ",
        " f00000H0SS & & &|.5555555....................=&",
        " f0}}{}}0SS      |............................||",
        " f0}MMM}0SSS& & &|.5555555..^....^|.888888888.| ",
        " f0}MMM}0 SS     ||||||||||||=!!=|||||||||||||| ",
        " f0}MMM}0/SS& & &|QQ'Q'kk'@@@?..?bbbibbi((itis| ",
        " f0}}}}}0 SSS    |QQ'Q'''''''?..?bbbibbiiiitis| ",
        " f0/0000   SS & &|'''''kk''P'?..?bbiibbi((itis| ",
        " f000000 / SSS   |'''''''''''?..?iiiiiiiiiiiis||",
        " f00000     SSS &=^..........................^=&",
        " f000        SSSS!............................= ",
        " f00 /AA    /  SS!............................= ",
        " f   AAA     aa  =^..........................^=&",
        " f   AAAA   aaaa |'''''''''CC?....''L'q...iiii||",
        " f    AA     aa  |Y'Y'Y''C'TT?....''''q...ioie| ",
        " |||||||||||||||||'''''''T'TT?....u'T'q...ioie| ",
        " |<.........DDDD.|pppyyy'C'CC?....'UUUq...ioie| ",
        " |.XX.XX.XX.DDDD.|11111?22222?....''''q...iwiR| ",
        " W.XX.XX.XX......|1...1?2...2?............iwiR| ",
        " |...............|1...1?2...2?............iwiR| ",
        " |.XX.XX.XX......|1...1?2...2?............iiii| ",
        " W.XX.XX.XX......|^...........................| ",
        " |...............%............................| ",
        " |.XX.XX.XX......|^...........................| ",
        " |.XX.XX.XX......||||....||||||....||||^.....^| ",
        " W...............|....................||+|||+|| ",
        " |...............|....................|iis|sii| ",
        " |...............|....................|iis|sii| ",
        " W..............X|...|dd|......|dd|...|iis|sii| ",
        " |..............X|...xh.c......c..x...|iis|sii| ",
        "f|.......g...X.XX|...c..c......c.hc...|i|||||i| ",
        "f|#######|||+|WW||...c.hx......xh.c...|i+t|t+i| ",
        "fS_______g|I..xdd|...|dd|......|dd|...|i|||||i| ",
        "fS_______S|I..h.c|....................|i+t|t+i| ",
        "fS_______SWx.....|$..................V|i|||||i| ",
        "fS_______SWdh....|$......^....^......V|i+t|t+i| ",
        "fS_______S|I..h.c|......||=!!=||......|i|||||i| ",
        "fS_______S|I..xdd|......|/ SS /|......|i+t|t+i| ",
        "fS_______S|||||||||====||  SS  ||====|||||||||| ",
        "/S_______SSSS &   /  &SSSSSSSSSSSSSSS.........=S",
        "&S_______SSSSS /&  & SSSSSSSSSSSSSSSS.........=S",
        " S_______SSSSSSSSSSSSSSSSSSSSSSSSSSSS=========|S",
        " S_______SSSSSSSSSSSSSSSSSSSSSSSSSSSSSSSSSSSSSSS",
        "&S_______SS____,____,____,____,____,____,____SSS",
        "/S_______SS____,____,____,____,____,____,____SSS",
        "&S_______SS____,____,____,____,____,____,____S/S",
        " S_______SS____,____,____,____,____,____,____S S",
        " S_______SS____,____,____,____,____,____,____SBS",
        "&S_______SS____,____,____,____,____,____,____SBS",
        "/S_______SS____,____,____,____,____,____,____SBS",
        "&S_______SS____,____,____,____,____,____,____SBS",
        " S_______SS____,____,____,____,____,____,____S S",
        " S_______SS__________________________________S/S",
        "&S_______SS__________________________________SSS",
        "/S_______SS__________________________________SSS",
        "************************************************",
        "*zzzzz***********??????????????????????????????*",
        "*zzzzz***********?zzzzzzzzzzzzzzzzzzzzzzzzzzzz??",
        "*zzzzz***********?zzzzzzzzzzzzzzzzzzzzzzzzzzzzz?",
        "*zzzzz***********?zzZZZZZZzzzzzzzzzzzzZZZZZZzzz?",
        "*zzzzz***********?zzZZZZZZzzzzzzzzzzzzZZZZZZzzz?",
        "*****************?zzZZZZZZzzzzzzzzzzzzZZZZZZzzz?",
        "*****************?zzZZZZZZzzzzzzzzzzzzZZZZZZzz??",
        "*****************?zzzzzzzzzzzzzzzzzzzzzzzzzzzz?*",
        "*****************?zzzzzzzzzzzzzzzzzzzzzzzzzzzz?*",
        "*****************?zzzzzzzzzzzzzzzzzzzzzzzzzzzz?*",
        "*****************?zzzzzzzzzzzzzzzzzzzzzzzzzzzz?*",
        "*****************?zzzzzzzzzzzzzzzzzzzzzzzzzzzz?*",
        "*****************?zzZZZZZZzzzzzzzzzzzzZZZZZZzz??",
        "*****************?zzZZZZZZzzzzzzzzzzzzZZZZZZzzz?",
        "*****************?zzZZZZZZzzzzzzzzzzzzZZZZZZzzz?",
        "*****************?zzZZZZZZzzzzzzzzzzzzZZZZZZzzz?",
        "*****************?zzzzzzzzzzzzzzzzzzzzzzzzzzzzz?",
        "*****************?zzzzzzzzzzzzzzzzzzzzzzzzzzzzz?",
        "*****************?zzzzzzzzzzzzzzzzzzzzzzzzzzzz??",
        "*****************?zzzzzzzzzzzzzzzzzzzzzzzzzzzz?*",
        "*****************?zzzzzzzzzzzzzzzzzzzzzzzzzzzz?*",
        "*****************?zzzzzzzzzzzzzzzzzzzzzzzzzzzz?*",
        "*****************?zzzzzzzzzzzzzzzzzzz??????????*",
        "*****************?zzzzzzzzzzzzzzzzzzz?zzzzzzzz?*",
        "*****************?zzzzzzzzzzzzzzzzzzz?zOOzzOOz??",
        "*****************?zzzzzzzzzzzzzzzzzzz?zOOzzOOzz?",
        "*****************?zzzzzzzzzzzzzzzzzzzzzzzzzzzzz?",
        "*****************?zzzzzzzzzzzzzzzzzzzzzzzzzzzzz?",
        "*****************?zzzzzzzzzzzzzzzzzzz?zOOzzOOzz?",
        "*****************?zzzzzzzzzzzzzzzzzzz?zOOzzOOz??",
        "*****************?zzzzzzzzzzzzzzzzzzz?zzzzzzzz?*",
        "*|||??????????????zzzzzzzzzzzzzzzzzzz??????????*",
        "*|>+zzzzzzzzzzzzzzzzzzzzzzzzzzzzzzzzzzzzzzzzzz?*",
        "*|||zzzzzzzzzzzzzzzzzzzzzzzzzzzzzzzzzzzzzzzzzz?*",
        "*?zzzzzzzzzzzzzzzzzzzzzzzzzzzzzzzzzzzzzzzzzzzz?*",
        "*?zzzzzzzzzzzzz?zzzzzzzzzzzzzzzzzzzzzzzzzzzzzz?*",
        "*?zzzzzzzzzzzzz?zzzzzzzzzzzzzzzzzzzzzzzzzzzzzz?*",
        "*?zzzzzzzzzzzzz?zzzzzzzzzzzzzzzzzzzzzzzzzzzzzz?*",
        "*?zzzzzzzzzzzzz?zzzzzzzzzzzzzzzzzzzzzzzzzzzzzz?*",
        "*?zzzzzzzzzzzzz?zzzzzzzzzzzzzzzzzzzzzzzzzzzzzz?*",
        "*?zzzzzzzOOzOOz?zzzzzzzzzzzzzzzzzzzzzzzzzzzzzz?*",
        "*?zzzzzzzOOzOOz?zzzzzzzzzzzzzzzzzzzzzzzzzzzzzz?*",
        "*?zzzzzzzzzzzzz?zzzzzzzzzzzzzzzzzzzzzzzzzzzzzz?*",
        "*?zzzzzzzOOzOOz?zzzzzzzzzzzzzzzzzzzzzzzzzzzzzz?*",
        "*?zzzzzzzOOzOOz?zzzzzzzzzzzzzzzzzzzzzzzzzzzzzz?*",
        "*?zzzzzzzzzzzzz?zzzzzzzzzzZZZZzzzzzzzzzzzzzzzz?*",
        "*?zzzzzzzzzzzzz?zzzzzzzzzzZZZZzzzzzzzfffFfffzz?*",
        "*???????????????zzzzzzzzzzZZZZzzzzzzzfzzzzzfzz?*",
        "**********?zzzzzzzzzzzzzzzZZZZzzzzzzzfzzzjzfzz?*",
        "**********?zzzzzzzzzzzzzzzZZZZzzzzzzzfzJzjzfzz?*",
        "**********?zzzzzzzzzzzzzzzZZZZzzzzzzzfzzzzzfzz?*",
        "**********?zzzzzzzzzzzzzzzzzzzzzzzzzzfffffffzz?*",
        "**********?zzzzzzzzzzzzz????????zzzzzzzzzzzzzz?*",
        "**********?zzzzzzzzzzzzz?******?zzzzzzzzzzzzzz?*",
        "**********???????????????******????????????????*",
        "*************************************ZZZZZZZZZz*",
        "*************************************ZZZZZZZZZz*",
        "*************************************zzzzzzzzzz*",
        "************************************************",
        "************************************************",
        "************************************************",
        "************************************************",
        "************************************************",
        "************************************************",
        "************************************************",
        "************************************************",
        "************************************************",
        "************************************************",
        "************************************************",
        "************************************************",
        "************************************************"
      ],
      "palettes": [ "home_improvement_palette" ],
      "items": {
        "d": { "item": "office", "chance": 45, "repeat": [ 1, 2 ] },
        "D": { "item": "hardware_trash", "chance": 40, "repeat": [ 1, 3 ] },
        "Q": { "item": "bed", "chance": 25, "repeat": [ 1, 2 ] },
        "V": { "item": "vending_drink_home_impr", "chance": 85, "repeat": [ 5, 8 ] },
        "1": { "item": "paint", "chance": 65 },
        "2": { "item": "rug", "chance": 65 },
        "3": [ { "item": "farming_seeds", "chance": 40, "repeat": [ 1, 2 ] }, { "item": "farming_tools", "chance": 15 } ],
        "4": { "item": "supplies_electronics", "chance": 25, "repeat": [ 1, 3 ] },
        "5": { "item": "hardware_clothing", "chance": 25, "repeat": [ 1, 3 ] },
        "6": [ { "item": "hand_tools", "chance": 25, "repeat": [ 1, 3 ] }, { "item": "power_tools", "chance": 15 } ],
        "7": [ { "item": "farming_seeds", "chance": 40, "repeat": [ 1, 2 ] }, { "item": "farming_tools", "chance": 15 } ],
        "8": { "item": "hardware_bulk", "chance": 35 },
        "9": { "item": "hardware_bulk", "chance": 35 },
        "X": [
          { "item": "paint", "chance": 10 },
          { "item": "rug", "chance": 10 },
          { "item": "farming_tools", "chance": 20 },
          { "item": "power_tools", "chance": 20 },
          { "item": "hand_tools", "chance": 20 },
          { "item": "hardware_clothing", "chance": 15 }
        ]
      },
      "place_monsters": [
        { "monster": "GROUP_MALL", "x": [ 24, 45 ], "y": [ 2, 23 ] },
        { "monster": "GROUP_MALL", "x": [ 24, 45 ], "y": [ 24, 47 ] },
        { "monster": "GROUP_MALL", "x": [ 3, 23 ], "y": [ 30, 47 ] }
      ],
      "place_vehicles": [
        { "vehicle": "warehouse_vehicles", "x": [ 5, 12 ], "y": [ 42, 45 ], "chance": 100 },
        { "vehicle": "shopping_cart", "x": [ 37, 46 ], "y": [ 56, 57 ], "chance": 35, "repeat": 8 },
        { "vehicle": "car", "x": 42, "y": [ 62, 65 ], "chance": 15, "rotation": 270 },
        { "vehicle": "car", "x": 37, "y": [ 62, 65 ], "chance": 15, "rotation": 270 },
        { "vehicle": "car", "x": 32, "y": [ 62, 65 ], "chance": 15, "rotation": 270 },
        { "vehicle": "car", "x": 27, "y": [ 62, 65 ], "chance": 15, "rotation": 270 },
        { "vehicle": "car", "x": 22, "y": [ 62, 65 ], "chance": 15, "rotation": 270 },
        { "vehicle": "car", "x": 17, "y": [ 62, 65 ], "chance": 15, "rotation": 270 },
        { "vehicle": "car", "x": 12, "y": [ 62, 65 ], "chance": 15, "rotation": 270 }
      ]
    }
  },
  {
    "type": "palette",
    "id": "home_improvement_palette",
    "terrain": {
      ">": "t_stairs_down",
      "<": "t_stairs_up",
      "$": "t_atm",
      "&": [ "t_grass", "t_grass", "t_grass", "t_dirt" ],
      "B": [ "t_grass", "t_grass", "t_grass", "t_dirt" ],
      " ": [ "t_grass_long", "t_grass_long", "t_grass", "t_grass", "t_grass", "t_grass", "t_grass", "t_dirt", "t_shrub" ],
      "/": [ "t_tree", "t_tree_young", "t_shrub" ],
      "0": "t_grass_golf",
      "a": "t_sandmound",
      "A": "t_claymound",
      "M": "t_grass_golf",
      "{": "t_grass_golf",
      "}": "t_grass_golf",
      "H": "t_grass_golf",
      "~": "t_woodchips",
      "n": "t_dirtmound",
      "-": "t_wall_wood",
      "f": "t_chainfence_h",
      "F": "t_chaingate_c",
      "#": "t_door_metal_locked",
      "g": "t_gates_mech_control",
      "x": "t_console_broken",
      "!": "t_door_glass_c",
      "+": "t_door_c",
      "%": "t_door_locked_interior",
      "=": "t_wall_glass",
      ",": "t_pavement_y",
      ".": "t_thconc_floor",
      "'": "t_floor",
      "i": "t_linoleum_white",
      "T": "t_floor",
      "C": "t_floor",
      "Y": "t_floor",
      "y": "t_floor",
      "p": "t_floor",
      "P": "t_floor",
      "@": "t_floor",
      "Q": "t_floor",
      "k": "t_floor",
      "u": "t_floor",
      "U": "t_floor",
      "q": "t_floor",
      "L": "t_rock_floor",
      "W": "t_window",
      "_": "t_pavement",
      "s": "t_linoleum_white",
      "t": "t_linoleum_white",
      "b": "t_linoleum_white",
      "(": "t_linoleum_white",
      "e": "t_linoleum_white",
      "o": "t_linoleum_white",
      "R": "t_linoleum_white",
      "w": "t_linoleum_white",
      "|": "t_wall",
      "O": "t_flat_roof",
      "S": "t_sidewalk",
      "?": "t_railing",
      "*": "t_open_air",
      "z": "t_flat_roof",
      "j": "t_flat_roof",
      "J": "t_flat_roof",
      "Z": "t_glass_roof"
    },
    "furniture": {
      "V": "f_vending_c",
      "C": "f_chair",
      "T": "f_table",
      "^": [ "f_indoor_plant", "f_indoor_plant_y" ],
      "Y": "f_rack_coat",
      "y": "f_dresser",
      "p": "f_wardrobe",
      "P": "f_piano",
      "@": "f_bigmirror",
      "Q": "f_bed",
      "k": "f_desk",
      "c": "f_counter",
      "1": "f_counter",
      "2": "f_counter",
      "3": "f_counter",
      "4": "f_counter",
      "5": "f_rack",
      "6": "f_rack",
      "7": "f_rack",
      "8": "f_rack",
      "9": "f_counter",
      "h": "f_chair",
      "d": "f_desk",
      "I": "f_filing_cabinet",
      "r": "f_rack",
      "R": "f_dishwasher",
      "s": "f_sink",
      "t": "f_toilet",
      "b": "f_bathtub",
      "(": "f_shower",
      "e": "f_fridge",
      "o": "f_oven",
      "w": [ "f_washer", "f_dryer" ],
      "L": "f_fireplace",
      "u": "f_armchair",
      "U": "f_sofa",
      "q": "f_bookcase",
      "B": "f_bench",
      "&": [ "f_dahlia", "f_dandelion", "f_lily", "f_flower_tulip", "f_bluebell" ],
      "M": "f_fema_groundsheet",
      "{": "f_canvas_door",
      "}": "f_canvas_wall",
      "H": "f_camp_chair",
      "X": [ "f_crate_c", "f_crate_c", "f_crate_c", "f_crate_o" ],
      "D": "f_dumpster",
      "O": "f_air_conditioner",
      "j": "f_standing_tank",
      "J": "f_water_heater"
    }
  }
]
