[
  {
    "type": "mapgen",
    "method": "json",
    "om_terrain": [ "s_jewelry" ],
    "weight": 500,
    "object": {
      "fill_ter": "t_floor",
      "rows": [
        "....________________....",
        "....,____,____,____,....",
        "....,____,____,____,....",
        "....,____,____,____,....",
        "....,____,____,____,....",
        "....FFFFFFFFFFFFFFFF....",
        "....FFFFFFFFFFFFFFFF....",
        "....|-hhhhh++hhhhh-|....",
        "....|              |....",
        "....|hh ;;;;;;;; hh|....",
        "....|%v ;;hhhh;; v%|....",
        "....|%v ;;v##v;; v%|....",
        "....|%v ;;v##v;; v%|....",
        "85^5|%v ;;hhhh;; v%|....",
        "8___|hh ;;;;;;;; hh|....",
        "8___|   ;;CttC;;  r|....",
        "8__4|   ;;;;;;;;  r|||||",
        "8__U|%%%?%        r|sf9|",
        "8__U| c  x     rrrr|   |",
        "8___|--&-----------||&||",
        "8___&    %%%%%%   T|a  |",
        "8555| c     a     T|  L|",
        "....|GGf SS        &  L|",
        "....|--------------|||||"
      ],
      "terrain": {
        " ": "t_floor",
        "#": "t_carpet_yellow",
        ";": "t_carpet_yellow",
        "C": "t_carpet_yellow",
        "t": "t_carpet_yellow",
        "&": "t_door_locked",
        "+": "t_door_glass_c",
        ",": "t_pavement_y",
        "-": "t_wall_b",
        ".": [ [ "t_grass", 5 ], [ "t_grass_long", 2 ], "t_dirt", "t_shrub" ],
        "5": "t_chainfence_h",
        "8": "t_chainfence_v",
        "F": "t_sidewalk",
        "^": "t_chaingate_l",
        "_": "t_pavement",
        "h": "t_wall_glass_alarm",
        "v": "t_wall_glass_alarm",
        "?": "t_console_broken",
        "4": "t_gutter_downspout",
        "|": "t_wall_b"
      },
      "furniture": {
        "#": "f_counter",
        "%": "f_counter",
        "G": "f_desk",
        "T": "f_safe_l",
        "c": "f_chair",
        "f": "f_trashcan",
        "U": [ "f_dumpster", "f_recycle_bin" ],
        "r": "f_displaycase",
        "a": "f_stool",
        "S": "f_filing_cabinet",
        "s": "f_sink",
        "L": "f_locker",
        "C": "f_armchair",
        "t": "f_table",
        "x": "f_counter_gate_c"
      },
      "toilets": { "9": {  } },
      "place_items": [
        { "item": "jewelry_front", "x": [ 5, 5 ], "y": [ 10, 13 ], "chance": 75 },
        { "item": "jewelry_front", "x": [ 18, 18 ], "y": [ 10, 13 ], "chance": 75 },
        { "item": "jewelry_front", "x": [ 11, 12 ], "y": [ 11, 12 ], "chance": 75 },
        { "item": "jewelry_front", "x": [ 15, 18 ], "y": [ 18, 18 ], "chance": 50 },
        { "item": "jewelry_front", "x": [ 18, 18 ], "y": [ 15, 17 ], "chance": 50 },
        { "item": "jewelry_back", "x": [ 9, 14 ], "y": [ 20, 20 ], "chance": 80, "repeat": [ 1, 2 ] },
        { "item": "jewelry_safe", "x": [ 18, 18 ], "y": [ 20, 21 ], "chance": 95 },
        { "item": "trash", "x": [ 3, 3 ], "y": [ 17, 18 ], "chance": 50 }
      ],
      "items": {
        "G": { "item": "office", "chance": 30 },
        "S": { "item": "office_paper", "chance": 30 },
        "L": { "item": "jackets", "chance": 20 },
        "9": { "item": "softdrugs", "chance": 20 }
      },
      "place_vehicles": [ { "vehicle": "security_van", "x": 11, "y": 2, "chance": 20, "fuel": 20, "status": 0, "rotation": 0 } ]
    }
  },
  {
    "type": "mapgen",
    "method": "json",
    "om_terrain": "s_jewelry_roof",
    "object": {
      "fill_ter": "t_flat_roof",
      "rows": [
        "                        ",
        "                        ",
        "                        ",
        "                        ",
        "                        ",
        "                        ",
        "                        ",
        "    |222222222222223    ",
        "    |..............3    ",
        "    |..............3    ",
        "    |...Z..........3    ",
        "    |..............3    ",
        "    |..............3    ",
        "    |..............3    ",
        "    |..............3    ",
        "    |..............3    ",
        "    5..............32223",
        "    |..................3",
        "    |..................3",
        "    |.............U....3",
        "    |..R...............3",
        "    |..................3",
        "    |..................3",
        "    |------------------3"
      ],
      "palettes": [ "roof_palette" ],
      "terrain": { ".": "t_flat_roof" },
      "furniture": { "&": "f_roof_turbine_vent" },
      "place_items": [ { "item": "roof_trash", "x": [ 5, 17 ], "y": [ 9, 23 ], "chance": 50, "repeat": [ 1, 3 ] } ],
      "nested": {
        "U": { "chunks": [ "roof_2x2_infrastructure" ] },
        "R": { "chunks": [ "roof_2x2_infrastructure_1" ] },
        "Z": { "chunks": [ "roof_2x2_infrastructure_2" ] }
      }
    }
  }
]
