[
  {
    "type": "mapgen",
    "method": "json",
    "om_terrain": [
      [ "lumbermill_0_0", "lumbermill_1_0" ],
      [ "lumbermill_0_1", "lumbermill_1_1" ],
      [ "lumbermill_0_0_roof", "lumbermill_1_0_roof" ],
      [ "lumbermill_0_1_roof", "lumbermill_1_1_roof" ]
    ],
    "weight": 100,
    "object": {
      "fill_ter": "t_thconc_floor",
      "rows": [
        "vvvvvvvvvvvvvvvvvvv  ______  vvvvvvvvvvvvvvvvvvv",
        "v  *         *      *______ *      2      *    v",
        "v      *       2     ______   7               2v",
        "v                    ______         *   2      v",
        "v*2      7 *    *    ______     *            * v",
        "v *###ww####ww### * ________  *   ##ww#ww##    v",
        "v  #xxxx..x.xxxx#   __________    w.c...c.w   *v",
        "v  #xx,,,,,,..xx#  _______________#ddX.Xdd#*   v",
        "v* wx,=======@.xw  _______________+......i#  * v",
        "v  w.,=,,,T,...xw* _______________#......&#    v",
        "v  #x,=,,......x#   _________ 2 * #ddX.Xdd#7   v",
        "v 2#x,=M,.C....x# * _________     w.c....cw   *v",
        "v *#.,=,,.Cr..xx#   __________*   #########    v",
        "v  #.,=P,.Rr..xx# 2 __________  *     *     *  V",
        "v  #x,=,,.Cr..x6#6 *__________  2############# v",
        "v *#x,=J,.C.....;________________#&.bb.bb.C.f# v",
        "v  #.,=,,.......;________________+..nn.nn.C.f#*v",
        "v* wx,=,,,B,....;________________#..bb.bb.C.D# v",
        "v  wx,=======O..;_____________   #..........F#7v",
        "v  #xx,,,,,,....;_____________  *#....nc###### v",
        "v 7#xx.....x..xx#  __________ *  wbnb.nc#S.+t#*v",
        "#######+#########7 __________   2wbnb...+..### v",
        "#$.$#ll.ll#b.w    *___________   #......#S.+t#*v",
        "#$.$#.....#b.#__________________*###ww######## v",
        "#$..+.bbb.+..+___________________________   *  v",
        "#$.$#.....#b.#______________________________  *v",
        "#$.$#lllll#b.w   _____________________________ v",
        "##############   _____________________________ v",
        "v 2              ______________________________v",
        "v    1111 11111  ______________________________v",
        "v   *          * ______________________________v",
        "v  1111 11111    ______________________________v",
        "v               _______________________________v",
        "v 111111 11111  _______________________________v",
        "v *             ________________________________",
        "v  111111 111  _________________________________",
        "v        2    __________________________________",
        "v vvvvv    *___________________________1 1  ____",
        "v vooov______________________   ____ 121   1   v",
        "v voGoV_____________ #.......#  ____ 1 1*1 1 1 v",
        "v vooov_________     #L.....L#* ____*  1 1 1 2 v",
        "v vvvvv   ______  * *wL.....Lw   ____1 1 1 1  *v",
        "v         1____ 2    #L.....L# * ____1 1*  1   v",
        "v 1111111 1____    7 wx....xxw   ____       *  v",
        "v1         ____*     #xx.x.xx#   ____ *111111  v",
        "v1 1111111____    2  #########*   ____   2   7 v",
        "v1   2    ____      *    2        ____    *   *v",
        "vvvvvvvvvv____vvvvvvvvvvvvvvvvvvvv____vvvvvvvvvv",
        "%%%%%%%%%%%%%%%%%%%%%%%%%%%%%%%%%%%%%%%%%%%%%%%%",
        "%%%%%%%%%%%%%%%%%%%%%%%%%%%%%%%%%%%%%%%%%%%%%%%%",
        "%%%%%%%%%%%%%%%%%%%%%%%%%%%%%%%%%%%%%%%%%%%%%%%%",
        "%%%%%%%%%%%%%%%%%%%%%%%%%%%%%%%%%%%%%%%%%%%%%%%%",
        "%%%%%%%%%%%%%%%%%%%%%%%%%%%%%%%%%%%%%%%%%%%%%%%%",
        "%%%5-------------%%%%%%%%%%%%%%%%%--------5%%%%%",
        "%%%4zzzzzzzzzzzzz%%%%%%%%%%%%%%%%%zzzzzzzz|%%%%%",
        "%%%4zzzzzzzzzzzzz%%%%%%%%%%%%%%%%%zzzzzzzz|%%%%%",
        "%%%4zzzzzzzzzzzzz%%%%%%%%%%%%%%%%%zzzzzzzz|%%%%%",
        "%%%4zzzzzzzzzzzzz%%%%%%%%%%%%%%%%%zzzzzzzz|%%%%%",
        "%%%4zzzzzzzzzzzzz%%%%%%%%%%%%%%%%%zzzzzzzz|%%%%%",
        "%%%4zzzzzzzzzzzzz%%%%%%%%%%%%%%%%%zzzzzzzz|%%%%%",
        "%%%4zzzzzzzzzzzzz%%%%%%%%%%%%%%%%%333333335%%%%%",
        "%%%4zzzzzzzzzzzzz%%%%%%%%%%%%%%%%%%%%%%%%%%%%%%%",
        "%%%4zzzzzzzzzzzzz%%%%%%%%%%%%%%%%------------5%%",
        "%%%4zzzzzzzzzzzzz%%%%%%%%%%%%%%%%zzzzzzzzzzzz|%%",
        "%%%4zzzzzzzzzzzzz%%%%%%%%%%%%%%%%zzzzzzzzzzzz|%%",
        "%%%4zzzzzzzzzzzzz%%%%%%%%%%%%%%%%zzzzzzzzzzzz|%%",
        "%%%4zzzzzzzzzzzzz%%%%%%%%%%%%%%%%zzzzzzzzzzzz|%%",
        "%%%4zzzzzzzzzzzzz%%%%%%%%%%%%%%%%zzzzzzzzzzzz|%%",
        "%%%4zzzzzzzzzzzzz%%%%%%%%%%%%%%%%zzzzzzzzzzzz|%%",
        "5--4zzzzzzzzzzzzz%%%%%%%%%%%%%%%%zzzzzzzzzzzz|%%",
        "4zzzzzzzzzzzzz%%%%%%%%%%%%%%%%%%%zzzzzzzzzzzz|%%",
        "4zzzzzzzzzzzzz%%%%%%%%%%%%%%%%%%%3333333333335%%",
        "4zzzzzzzzzzzzz%%%%%%%%%%%%%%%%%%%%%%%%%%%%%%%%%%",
        "4zzzzzzzzzzzzz%%%%%%%%%%%%%%%%%%%%%%%%%%%%%%%%%%",
        "4zzzzzzzzzzzzz%%%%%%%%%%%%%%%%%%%%%%%%%%%%%%%%%%",
        "53333333333333%%%%%%%%%%%%%%%%%%%%%%%%%%%%%%%%%%",
        "%%%%%%%%%%%%%%%%%%%%%%%%%%%%%%%%%%%%%%%%%%%%%%%%",
        "%%%%%%%%%%%%%%%%%%%%%%%%%%%%%%%%%%%%%%%%%%%%%%%%",
        "%%%%%%%%%%%%%%%%%%%%%%%%%%%%%%%%%%%%%%%%%%%%%%%%",
        "%%%%%%%%%%%%%%%%%%%%%%%%%%%%%%%%%%%%%%%%%%%%%%%%",
        "%%%%%%%%%%%%%%%%%%%%%%%%%%%%%%%%%%%%%%%%%%%%%%%%",
        "%%%%%%%%%%%%%%%%%%%%%%%%%%%%%%%%%%%%%%%%%%%%%%%%",
        "%%%%%%%%%%%%%%%%%%%%%%%%%%%%%%%%%%%%%%%%%%%%%%%%",
        "%%%%%%%%%%%%%%%%%%%%%%%%%%%%%%%%%%%%%%%%%%%%%%%%",
        "%%%%%%%%%%%%%%%%%%%%%%%%%%%%%%%%%%%%%%%%%%%%%%%%",
        "%%%%%%%%%%%%%%%%%%%%%%%%%%%%%%%%%%%%%%%%%%%%%%%%",
        "%%%%%%%%%%%%%%%%%%%%%%%%%%%%%%%%%%%%%%%%%%%%%%%%",
        "%%%%%%%%%%%%%%%%%%%%%4zzzzzzz|%%%%%%%%%%%%%%%%%%",
        "%%%%%%%%%%%%%%%%%%%%%4zzzzzzz|%%%%%%%%%%%%%%%%%%",
        "%%%%%%%%%%%%%%%%%%%%%4zzzzzzz|%%%%%%%%%%%%%%%%%%",
        "%%%%%%%%%%%%%%%%%%%%%4zzzzzzz|%%%%%%%%%%%%%%%%%%",
        "%%%%%%%%%%%%%%%%%%%%%4zzzzzzz|%%%%%%%%%%%%%%%%%%",
        "%%%%%%%%%%%%%%%%%%%%%4zzzzzzz|%%%%%%%%%%%%%%%%%%",
        "%%%%%%%%%%%%%%%%%%%%%533333335%%%%%%%%%%%%%%%%%%",
        "%%%%%%%%%%%%%%%%%%%%%%%%%%%%%%%%%%%%%%%%%%%%%%%%",
        "%%%%%%%%%%%%%%%%%%%%%%%%%%%%%%%%%%%%%%%%%%%%%%%%"
      ],
      "palettes": [ "lumberyard" ],
      "terrain": { "o": "t_concrete" },
      "place_terrain": [ { "ter": "t_gas_pump", "x": 4, "y": 39 } ],
      "place_liquids": [ { "liquid": "gasoline", "x": 4, "y": 39, "repeat": [ 200, 1075 ] } ],
      "place_vehicles": [
        { "vehicle": "flatbed_truck", "x": [ 43, 45 ], "y": 33, "chance": 30, "fuel": 25, "status": 1, "rotation": 90 },
        {
          "vehicle": "pickup",
          "x": [ 35, 37 ],
          "y": [ 28, 31 ],
          "chance": 30,
          "fuel": 25,
          "status": 1,
          "rotation": 90
        },
        { "vehicle": "car", "x": [ 29, 31 ], "y": [ 27, 30 ], "chance": 30, "fuel": 15, "status": 1, "rotation": 90 }
      ]
    }
  },
  {
    "type": "mapgen",
    "method": "json",
    "om_terrain": [ "lumbermill_dforest" ],
    "weight": 100,
    "object": {
      "rotation": [ 0, 3 ],
      "rows": [
        "   *   *  ____ *      * ",
        "   1      ____      7   ",
        " * 1 1    ____  2       ",
        "   1 1     ____         ",
        "   1    *  ____  7  *   ",
        "     2     ____         ",
        "          ____  *      *",
        "  2    7  ____     2    ",
        " *   *    _____      7  ",
        "   ______________       ",
        "__________   7 ___ * ___",
        "__________ 2 *  ________",
        "________________________",
        "___     ________________",
        "  7     _____________   ",
        "    2    ________  7   *",
        "    *    ____        12 ",
        "      7 ____ *       1  ",
        " 2      ____   2 *   1  ",
        "    7   ____            ",
        " *       ____         7 ",
        "         ____  7        ",
        "      2 7 ____ *   2    ",
        " 7        ____        * "
      ],
      "palettes": [ "lumberyard" ]
    }
  },
  {
    "type": "mapgen",
    "method": "json",
    "om_terrain": [ "lumbermill_dforest" ],
    "weight": 100,
    "object": {
      "rotation": [ 0, 3 ],
      "rows": [
        "   *   *  ____ *      * ",
        "          ____      2   ",
        " *        ____  2       ",
        "         ____           ",
        "        *____    *  *   ",
        " 111 2   ____           ",
        "        ____    *      *",
        "  2    *____       2    ",
        " *   *  ____         2  ",
        "   ________________     ",
        "________________________",
        "________________________",
        "________________________",
        "___     _____1     _____",
        "  7     _____1 111111   ",
        "    2    ____1     *   *",
        "    *    ____1 1111  12 ",
        "      2 ____ *       1  ",
        " 2   1  ____   2 *   1  ",
        "    *1  ____            ",
        " *   1   ____     2   * ",
        "   2     ____  *        ",
        "      2 * ____     *    ",
        " 2        ____  *     * "
      ],
      "palettes": [ "lumberyard" ]
    }
  },
  {
    "type": "mapgen",
    "method": "json",
    "om_terrain": [ "lumbermill_dforest" ],
    "weight": 100,
    "object": {
      "rotation": [ 0, 3 ],
      "rows": [
        "          ____          ",
        "       *  ____  *    2  ",
        "  *        ____         ",
        "     2     ____  2   *  ",
        "         * ____         ",
        "   *   1    ____      2 ",
        "       1    ____   *    ",
        "  *         ____   2    ",
        "      *    *____      * ",
        "  2      ____________   ",
        "________________________",
        "________________________",
        "____________    ________",
        "__________    *      ___",
        "     _____  2         * ",
        "      ____    *         ",
        "*   * ____        *     ",
        "  2    ____  *        2 ",
        "       ____     2       ",
        "   *    ____       *    ",
        "        ____          2 ",
        " 2       ____  *        ",
        "      *  ____      2    ",
        " *        ____         *"
      ],
      "palettes": [ "lumberyard" ]
    }
  },
  {
    "type": "mapgen",
    "method": "json",
    "om_terrain": [ "lumbermill_dforest" ],
    "weight": 100,
    "object": {
      "rotation": [ 0, 3 ],
      "rows": [
        "          ____          ",
        "  *    2  _______  *    ",
        "    7     _________  2  ",
        "   2      __________    ",
        "          *   _______  *",
        "              ________  ",
        "    *        _________* ",
        "        *  ____________ ",
        " *  2    ______________ ",
        "     __________    ____ ",
        "______________ 1112 ____",
        "____________        ____",
        "___________   *21111____",
        "_____  ____         ____",
        "    2  ____ *           ",
        "        ____   2  *     ",
        "  *     ____         *  ",
        "        ____        7   ",
        " 2   *   ____ *         ",
        "         ____     2     ",
        "     2   ____          *",
        " *       ____           ",
        "  7       ____  2 *     ",
        "      *   ____          "
      ],
      "palettes": [ "lumberyard" ]
    }
  },
  {
    "type": "mapgen",
    "method": "json",
    "om_terrain": [ "lumbermill_dforest" ],
    "weight": 100,
    "object": {
      "rotation": [ 0, 3 ],
      "rows": [
        "     *    ____   *      ",
        " *        ____       2  ",
        "           ____7   *    ",
        "        *  ____         ",
        "    2      ____      *  ",
        " 7          ____ *   1  ",
        "     *   *  ____     1  ",
        "            ____   2    ",
        " *       2  ______    * ",
        "             ________   ",
        "__  11111 *  ___________",
        "___          ___________",
        "____ 11111______________",
        "______  ______       ___",
        "  __________            ",
        "    _______  *       *  ",
        " *    ____       7      ",
        "     2 ____          7  ",
        "        ____  7   *     ",
        "   *    ____            ",
        " *       ____      7    ",
        "   2     ____           ",
        "       *  ____  *       ",
        "  *     2 ____        * "
      ],
      "palettes": [ "lumberyard" ]
    }
  },
  {
    "type": "mapgen",
    "method": "json",
    "om_terrain": [ "lumbermill_dforest" ],
    "weight": 100,
    "object": {
      "rotation": [ 0, 3 ],
      "rows": [
        " *     *  ____        * ",
        "      2   ____ *  2     ",
        "    *     ____          ",
        "7       ________   *    ",
        "      _____  _____   2  ",
        "  2   ____    _____     ",
        "*    ____     _______ * ",
        "   * ____  *    ______  ",
        "    ____          _____ ",
        "  ______  2     *  ____ ",
        "______       11111  ____",
        "_____    *       2  ____",
        "____       111111  _____",
        "_____  *     *   ___ ___",
        " ______       ____      ",
        "  _______    ___   7    ",
        "    ______  __      *   ",
        "  2  _____ __   2     * ",
        "       _____            ",
        "*    *  ____    *     2 ",
        " 2       ____     7     ",
        "         ____           ",
        "   *   2  ____   2   *  ",
        "          ____          "
      ],
      "palettes": [ "lumberyard" ]
    }
  }
]
