[
  {
    "type": "mapgen",
    "method": "json",
    "om_terrain": [
      [ "marina_5", "marina_4", "marina_3", "marina_2", "marina_1" ],
      [ "marina_10", "marina_9", "marina_8", "marina_7", "marina_6" ],
      [ "marina_15", "marina_14", "marina_13", "marina_12", "marina_11" ],
      [ "marina_20", "marina_19", "marina_18", "marina_17", "marina_16" ]
    ],
    "weight": 250,
    "object": {
      "rows": [
        "````````````````````````````````````````````````````````````````````````````````````````````````````````````````````````",
        "````````````````````````````````````````````````````````````````````````````````````````````````````````````````````````",
        "````````````````````````````````````````````````````````````````````````````````````````````````````````````````````````",
        "````````````````````````````````````````````````````````````````````````````````````````````````````````````````````````",
        "````````````````````````````````````````````````````````````````````````````````````````````````````````````````````````",
        "````````````````````````````````````````````````````````````````````````````````````````````````````````````````````````",
        "!!!`````!!!`````!!!`````!!!`````!!!```````````!!!B!!!!!!!!!!!!!!!!!B!!!!!!!!!!!!!!!B!!!!!````````````````````````````!!!",
        "!!!`````!!!`````!!!`````!!!`````!!!```````````!!!!!!!!!!!!!!!!!!!!!!!!!!!!!!!!!!!!!!!!!!!````````````````````````````!!!",
        "!!!`````B!!`````B!!`````B!!`````B!!```````````!!!!!!!!!!!!!!!!!!!!!!!!!!!!!!!!!!!!!!!!!!!````````````````````````````!!!",
        "!!!`````!!!`````!!!`````!!!`````!!!```````````!!!`````````````!!!`````!!!`````````````!!!````````````````````````````!!!",
        "!!!`````!!!`````!!!`````!!!`````!!!```````````!!!`````````````!!!`````!!!`````````````!!!````````````````````````````!!!",
        "!!!!!!!!!!!!!!!!!!!!!!!!!!!!!!!!!!!```````````!!B`````````````B!!`````B!B`````````````B!B````````````````````````````B!!",
        "!!!!!!!!!!!!!!!!!!!!!!!!!!!!!!!!!!!```````````!!!`````````````!!!`````!!!`````````````!!!````````````````````````````!!!",
        "!!!!!!!!!!!!!!!!!!!!!!!!!!!!!!!!!!!```````````!!!`````````````!!!`````!!!`````````````!!!````````````````````````````!!!",
        "!!!`````!!!`````!!!`````!!!`````!!!```````````!!!`````````````````````````````````````!!!````````````````````````````!!!",
        "!!!`````!!!`````!!!`````!!!`````!!!```````````!!!!!!!!```````````````````````````!!!!!!!!````````````````````````````!!!",
        "!!!`````B!!`````B!!`````B!!`````B!!```````````!!!!!!!!```````````````````````````!!!!!!!!````````````````````````````!!!",
        "!!!`````!!!`````!!!`````!!!`````!!!```````````!!!!!B!!```````````````````````````!!B!!!!!````````````````````````````!!!",
        "!!!`````!!!`````!!!`````!!!`````!!!```````````!!!`````````````````````````````````````!!!````````````````````````````!!!",
        "!!!```````````````````````````````````````````!!!`````````````````````````````````````!!!````````````````````````````!!!",
        "!!!```````````````````````````````````````````!!!`````````````````````````````````````!!!````````````````````````````!!!",
        "!!!```````````````````````````````````````````!!!`````````````````````````````````````!!!````````````````````````````!!!",
        "!!!```````````````````````````````````````````!!!`````````````````````````````````````!!!````````````````````````````!!!",
        "!!!```````````````````````````````````````````!!!!!B!!```````````````````````````!!B!!!!B````````````````````````````B!!",
        "!!!```````````````````````````````````````````!!!!!!!!```````````````````````````!!!!!!!!````````````````````````````!!!",
        "!!!```````````````````````````````````````````!!!!!B!!```````````````````````````!!B!!!!!````````````````````````````!!!",
        "!!!```````````````````````````````````````````````````````````````````````````````````!!!````````````````````````````!!!",
        "!!!```````````````````````````````````````````````````````````````````````````````````!!!````````````````````````````!!!",
        "!!!```````````````````````````````````````````````````````````````````````````````````!!!````````````````````````````!!!",
        "!!!`````!!!`````!!!`````!!!`````!!!```````````````````````````````````````````````````!!!````````````````````````````!!!",
        "!!!`````!!!`````!!!`````!!!`````!!!```````````````````````````````````````````````````!!!````````````````````````````!!!",
        "!!!`````B!!`````B!!`````B!!`````B!!```````````````````````````````````````````````````!!!````````````````````````````!!!",
        "!!!`````!!!`````!!!`````!!!`````!!!```````````````````````````````````````````````````!!!````````````````````````````!!!",
        "!!!`````!!!`````!!!`````!!!`````!!!```````````````````````````````````````````````````!!!````````````````````````````!!!",
        "!!!!!!!!!!!!!!!!!!!!!!!!!!!!!!!!!!!```````````!!!!!B!!!!!!!!!!!!!!!!!!!!!!!!!!!!!!!B!!!!!!!!!!!!!!B!!!!!!!!``````````!!!",
        "!!!!!!!!!!!!!!!!!!!!!!!!!!!!!!!!!!!```````````!!!!!!!!!!!!!!!!!!!!!!!!!!!!!!!!!!!!!!!!!!!!!!!!!!!!!!!!!!!!!``````````!!!",
        "!!!!!!!!!!!!B!!!!!!!!!!!!!!!!B!!!!!```````````!!!!!B!!!!!!!!!!!!!!!!!!!!!!!!!!!!!!!B!!!!!!!!!!!!!!B!!!!!!!!``````````!!!",
        "!!!```````````````````````````````````````````````````````````````````````````````````!!!````````````````````````````!!!",
        "!!!```````````````````````````````````````````````````````````````````````````````````!!!````````````````````````````!!!",
        "!!!```````````````````````````````````````````````````````````````````````````````````!!!````````````````````````````!!!",
        "!!!```````````````````````````````````````````````````````````````````````````````````!!!````````````````````````````!!!",
        "!!!```````````````````````````````````````````````````````````````````````````````````!!!````````````````````````````!!!",
        "!!!```````````````````````````````````````````````````````````````````````````````````!!!````````````````````````````!!!",
        "!!!```````````````````````````````````````````````````````````````````````````````````!!!````````````````````````````!!!",
        "!!!```````````````````````````````````````````````````````````````````````````````````!!!````````````````````````````!!!",
        "!!!```````````````````````````````````````````````````````````````````````````````````!!!````````````````````````````!!!",
        "!!!```````````````````````````````````````````````````````````````````````````````````!!!````````````````````````````!!!",
        "!!!```````````````````````````````````````````````````````````````````````````````````!!!````````````````````````````!!!",
        "!!!`````!!!`````!!!`````!!!`````!!!```````````!!!`````!!!`````!!!`````!!!`````!!!`````!!!`````!!!`````!!!`````!!!````!!!",
        "!!!`````!!!`````!!!`````!!!`````!!!```````````!!!`````!!!`````!!!`````!!!`````!!!`````!!!`````!!!`````!!!`````!!!````!!!",
        "!!!`````B!!`````B!!`````B!!`````B!!```````````!!B`````!!B`````!!B`````!!B`````!!B`````!!B`````!!B`````!!B`````!!B````!!!",
        "!!!`````!!!`````!!!`````!!!`````!!!```````````!!!`````!!!`````!!!`````!!!`````!!!`````!!!`````!!!`````!!!`````!!!````!!!",
        "!!!`````!!!`````!!!`````!!!`````!!!##.......##!!!`````!!!`````!!!`````!!!`````!!!`````!!!`````!!!`````!!!`````!!!````!!!",
        "!!!!!!!!!!!!!!!!!!!!!!!!!!!!!!!!!!!!#.......#!!!!!!!!!!!!!!!!!!!!!!!!!!!!!!!!!!!!!!!!!!!!!!!!!!!!!!!!!!!!!!!!!!!!!!!!!!!",
        "!!!!!!!!!!!!!!!!!!!!!!!!!!!!!!!!!!!!#.......#!!!!!!!!!!!!!!!!!!!!!!!!!!!!!!!!!!!!!!!!!!!!!!!!!!!!!!!!!!!!!!!!!!!!!!!!!!!",
        "!!!!!!!!!!!!!!!!!!!!!!!!!!!!!!!!!!!!#.......#!!!!!!!!!!!!!!!!!!!!!!!!!!!!!!!!!!!!!!!!!!!!!!!!!!!!!!!!!!!!!!!!!!!!!!!!!!!",
        "''''''''''''|---w---|''''''''''';;;##.......##;;;'''''''''''''''''''''''^^^^^^''^^^^^^;;;|-w---w---w-|--w---w--|---|---|",
        "''%%b''b%%''wp~~~SSSw''%%b''b%%';;;q#.......#q;;;'%%b''b%%b''b%%b''b%%b'^c''ct''''c'q^;;;wSSSpSSSpSSS|ffCCooCss|~*&|~*&|",
        "''%%b''b%%''|~~~~~TS|''%%b''b%%';;;'#.......#';;;'%%b''b%%b''b%%b''b%%b'^tc''c''''t''^;;;|ST~~~T~~~TS|~~~~~~~~~|~--|~--|",
        "''''''''''''|~~~~~~~+''''''''''';;;'#.......#';;;'''''''''''''''''''''''''''''''''c''';;;+~~~~~~~~~~~|~~~~~~~~Q|~~s|~~s|",
        "''''''''''''|~~~~~~~+''''''''''';;;'#.......#';;;''''''''''''''''''''''''''''tc''''''';;;+~~~~~~~~~~e|----+----|*--|*--|",
        "''%%b''b%%''|~~~~CCC|''%%b''b%%';;;'#.......#';;;'%%b''b%%b''b%%b''b%%b'^tc''c'''ctc'^;;;|ST~~~T~~~~~~~~~~~~~~~~~~~~~~p|",
        "''%%b''b%%''wp~~~~DQw''%%b''b%%';;;q#.......#q;;;'%%b''b%%b''b%%b''b%%b'^c'''''''''''^;;;wSSSpSSSp~~~~~~~~~~~~~~p|-*---|",
        "''''''''''''|---w---|''''''''''';;;##.......##;;;'''''''''''''''''''''''^^^^^^''^^^^^^;;;|-w---w---w---w---w---w-|;;;dd|",
        ";;;;;;;;;;;;;;;;;;;;;;;;;;;;;;;;;;;;;,,,,,,,;;;;;;;;;;;;;;;;;;;;;;;;;;;;;;;;;;;;;;;;;;;;;;;;;;;;;;;;;;;;;;;;;;;;;;;;;;;;",
        ".....,.....,.....,.....,.....,.....,...........,.....,.....,.....,.....,.....,.....,.....,.....,.....,.....,.....,.....,",
        ".....,.....,.....,.....,.....,.....,...........,.....,.....,.....,.....,.....,.....,.....,.....,.....,.....,.....,.....,",
        ".....,.....,.....,.....,.....,.....,...........,.....,.....,.....,.....,.....,.....,.....,.....,.....,.....,.....,.....,",
        ".....,.....,.....,.....,.....,.....,...........,.....,.....,.....,.....,.....,.....,.....,.....,.....,.....,.....,.....,",
        ".....,.....,.....,.....,.....,.....,...........,.....,.....,.....,.....,.....,.....,.....,.....,.....,.....,.....,.....,",
        ".....,.....,.....,.....,.....,.....,...........,.....,.....,.....,.....,.....,.....,.....,.....,.....,.....,.....,.....,",
        ".....,.....,.....,.....,.....,.....,...........,.....,.....,.....,.....,.....,.....,.....,.....,.....,.....,.....,.....,",
        "........................................................................................................................",
        "........................................................................................................................",
        "........................................................................................................................",
        "........................................................................................................................",
        "........................................................................................................................",
        "........................................................................................................................",
        "........................................................................................................................",
        "........................................................................................................................",
        "                                                    ................                                                    ",
        "                                                    ................                                                    ",
        "                                                    ................                                                    ",
        "                                                    ................                                                    ",
        "                                                    ................                                                    ",
        "                                                    ................                                                    ",
        "                                                    ................                                                    ",
        "                                                    ................                                                    ",
        "                                                    ................                                                    ",
        "                                                    ................                                                    ",
        "                                                    ................                                                    ",
        "                                                    ................                                                    ",
        "                                                    ................                                                    ",
        "                                                    ................                                                    ",
        "                                                    ................                                                    ",
        "                                                    ................                                                    "
      ],
      "terrain": {
        "%": [ "t_tree", "t_tree_walnut", "t_tree_chestnut", "t_tree_beech", "t_tree_hazelnut", "t_tree_cottonwood", "t_tree_elm" ],
        " ": [
          [ "t_grass", 20 ],
          [ "t_grass_dead", 3 ],
          [ "t_grass_tall", 5 ],
          [ "t_grass_long", 3 ],
          [ "t_dirt", 5 ],
          [ "t_shrub", 2 ],
          [ "t_tree", 1 ]
        ],
        "^": [ "t_shrub" ],
        "~": [ "t_floor" ],
        "&": [ "t_floor" ],
        "`": [ "t_water_dp" ],
        "!": [ "t_dock" ],
        "#": [ "t_guardrail" ],
        "'": [ "t_concrete" ],
        ".": [ "t_pavement" ],
        ",": [ "t_pavement_y" ],
        ";": [ "t_sidewalk" ],
        "|": [ "t_wall_w" ],
        "-": [ "t_wall_w" ],
        "+": [ "t_door_glass_white_c" ],
        "*": [ "t_door_c" ],
        "b": [ "t_concrete" ],
        "c": [ "t_concrete" ],
        "d": [ "t_pavement" ],
        "e": [ "t_floor" ],
        "f": [ "t_floor" ],
        "o": [ "t_floor" ],
        "p": [ "t_floor" ],
        "q": [ "t_concrete" ],
        "s": [ "t_floor" ],
        "t": [ "t_concrete" ],
        "w": [ "t_window_domestic", "t_curtains" ],
        "B": [ "t_dock" ],
        "C": [ "t_floor" ],
        "D": [ "t_floor" ],
        "Q": [ "t_floor" ],
        "S": [ "t_floor" ],
        "T": [ "t_floor" ]
      },
      "furniture": {
        "b": [ "f_bench" ],
        "c": [ "f_chair" ],
        "d": [ "f_dumpster" ],
        "e": [ "f_bookcase" ],
        "f": [ "f_fridge" ],
        "o": [ "f_oven" ],
        "p": [ "f_indoor_plant", "f_indoor_plant_y" ],
        "q": [ "f_trashcan" ],
        "s": [ "f_sink" ],
        "t": [ "f_table" ],
        "B": [ "f_bitts" ],
        "C": [ "f_counter" ],
        "D": [ "f_stool" ],
        "Q": [ "f_trashcan" ],
        "S": [ "f_sofa" ],
        "T": [ "f_table" ]
      },
      "toilets": { "&": {  } },
      "place_vendingmachines": [ { "item_group": "vending_food", "x": 13, "y": 59 }, { "item_group": "vending_drink", "x": 13, "y": 60 } ],
      "items": {
        "f": { "item": "fridge", "chance": 70, "repeat": [ 1, 3 ] },
        "e": { "item": "novels", "chance": 70, "repeat": [ 2, 4 ] },
        "o": { "item": "oven", "chance": 70 },
        "q": { "item": "trash_cart", "chance": 50, "repeat": [ 2, 3 ] },
        "Q": { "item": "trash_cart", "chance": 50, "repeat": [ 2, 3 ] }
      },
      "place_item": [ { "item": "laptop", "x": 18, "y": 61, "chance": 80 } ],
      "place_loot": [ { "group": "magazines", "x": 18, "y": 58, "chance": 80, "repeat": [ 1, 3 ] } ],
      "place_vehicles": [
        { "chance": 10, "fuel": 15, "vehicle": "boat_motor_single", "x": 5, "y": 10, "rotation": 270 },
        { "chance": 10, "fuel": 15, "vehicle": "boat_motor_single", "x": 13, "y": 10, "rotation": 270 },
        { "chance": 10, "fuel": 15, "vehicle": "boat_motor_single", "x": 21, "y": 10, "rotation": 270 },
        { "chance": 10, "fuel": 15, "vehicle": "boat_motor_single", "x": 29, "y": 10, "rotation": 270 },
        { "chance": 10, "fuel": 15, "vehicle": "boat_motor_single", "x": 7, "y": 14, "rotation": 90 },
        { "chance": 10, "fuel": 15, "vehicle": "boat_motor_single", "x": 15, "y": 14, "rotation": 90 },
        { "chance": 10, "fuel": 15, "vehicle": "boat_motor_single", "x": 23, "y": 14, "rotation": 90 },
        { "chance": 10, "fuel": 15, "vehicle": "boat_motor_single", "x": 31, "y": 14, "rotation": 90 },
        { "chance": 10, "fuel": 15, "vehicle": "boat_motor_single", "x": 5, "y": 33, "rotation": 270 },
        { "chance": 10, "fuel": 15, "vehicle": "boat_motor_single", "x": 13, "y": 33, "rotation": 270 },
        { "chance": 10, "fuel": 15, "vehicle": "boat_motor_single", "x": 21, "y": 33, "rotation": 270 },
        { "chance": 10, "fuel": 15, "vehicle": "boat_motor_single", "x": 29, "y": 33, "rotation": 270 },
        { "chance": 10, "fuel": 15, "vehicle": "boat_motor_single", "x": 5, "y": 52, "rotation": 270 },
        { "chance": 10, "fuel": 15, "vehicle": "boat_motor_single", "x": 13, "y": 52, "rotation": 270 },
        { "chance": 10, "fuel": 15, "vehicle": "boat_motor_single", "x": 21, "y": 52, "rotation": 270 },
        { "chance": 10, "fuel": 15, "vehicle": "boat_motor_single", "x": 29, "y": 52, "rotation": 270 },
        { "chance": 10, "fuel": 15, "vehicle": "boat_motor_single", "x": 49, "y": 52, "rotation": 270 },
        { "chance": 10, "fuel": 15, "vehicle": "boat_motor_single", "x": 57, "y": 52, "rotation": 270 },
        { "chance": 10, "fuel": 15, "vehicle": "boat_motor_single", "x": 65, "y": 52, "rotation": 270 },
        { "chance": 10, "fuel": 15, "vehicle": "boat_motor_single", "x": 73, "y": 52, "rotation": 270 },
        { "chance": 10, "fuel": 15, "vehicle": "boat_motor_single", "x": 81, "y": 52, "rotation": 270 },
        { "chance": 10, "fuel": 15, "vehicle": "boat_motor_single", "x": 89, "y": 52, "rotation": 270 },
        { "chance": 10, "fuel": 15, "vehicle": "boat_motor_single", "x": 97, "y": 52, "rotation": 270 },
        { "chance": 10, "fuel": 15, "vehicle": "boat_motor_single", "x": 105, "y": 52, "rotation": 270 },
        { "chance": 10, "fuel": 15, "vehicle": "boat_motor_single", "x": 113, "y": 52, "rotation": 270 },
        { "chance": 10, "fuel": 15, "vehicle": "boat_motor_single", "x": 61, "y": 9, "rotation": 90 },
        { "chance": 10, "fuel": 15, "vehicle": "boat_motor_single", "x": 69, "y": 9, "rotation": 90 },
        { "chance": 10, "fuel": 15, "vehicle": "boat_motor_single", "x": 75, "y": 9, "rotation": 90 }
      ]
    }
  }
]
