[
  {
    "type": "mapgen",
    "method": "json",
    "om_terrain": [ "craft_shop_1" ],
    "weight": 200,
    "object": {
      "fill_ter": "t_strconc_floor",
      "rows": [
        "__________8888888888888_",
        "__________8___________8_",
        "__________8_|--||--||_8_",
        "_8888^^^^^8_-P.k...P|_8_",
        "_8__________+..kh..N|_8_",
        "_8__________-b.kk.||||8_",
        "_8________s_|b....|.t|8_",
        "_8__|=====%||N....+.S|8_",
        "_8__|.....sLLR...|||||8_",
        "_8__|..............q|<8_",
        "_8__|..........Q...Y|_8_",
        "_8__|........Q.Q...Y|_8_",
        "_8__|q.......Q.Q.#.m|_8_",
        "_8__|q.......Q.Q....|_8_",
        "_8__|q.............P|_8_",
        "_8_U|........?||+-|||_8_",
        "_8_U|R....sRm?|...HHP_8_",
        "_8_4|=====%|--|......_8_",
        "_8________s___________8_",
        "_8_v1__________v3v____8_",
        "_8_vv________vvvvv___28_",
        "_8_____________1_____28_",
        "_8888888888888888888888_",
        "________________________"
      ],
      "terrain": {
        "s": "t_gates_control_concrete",
        "=": "t_door_metal_locked",
        "8": "t_chainfence",
        "-": "t_wall_glass",
        "|": "t_scrap_wall",
        "%": "t_wall",
        "v": "t_junk_wall",
        "^": "t_chaingate_l",
        "+": "t_door_glass_c",
        "_": "t_pavement",
        "U": "t_pavement",
        "2": "t_pavement",
        ".": "t_strconc_floor",
        "3": "t_machinery_heavy",
        "1": "t_machinery_old",
        "#": "t_strconc_floor",
        "<": "t_ladder_up",
        "4": "t_gutter_downspout"
      },
      "furniture": {
        "H": "f_bench",
        "S": "f_sink",
        "#": "f_stool",
        "P": "f_indoor_plant",
        "m": "f_table",
        "h": "f_chair",
        "k": "f_desk",
        "L": "f_locker",
        "R": "f_trashcan",
        "Y": "f_forge_rock",
        "N": "f_vending_c",
        "Q": "f_rack",
        "q": "f_crate_c",
        "U": "f_dumpster",
        "2": "f_standing_tank",
        "?": "f_sofa",
        "b": "f_bench"
      },
      "toilets": { "t": {  } },
      "place_items": [
        { "item": "car_misc", "x": [ 15, 15 ], "y": [ 3, 5 ], "chance": 70, "repeat": [ 2, 10 ] },
        { "item": "car_misc", "x": [ 16, 16 ], "y": [ 5, 5 ], "chance": 70 },
        { "item": "vending_food_items", "x": [ 19, 19 ], "y": [ 4, 4 ], "chance": 70, "repeat": [ 4, 12 ] },
        { "item": "vending_drink_items", "x": [ 13, 13 ], "y": [ 7, 7 ], "chance": 70, "repeat": [ 4, 12 ] },
        { "item": "softdrugs", "x": [ 19, 20 ], "y": [ 6, 7 ], "chance": 20, "repeat": [ 2, 4 ] },
        { "item": "trash", "x": [ 13, 13 ], "y": [ 8, 8 ], "chance": 70 },
        { "item": "trash", "x": [ 3, 3 ], "y": [ 15, 16 ], "chance": 70 },
        { "item": "trash", "x": [ 5, 5 ], "y": [ 16, 16 ], "chance": 70 },
        { "item": "trash", "x": [ 5, 11 ], "y": [ 19, 21 ], "chance": 70 },
        { "item": "trash", "x": [ 5, 5 ], "y": [ 16, 16 ], "chance": 70, "repeat": [ 2, 5 ] },
        { "item": "metal_workshop", "x": [ 19, 19 ], "y": [ 9, 9 ], "chance": 50, "repeat": [ 2, 10 ] },
        { "item": "metal_workshop", "x": [ 19, 19 ], "y": [ 12, 12 ], "chance": 50, "repeat": [ 2, 10 ] },
        { "item": "metal_workshop", "x": [ 15, 15 ], "y": [ 10, 13 ], "chance": 50, "repeat": [ 2, 10 ] },
        { "item": "home_hw", "x": [ 15, 15 ], "y": [ 10, 13 ], "chance": 50, "repeat": [ 2, 10 ] },
        { "item": "consumer_electronics", "x": [ 12, 12 ], "y": [ 16, 16 ], "chance": 70 },
        { "item": "bed", "x": [ 13, 13 ], "y": [ 15, 16 ], "chance": 70 },
        { "item": "alcohol_bottled_canned", "x": [ 12, 12 ], "y": [ 8, 8 ], "chance": 50 },
        { "item": "cleaning", "x": [ 12, 12 ], "y": [ 8, 8 ], "chance": 70, "repeat": [ 2, 10 ] },
        { "item": "snacks", "x": [ 11, 11 ], "y": [ 8, 8 ], "chance": 50 },
        { "item": "jackets", "x": [ 11, 11 ], "y": [ 8, 8 ], "chance": 70, "repeat": [ 2, 4 ] },
        { "item": "metal_workshop", "x": [ 5, 5 ], "y": [ 12, 14 ], "chance": 30, "repeat": [ 2, 10 ] },
        { "item": "metal_workshop", "x": [ 13, 13 ], "y": [ 11, 13 ], "chance": 30, "repeat": [ 2, 10 ] }
      ],
      "place_vehicles": [ { "vehicle": "workshop_vehicles", "x": [ 6, 11 ], "y": [ 9, 15 ], "chance": 50, "fuel": 20, "status": 0 } ],
      "place_monsters": [ { "monster": "GROUP_ZOMBIE", "x": [ 2, 21 ], "y": [ 2, 21 ], "chance": 4 } ]
    }
  },
  {
    "type": "mapgen",
    "method": "json",
    "om_terrain": "craft_shop_roof_1",
    "object": {
      "fill_ter": "t_flat_roof",
      "rows": [
        "                        ",
        "                        ",
        "            |22222223   ",
        "            |.......3   ",
        "            |.......3   ",
        "            |.......33  ",
        "            |........3  ",
        "    |2222222|........3  ",
        "    |...............### ",
        "    |...............#># ",
        "    |..............H### ",
        "    |..............H3   ",
        "    |...............3   ",
        "    |...............3   ",
        "    |...............3   ",
        "    |...............3   ",
        "    |...............3   ",
        "    5---------------3   ",
        "                        ",
        "                        ",
        "                        ",
        "                        ",
        "                        ",
        "                        "
      ],
      "palettes": [ "roof_palette" ],
      "terrain": { ">": "t_ladder_down" },
      "furniture": { "H": "f_chimney" },
      "place_nested": [
        {
          "chunks": [
            [ "null", 20 ],
            [ "roof_2x2_utilities_b", 15 ],
            [ "roof_2x2_utilities_c", 5 ],
            [ "roof_2x2_utilities_d", 40 ],
            [ "roof_2x2_utilities", 50 ],
            [ "roof_2x2_golf", 20 ],
            [ "roof_3x3_wine", 30 ]
          ],
          "x": 14,
          "y": 4
        },
        {
          "chunks": [
            [ "null", 20 ],
            [ "roof_4x4_party", 15 ],
            [ "roof_4x4_holdout", 5 ],
            [ "roof_4x4_utility", 40 ],
            [ "roof_4x4_utility_1", 30 ],
            [ "roof_6x6_survivor", 20 ],
            [ "roof_6x6_utility", 20 ]
          ],
          "x": [ 6, 13 ],
          "y": [ 9, 10 ]
        }
      ]
    }
  }
]
