[
  {
    "method": "json",
    "object": {
      "furniture": {
        "#": "f_counter",
        "&": "f_toilet",
        "+": "f_null",
        ".": "f_null",
        "6": "f_arcade_machine",
        "7": "f_pinball_machine",
        "_": "f_null",
        "c": "f_chair",
        "s": "f_sink",
        "t": "f_trashcan",
        "{": "f_vending_c",
        "|": "f_null"
      },
      "place_items": [
        { "chance": 35, "item": "trash_cart", "x": 3, "y": 21 },
        { "chance": 35, "item": "trash_cart", "x": 22, "y": 17 },
        { "chance": 35, "item": "trash_cart", "x": 10, "y": 17 },
        { "chance": 35, "item": "trash_cart", "x": 2, "y": 15 },
        { "chance": 35, "item": "trash_cart", "x": 3, "y": 10 },
        { "chance": 35, "item": "trash_cart", "x": 12, "y": 2 },
        { "chance": 75, "item": "vending_food_items", "x": [ 1, 2 ], "y": 13 },
        { "chance": 35, "item": "misc_smoking", "x": 5, "y": 7 },
        { "chance": 75, "item": "vending_drink_items", "x": [ 3, 4 ], "y": 13 },
        { "chance": 45, "item": "toy_store", "x": 21, "y": 22 },
        { "chance": 45, "item": "toy_store", "x": 8, "y": 14 },
        { "chance": 55, "item": "trash", "x": 17, "y": 11 },
        { "chance": 55, "item": "trash", "x": 18, "y": 1 },
        { "chance": 45, "item": "candy_shop", "x": 14, "y": 19 }
      ],
      "place_monsters": [ { "chance": 15, "density": 0.25, "monster": "GROUP_ZOMBIE", "x": 12, "y": 15 } ],
      "place_toilets": [
        { "x": 1, "y": 5 },
        { "x": 3, "y": 5 },
        { "x": 5, "y": 5 },
        { "x": 7, "y": 5 },
        { "x": 9, "y": 5 },
        { "x": 11, "y": 5 },
        { "x": 13, "y": 5 },
        { "x": 15, "y": 5 },
        { "x": 17, "y": 5 },
        { "x": 19, "y": 5 },
        { "x": 1, "y": 7 },
        { "x": 3, "y": 7 },
        { "x": 5, "y": 7 },
        { "x": 7, "y": 7 },
        { "x": 9, "y": 7 },
        { "x": 11, "y": 7 },
        { "x": 13, "y": 7 }
      ],
      "rows": [
        "||||||||||||||||||||||||",
        "|#s#s#s#s#s#s#s#s#t....|",
        "|......................|",
        "|......................|",
        "|_|+|_|_|_|+|_|+|+|_|..|",
        "|&|&|&|&|&|&|&|&|&|&|..|",
        "|||||||||||||||||||||...",
        "|&|&|&|&|&|&|&|&|&|&|...",
        "|_|_|+|_|+|_|_|.....||||",
        "|...................||||",
        "|.......................",
        "|#s#s#s#s#s#s#s##t......",
        "||||||||||||||||||||||||",
        "|{{{{|6.6.6...7.7..66..|",
        "|....|c.c.c............|",
        "|.......................",
        "|......c........c.......",
        "|...66666....6666.......",
        "|...66666....6666.......",
        "|...c.c.......c........|",
        "|....................c6|",
        "|7...................c6|",
        "|....................c6|",
        "|...7.7.7.7.7.7.7.7....|"
      ],
      "terrain": {
        "#": "t_floor",
        "&": "t_floor",
        "+": "t_door_metal_c",
        ".": "t_floor",
        "6": "t_floor",
        "7": "t_floor",
        "_": "t_door_metal_o",
        "c": "t_floor",
        "s": "t_floor",
        "t": "t_floor",
        "{": "t_floor",
        "|": "t_wall"
      }
    },
    "om_terrain": "movietheater_0_0",
    "type": "mapgen",
    "weight": 100
  },
  {
    "method": "json",
    "object": {
      "furniture": { "#": "f_chair", "-": "f_null", ".": "f_null", "H": "f_armchair", "|": "f_null" },
      "place_items": [
        { "chance": 5, "item": "alcohol", "x": 22, "y": 3 },
        { "chance": 5, "item": "alcohol", "x": 23, "y": 1 },
        { "chance": 25, "item": "jackets", "x": 23, "y": 16 },
        { "chance": 25, "item": "jackets", "x": 6, "y": 11 },
        { "chance": 25, "item": "jackets", "x": 23, "y": 2 },
        { "chance": 15, "item": "bags", "x": 15, "y": 9 },
        { "chance": 15, "item": "bags", "x": 4, "y": 5 },
        { "chance": 35, "item": "trash_cart", "x": 16, "y": 22 },
        { "chance": 35, "item": "trash_cart", "x": 6, "y": 20 },
        { "chance": 35, "item": "trash_cart", "x": 20, "y": 18 },
        { "chance": 35, "item": "trash_cart", "x": 7, "y": 17 },
        { "chance": 35, "item": "trash_cart", "x": 17, "y": 16 },
        { "chance": 35, "item": "trash_cart", "x": 14, "y": 14 },
        { "chance": 35, "item": "trash_cart", "x": 20, "y": 13 },
        { "chance": 35, "item": "trash_cart", "x": 4, "y": 13 },
        { "chance": 35, "item": "trash_cart", "x": 10, "y": 12 },
        { "chance": 35, "item": "trash_cart", "x": 13, "y": 11 },
        { "chance": 35, "item": "trash_cart", "x": 21, "y": 9 },
        { "chance": 35, "item": "trash_cart", "x": 6, "y": 8 },
        { "chance": 35, "item": "trash_cart", "x": 16, "y": 7 },
        { "chance": 35, "item": "trash_cart", "x": 10, "y": 7 },
        { "chance": 35, "item": "trash_cart", "x": 14, "y": 5 },
        { "chance": 35, "item": "trash_cart", "x": 19, "y": 4 },
        { "chance": 35, "item": "trash_cart", "x": 9, "y": 4 },
        { "chance": 35, "item": "trash_cart", "x": 17, "y": 1 }
      ],
      "place_monsters": [ { "chance": 15, "density": 0.25, "monster": "GROUP_ZOMBIE", "x": 12, "y": 10 } ],
      "rows": [
        "||||||||||||||||||||||||",
        "|......................#",
        "D........#.#.#.#.#.#.#.#",
        "|........#.#.#.#.#.#.#.#",
        "|...H.H..#.#.#.#.#.#.#.#",
        "|...H.H..#.#.#.#.#.#.#.#",
        "|...H.H..#.#.#.#.#.#.#.#",
        "|...H.H..#.#.#.#.#.#.#.#",
        "|...H.H..#.#.#.#.#.#.#.#",
        "|...H.H..#.#.#.#.#.#.#.#",
        "|...H.H..#.#.#.#.#.#.#.#",
        "|...H.H..#.#.#.#.#.#.#.#",
        "|...H.H..#.#.#.#.#.#.#.#",
        "|...H.H..#.#.#.#.#.#.#.#",
        "|...H.H..#.#.#.#.#.#.#.#",
        "|...H.H..#.#.#.#.#.#.#.#",
        "|........#.#.#.#.#.#.#.#",
        "|........#.#.#.#.#.#.#.#",
        "|......................#",
        "|.......----.-----||||||",
        "|.......................",
        "|.......................",
        "|.......................",
        "||||||||||||||||||||||||"
      ],
      "terrain": { "#": "t_floor", "D": "t_door_c", "-": "t_railing_h", ".": "t_floor", "H": "t_floor", "|": "t_wall" }
    },
    "om_terrain": "movietheater_0_1",
    "type": "mapgen",
    "weight": 100
  },
  {
    "method": "json",
    "object": {
      "furniture": { "#": "f_chair", "-": "f_null", ".": "f_null", "H": "f_armchair", "|": "f_null" },
      "place_items": [
        { "chance": 5, "item": "alcohol", "x": 22, "y": 3 },
        { "chance": 5, "item": "alcohol", "x": 23, "y": 1 },
        { "chance": 25, "item": "jackets", "x": 23, "y": 16 },
        { "chance": 25, "item": "jackets", "x": 6, "y": 11 },
        { "chance": 25, "item": "jackets", "x": 23, "y": 2 },
        { "chance": 15, "item": "bags", "x": 15, "y": 9 },
        { "chance": 15, "item": "bags", "x": 4, "y": 5 },
        { "chance": 35, "item": "trash_cart", "x": 16, "y": 22 },
        { "chance": 35, "item": "trash_cart", "x": 6, "y": 20 },
        { "chance": 35, "item": "trash_cart", "x": 20, "y": 18 },
        { "chance": 35, "item": "trash_cart", "x": 7, "y": 17 },
        { "chance": 35, "item": "trash_cart", "x": 17, "y": 16 },
        { "chance": 35, "item": "trash_cart", "x": 14, "y": 14 },
        { "chance": 35, "item": "trash_cart", "x": 20, "y": 13 },
        { "chance": 35, "item": "trash_cart", "x": 4, "y": 13 },
        { "chance": 35, "item": "trash_cart", "x": 10, "y": 12 },
        { "chance": 35, "item": "trash_cart", "x": 13, "y": 11 },
        { "chance": 35, "item": "trash_cart", "x": 21, "y": 9 },
        { "chance": 35, "item": "trash_cart", "x": 6, "y": 8 },
        { "chance": 35, "item": "trash_cart", "x": 16, "y": 7 },
        { "chance": 35, "item": "trash_cart", "x": 10, "y": 7 },
        { "chance": 35, "item": "trash_cart", "x": 14, "y": 5 },
        { "chance": 35, "item": "trash_cart", "x": 19, "y": 4 },
        { "chance": 35, "item": "trash_cart", "x": 9, "y": 4 },
        { "chance": 35, "item": "trash_cart", "x": 17, "y": 1 }
      ],
      "place_monsters": [ { "chance": 15, "density": 0.25, "monster": "GROUP_ZOMBIE", "x": 12, "y": 10 } ],
      "rows": [
        "||||||||||||||||||||||||",
        "|......................#",
        "D........#.#.#.#.#.#.#.#",
        "|........#.#.#.#.#.#.#.#",
        "|...H.H..#.#.#.#.#.#.#.#",
        "|...H.H..#.#.#.#.#.#.#.#",
        "|...H.H..#.#.#.#.#.#.#.#",
        "|...H.H..#.#.#.#.#.#.#.#",
        "|...H.H..#.#.#.#.#.#.#.#",
        "|...H.H..#.#.#.#.#.#.#.#",
        "|...H.H..#.#.#.#.#.#.#.#",
        "|...H.H..#.#.#.#.#.#.#.#",
        "|...H.H..#.#.#.#.#.#.#.#",
        "|...H.H..#.#.#.#.#.#.#.#",
        "|...H.H..#.#.#.#.#.#.#.#",
        "|...H.H..#.#.#.#.#.#.#.#",
        "|........#.#.#.#.#.#.#.#",
        "|........#.#.#.#.#.#.#.#",
        "|......................#",
        "|.......----.-----||||||",
        "|.......................",
        "|.......................",
        "|.......................",
        "||||||||||||||||||||||||"
      ],
      "terrain": { "#": "t_floor", "D": "t_door_c", "-": "t_railing_h", ".": "t_floor", "H": "t_floor", "|": "t_wall" }
    },
    "om_terrain": "movietheater_0_2",
    "type": "mapgen",
    "weight": 100
  },
  {
    "method": "json",
    "object": {
      "furniture": {
        "#": "f_counter",
        "&": "f_null",
        "+": "f_null",
        "-": "f_null",
        ".": "f_null",
        "_": "f_null",
        "d": "f_null",
        "|": "f_null"
      },
      "place_items": [
        { "chance": 35, "item": "trash_cart", "x": 21, "y": 21 },
        { "chance": 35, "item": "trash_cart", "x": 1, "y": 19 },
        { "chance": 35, "item": "trash_cart", "x": 14, "y": 16 },
        { "chance": 35, "item": "trash_cart", "x": 6, "y": 7 },
        { "chance": 35, "item": "trash_cart", "x": 19, "y": 6 },
        { "chance": 35, "item": "trash_cart", "x": 2, "y": 2 },
        { "chance": 35, "item": "trash_cart", "x": 15, "y": 1 },
        { "chance": 5, "item": "jackets", "x": 9, "y": 13 },
        { "chance": 15, "item": "consumer_electronics", "x": 8, "y": 20 },
        { "chance": 5, "item": "shoes", "x": 14, "y": 8 },
        { "chance": 35, "item": "cubical_office", "x": [ 10, 11 ], "y": 20 }
      ],
      "rows": [
        "--||++|||||++|||||++||--",
        "________________________",
        "________________________",
        "--||++|||||++|||||++||--",
        "___.................._&&",
        "___..................___",
        "___..................___",
        "___..................___",
        "___..................___",
        "______............______",
        "______............______",
        "____-_............_-____",
        "______............______",
        "______............______",
        "____-_............_-____",
        "______............______",
        "______............______",
        "____-_............_-____",
        "______............______",
        "______............______",
        "______.-####-.....______",
        "______.d....-.....______",
        "______.------.....______",
        "______............______"
      ],
      "terrain": {
        "#": "t_carpet_purple",
        "&": "t_atm",
        "+": "t_door_glass_c",
        "-": "t_wall",
        ".": "t_carpet_purple",
        "_": "t_floor",
        "d": "t_door_c",
        "|": "t_wall_glass"
      }
    },
    "om_terrain": "movietheater_1_0",
    "type": "mapgen",
    "weight": 100
  },
  {
    "method": "json",
    "object": {
      "furniture": {
        "#": "f_table",
        "&": "f_trashcan",
        "+": "f_null",
        ".": "f_null",
        "H": "f_armchair",
        "^": "f_indoor_plant",
        "_": "f_null",
        "a": "f_null",
        "b": "f_bench",
        "c": "f_chair",
        "d": "f_null",
        "i": "f_indoor_plant",
        "l": "f_locker",
        "w": "f_null",
        "{": "f_vending_c",
        "|": "f_null"
      },
      "place_items": [
        { "chance": 45, "item": "jackets", "x": 1, "y": 17 },
        { "chance": 75, "item": "vending_food_items", "x": 4, "y": 18 },
        { "chance": 75, "item": "vending_food_items", "x": 19, "y": 11 },
        { "chance": 45, "item": "softdrugs", "x": 22, "y": 17 },
        { "chance": 35, "item": "cubical_office", "x": 22, "y": 5 },
        { "chance": 35, "item": "cubical_office", "x": 1, "y": 5 },
        { "chance": 35, "item": "cubical_office", "x": 19, "y": [ 1, 2 ] },
        { "chance": 35, "item": "cubical_office", "x": 3, "y": 1 },
        { "chance": 55, "item": "trash", "x": 19, "y": 9 },
        { "chance": 55, "item": "trash", "x": 4, "y": 9 },
        { "chance": 15, "item": "bags", "x": 1, "y": 18 },
        { "chance": 35, "item": "trash_cart", "x": 10, "y": 21 },
        { "chance": 35, "item": "trash_cart", "x": 19, "y": 20 },
        { "chance": 35, "item": "trash_cart", "x": 6, "y": 14 },
        { "chance": 35, "item": "trash_cart", "x": 8, "y": 9 },
        { "chance": 35, "item": "trash_cart", "x": 14, "y": 5 },
        { "chance": 75, "item": "vending_drink_items", "x": 4, "y": 16 },
        { "chance": 75, "item": "vending_drink_items", "x": 19, "y": 15 },
        { "chance": 75, "item": "vending_drink_items", "x": 4, "y": 14 },
        { "chance": 75, "item": "vending_drink_items", "x": 19, "y": 13 },
        { "chance": 25, "item": "manuals", "x": 20, "y": 1 }
      ],
      "rows": [
        "||||||............||||||",
        "|__##|............|##__|",
        "|__##|b..........b|##__|",
        "|____|b....||....b|____|",
        "|____|b....||....b|___c|",
        "|#___|b..........b|___#|",
        "w#___|b..........b|__c#w",
        "wTc__|b..........b|___Tw",
        "|____|............|____|",
        "|___&|............|&___|",
        "|__|||............|||__|",
        "|__|a_............_{|__|",
        "|__|__............_^|__|",
        "|__|__............_{|__|",
        "|__|{_............_^|__|",
        "|__|^_.....Hi....._{|__|",
        "|__|{_.....iH.....__|__|",
        "|l_|^_............__|_l|",
        "|l_|{_............_a|_l|",
        "||+|||............|||+||",
        "+......................d",
        "|......................|",
        "d......................+",
        "||||||............||||||"
      ],
      "terrain": {
        "#": "t_floor",
        "&": "t_floor",
        "+": "t_door_metal_c",
        ".": "t_carpet_purple",
        "H": "t_carpet_purple",
        "^": "t_floor",
        "_": "t_floor",
        "a": "t_atm",
        "b": "t_carpet_purple",
        "c": "t_floor",
        "d": "t_door_metal_o",
        "i": "t_carpet_purple",
        "l": "t_floor",
        "w": "t_window",
        "{": "t_floor",
        "T": "t_console_broken",
        "|": "t_wall"
      }
    },
    "om_terrain": "movietheater_1_1",
    "type": "mapgen",
    "weight": 100
  },
  {
    "method": "json",
    "object": {
      "furniture": {
        "#": "f_table",
        "&": "f_trashcan",
        "+": "f_null",
        ".": "f_null",
        "H": "f_armchair",
        "^": "f_indoor_plant",
        "_": "f_null",
        "a": "f_null",
        "b": "f_bench",
        "c": "f_chair",
        "d": "f_null",
        "i": "f_indoor_plant",
        "l": "f_locker",
        "w": "f_null",
        "{": "f_vending_c",
        "|": "f_null"
      },
      "place_items": [
        { "chance": 45, "item": "jackets", "x": 1, "y": 17 },
        { "chance": 75, "item": "vending_food_items", "x": 4, "y": 18 },
        { "chance": 75, "item": "vending_food_items", "x": 19, "y": 11 },
        { "chance": 35, "item": "cubical_office", "x": 22, "y": 5 },
        { "chance": 35, "item": "cubical_office", "x": 1, "y": 5 },
        { "chance": 35, "item": "cubical_office", "x": 19, "y": [ 1, 2 ] },
        { "chance": 35, "item": "cubical_office", "x": 3, "y": 1 },
        { "chance": 55, "item": "trash", "x": 19, "y": 9 },
        { "chance": 55, "item": "trash", "x": 4, "y": 9 },
        { "chance": 15, "item": "bags", "x": 1, "y": 18 },
        { "chance": 25, "item": "hatstore_hats", "x": 22, "y": 17 },
        { "chance": 35, "item": "trash_cart", "x": 10, "y": 21 },
        { "chance": 35, "item": "trash_cart", "x": 19, "y": 20 },
        { "chance": 35, "item": "trash_cart", "x": 6, "y": 14 },
        { "chance": 35, "item": "trash_cart", "x": 8, "y": 9 },
        { "chance": 35, "item": "trash_cart", "x": 14, "y": 5 },
        { "chance": 35, "item": "textbooks", "x": 22, "y": 18 },
        { "chance": 75, "item": "vending_drink_items", "x": 4, "y": 16 },
        { "chance": 75, "item": "vending_drink_items", "x": 19, "y": 15 },
        { "chance": 75, "item": "vending_drink_items", "x": 4, "y": 14 },
        { "chance": 75, "item": "vending_drink_items", "x": 19, "y": 13 },
        { "chance": 15, "item": "jackets", "x": 17, "y": 3 },
        { "chance": 25, "item": "manuals", "x": 20, "y": 1 }
      ],
      "rows": [
        "||||||............||||||",
        "|__##|............|##__|",
        "|__##|b..........b|##__|",
        "|____|b....||....b|____|",
        "|____|b....||....b|___c|",
        "|#___|b..........b|___#|",
        "w#___|b..........b|__c#w",
        "wTc__|b..........b|___Tw",
        "|____|............|____|",
        "|___&|............|&___|",
        "|__|||............|||__|",
        "|__|a_............_{|__|",
        "|__|__............_^|__|",
        "|__|__............_{|__|",
        "|__|{_............_^|__|",
        "|__|^_.....Hi....._{|__|",
        "|__|{_.....iH.....__|__|",
        "|l_|^_............__|_l|",
        "|l_|{_............_a|_l|",
        "||+|||............|||+||",
        "+......................d",
        "|......................|",
        "d......................+",
        "||||||||||||||||||||||||"
      ],
      "terrain": {
        "#": "t_floor",
        "&": "t_floor",
        "+": "t_door_metal_c",
        ".": "t_carpet_purple",
        "H": "t_carpet_purple",
        "^": "t_floor",
        "_": "t_floor",
        "a": "t_atm",
        "b": "t_carpet_purple",
        "c": "t_floor",
        "d": "t_door_metal_o",
        "i": "t_carpet_purple",
        "l": "t_floor",
        "w": "t_window",
        "{": "t_floor",
        "T": "t_console_broken",
        "|": "t_wall"
      }
    },
    "om_terrain": "movietheater_1_2",
    "type": "mapgen",
    "weight": 100
  },
  {
    "method": "json",
    "object": {
      "place_item": [
        { "item": "ketchup", "repeat": 1, "x": 17, "y": 16 },
        { "item": "ketchup", "repeat": 1, "x": 17, "y": 17 },
        { "item": "ketchup", "repeat": 1, "x": 17, "y": 18 },
        { "item": "mustard", "repeat": 1, "x": 17, "y": 20 },
        { "item": "mustard", "repeat": 1, "x": 17, "y": 21 },
        { "item": "mustard", "repeat": 1, "x": 17, "y": 22 },
        { "item": "vinegar", "repeat": 1, "x": 17, "y": 22 }
      ],
      "furniture": {
        "#": "f_counter",
        "+": "f_null",
        "-": "f_null",
        ".": "f_null",
        "R": "f_null",
        "X": "f_crate_c",
        "c": "f_chair",
        "g": "f_glass_fridge",
        "o": "f_oven",
        "r": "f_rack",
        "t": "f_table",
        "v": "f_vending_c",
        "{": "f_locker",
        "|": "f_null"
      },
      "place_items": [
        { "chance": 45, "item": "jackets", "x": 22, "y": 18 },
        { "chance": 75, "item": "vending_food_items", "x": 14, "y": 15 },
        { "chance": 75, "item": "vending_food_items", "x": 22, "y": 8 },
        { "chance": 75, "item": "vending_food_items", "x": 22, "y": 2 },
        { "chance": 75, "item": "vending_food_items", "x": 21, "y": 1 },
        { "chance": 55, "item": "office_breakroom", "x": [ 21, 22 ], "y": 21 },
        { "chance": 35, "item": "school", "x": 21, "y": 23 },
        { "chance": 65, "item": "snacks", "x": 22, "y": 9 },
        { "chance": 65, "item": "snacks", "x": 17, "y": [ 8, 9 ] },
        { "chance": 65, "item": "snacks", "x": 22, "y": 7 },
        { "chance": 65, "item": "snacks", "x": 19, "y": 5 },
        { "chance": 65, "item": "snacks", "x": 22, "y": [ 3, 4 ] },
        { "chance": 65, "item": "snacks", "x": 17, "y": [ 3, 4 ] },
        { "chance": 65, "item": "snacks", "x": 22, "y": 1 },
        { "chance": 15, "item": "bags", "x": 21, "y": 18 },
        { "chance": 35, "item": "trash_cart", "x": 8, "y": 20 },
        { "chance": 35, "item": "trash_cart", "x": 1, "y": 15 },
        { "chance": 35, "item": "trash_cart", "x": 12, "y": 1 },
        { "chance": 75, "item": "vending_drink_items", "x": 15, "y": 15 },
        { "chance": 75, "item": "vending_drink_items", "x": 19, "y": 4 },
        { "chance": 75, "item": "vending_drink_items", "x": 20, "y": 1 },
        { "chance": 55, "item": "coffee_shop", "x": 17, "y": [ 6, 7 ] },
        { "chance": 45, "item": "dining", "x": 17, "y": 2 },
        { "chance": 45, "item": "fridgesnacks", "x": [ 14, 15 ], "y": 13 }
      ],
      "place_monsters": [
        { "chance": 15, "density": 0.25, "monster": "GROUP_ZOMBIE", "x": 9, "y": 15 },
        { "chance": 15, "density": 0.0, "monster": "GROUP_ZOMBIE", "x": 21, "y": 11 }
      ],
      "rows": [
        "||||||||||||||||||||||||",
        "|.......-....|..##|.XXX|",
        "|.......-....+...#|...X|",
        "|....||.-.-..|...#|...X|",
        "|....||.-.-..#...#|X..X|",
        "........-.-..#c..#|X...|",
        "........-.-..#...g|....|",
        "........-.-..#...g|...X|",
        "........-.-..#...r|t..X|",
        "..........-..#...r|t..X|",
        "..........-..|...o|....|",
        "........RR-..|.........|",
        ".............|.........|",
        ".............|gg..|....|",
        ".....||......||||||{...|",
        ".....||......|vv##|{...|",
        ".............|...#|{...|",
        ".............|...#||+|||",
        ".................#|..{{|",
        ".................#|....|",
        ".....||..........#|..c.|",
        ".....||..........#|..tt|",
        ".............|...#|.ctt|",
        ".............|...#|.ctt|"
      ],
      "terrain": {
        "#": "t_floor",
        "+": "t_door_c",
        "-": "t_railing_v",
        ".": "t_floor",
        "R": "t_railing_h",
        "X": "t_floor",
        "c": "t_floor",
        "g": "t_floor",
        "o": "t_floor",
        "r": "t_floor",
        "t": "t_floor",
        "v": "t_floor",
        "{": "t_floor",
        "|": "t_wall"
      }
    },
    "om_terrain": "movietheater_2_0",
    "type": "mapgen",
    "weight": 100
  },
  {
    "method": "json",
    "object": {
      "furniture": { "#": "f_chair", "-": "f_null", ".": "f_null", "H": "f_armchair", "|": "f_null" },
      "place_items": [
        { "chance": 5, "item": "alcohol", "x": 0, "y": 17 },
        { "chance": 5, "item": "alcohol", "x": 0, "y": 1 },
        { "chance": 25, "item": "jackets", "x": 6, "y": 11 },
        { "chance": 25, "item": "jackets", "x": 19, "y": 7 },
        { "chance": 25, "item": "jackets", "x": 2, "y": 7 },
        { "chance": 15, "item": "bags", "x": 15, "y": 9 },
        { "chance": 15, "item": "bags", "x": 4, "y": 5 },
        { "chance": 35, "item": "trash_cart", "x": 16, "y": 22 },
        { "chance": 35, "item": "trash_cart", "x": 8, "y": 22 },
        { "chance": 35, "item": "trash_cart", "x": 10, "y": 20 },
        { "chance": 35, "item": "trash_cart", "x": 6, "y": 20 },
        { "chance": 35, "item": "trash_cart", "x": 20, "y": 18 },
        { "chance": 35, "item": "trash_cart", "x": 7, "y": 17 },
        { "chance": 35, "item": "trash_cart", "x": 17, "y": 16 },
        { "chance": 35, "item": "trash_cart", "x": 1, "y": 15 },
        { "chance": 35, "item": "trash_cart", "x": 14, "y": 14 },
        { "chance": 35, "item": "trash_cart", "x": 20, "y": 13 },
        { "chance": 35, "item": "trash_cart", "x": 4, "y": 13 },
        { "chance": 35, "item": "trash_cart", "x": 17, "y": 12 },
        { "chance": 35, "item": "trash_cart", "x": 10, "y": 12 },
        { "chance": 35, "item": "trash_cart", "x": 13, "y": 11 },
        { "chance": 35, "item": "trash_cart", "x": 0, "y": 11 },
        { "chance": 35, "item": "trash_cart", "x": 19, "y": 10 },
        { "chance": 35, "item": "trash_cart", "x": 6, "y": 8 },
        { "chance": 35, "item": "trash_cart", "x": 16, "y": 7 },
        { "chance": 35, "item": "trash_cart", "x": 10, "y": 7 },
        { "chance": 35, "item": "trash_cart", "x": 14, "y": 5 },
        { "chance": 35, "item": "trash_cart", "x": 19, "y": 4 },
        { "chance": 35, "item": "trash_cart", "x": 9, "y": 4 },
        { "chance": 35, "item": "trash_cart", "x": 1, "y": 4 },
        { "chance": 35, "item": "trash_cart", "x": 12, "y": 3 },
        { "chance": 35, "item": "trash_cart", "x": 17, "y": 1 }
      ],
      "place_monsters": [ { "chance": 15, "density": 0.25, "monster": "GROUP_ZOMBIE", "x": 12, "y": 10 } ],
      "rows": [
        "||||||||||||||||||||||||",
        "#......................|",
        "#.#.#.#.#.#.#.#........D",
        "#.#.#.#.#.#.#.#........|",
        "#.#.#.#.#.#.#.#..H.H...|",
        "#.#.#.#.#.#.#.#..H.H...|",
        "#.#.#.#.#.#.#.#..H.H...|",
        "#.#.#.#.#.#.#.#..H.H...|",
        "#.#.#.#.#.#.#.#..H.H...|",
        "#.#.#.#.#.#.#.#..H.H...|",
        "#.#.#.#.#.#.#.#..H.H...|",
        "#.#.#.#.#.#.#.#..H.H...|",
        "#.#.#.#.#.#.#.#..H.H...|",
        "#.#.#.#.#.#.#.#..H.H...|",
        "#.#.#.#.#.#.#.#..H.H...|",
        "#.#.#.#.#.#.#.#..H.H...|",
        "#.#.#.#.#.#.#.#........|",
        "#.#.#.#.#.#.#.#........|",
        "#......................|",
        "||||||||----.-----.....|",
        ".......................|",
        ".......................|",
        ".......................|",
        "||||||||||||||||||||||||"
      ],
      "terrain": { "#": "t_floor", "D": "t_door_c", "-": "t_railing_h", ".": "t_floor", "H": "t_floor", "|": "t_wall" }
    },
    "om_terrain": "movietheater_2_1",
    "type": "mapgen",
    "weight": 100
  },
  {
    "method": "json",
    "object": {
      "furniture": { "#": "f_chair", "-": "f_null", ".": "f_null", "H": "f_armchair", "|": "f_null" },
      "place_items": [
        { "chance": 5, "item": "alcohol", "x": 0, "y": 17 },
        { "chance": 5, "item": "alcohol", "x": 0, "y": 1 },
        { "chance": 25, "item": "jackets", "x": 6, "y": 11 },
        { "chance": 25, "item": "jackets", "x": 19, "y": 7 },
        { "chance": 25, "item": "jackets", "x": 2, "y": 7 },
        { "chance": 15, "item": "bags", "x": 15, "y": 9 },
        { "chance": 15, "item": "bags", "x": 4, "y": 5 },
        { "chance": 35, "item": "trash_cart", "x": 16, "y": 22 },
        { "chance": 35, "item": "trash_cart", "x": 8, "y": 22 },
        { "chance": 35, "item": "trash_cart", "x": 10, "y": 20 },
        { "chance": 35, "item": "trash_cart", "x": 6, "y": 20 },
        { "chance": 35, "item": "trash_cart", "x": 20, "y": 18 },
        { "chance": 35, "item": "trash_cart", "x": 7, "y": 17 },
        { "chance": 35, "item": "trash_cart", "x": 17, "y": 16 },
        { "chance": 35, "item": "trash_cart", "x": 1, "y": 15 },
        { "chance": 35, "item": "trash_cart", "x": 14, "y": 14 },
        { "chance": 35, "item": "trash_cart", "x": 20, "y": 13 },
        { "chance": 35, "item": "trash_cart", "x": 4, "y": 13 },
        { "chance": 35, "item": "trash_cart", "x": 17, "y": 12 },
        { "chance": 35, "item": "trash_cart", "x": 10, "y": 12 },
        { "chance": 35, "item": "trash_cart", "x": 13, "y": 11 },
        { "chance": 35, "item": "trash_cart", "x": 0, "y": 11 },
        { "chance": 35, "item": "trash_cart", "x": 19, "y": 10 },
        { "chance": 35, "item": "trash_cart", "x": 6, "y": 8 },
        { "chance": 35, "item": "trash_cart", "x": 16, "y": 7 },
        { "chance": 35, "item": "trash_cart", "x": 10, "y": 7 },
        { "chance": 35, "item": "trash_cart", "x": 14, "y": 5 },
        { "chance": 35, "item": "trash_cart", "x": 19, "y": 4 },
        { "chance": 35, "item": "trash_cart", "x": 9, "y": 4 },
        { "chance": 35, "item": "trash_cart", "x": 1, "y": 4 },
        { "chance": 35, "item": "trash_cart", "x": 12, "y": 3 },
        { "chance": 35, "item": "trash_cart", "x": 17, "y": 1 }
      ],
      "place_monsters": [ { "chance": 15, "density": 0.25, "monster": "GROUP_ZOMBIE", "x": 12, "y": 10 } ],
      "rows": [
        "||||||||||||||||||||||||",
        "#......................|",
        "#.#.#.#.#.#.#.#........D",
        "#.#.#.#.#.#.#.#........|",
        "#.#.#.#.#.#.#.#..H.H...|",
        "#.#.#.#.#.#.#.#..H.H...|",
        "#.#.#.#.#.#.#.#..H.H...|",
        "#.#.#.#.#.#.#.#..H.H...|",
        "#.#.#.#.#.#.#.#..H.H...|",
        "#.#.#.#.#.#.#.#..H.H...|",
        "#.#.#.#.#.#.#.#..H.H...|",
        "#.#.#.#.#.#.#.#..H.H...|",
        "#.#.#.#.#.#.#.#..H.H...|",
        "#.#.#.#.#.#.#.#..H.H...|",
        "#.#.#.#.#.#.#.#..H.H...|",
        "#.#.#.#.#.#.#.#..H.H...|",
        "#.#.#.#.#.#.#.#........|",
        "#.#.#.#.#.#.#.#........|",
        "#......................|",
        "||||||||----.-----.....|",
        ".......................|",
        ".......................|",
        ".......................|",
        "||||||||||||||||||||||||"
      ],
      "terrain": { "#": "t_floor", "D": "t_door_c", "-": "t_railing_h", ".": "t_floor", "H": "t_floor", "|": "t_wall" }
    },
    "om_terrain": "movietheater_2_2",
    "type": "mapgen",
    "weight": 100
  }
]
