[
  {
    "type": "mapgen",
    "method": "json",
    "om_terrain": [ "office_cubical" ],
    "weight": 300,
    "object": {
      "fill_ter": "t_floor",
      "rows": [
        "ssssssssssssssssssssssss",
        "s|-wwww-|  ss  |-wwww-|s",
        "s|......|$$ss$$|...h.o|s",
        "s|.htth.|--++--|..xd.o|s",
        "s|.htth.|......|.....o|s",
        "s|.htth.+......+..hhh^|s",
        "s|.htth.|......|---|--|s",
        "s|......|..cccc|T..|.l|s",
        "s|------|..ch..|S..|..|s",
        "s|^.....+......|-+-|+-|s",
        "s|..hc.h|..----|V....S|s",
        "s|.cdx.n|......+.....e|s",
        "s|------|......-------|s",
        "s|ch................hd|s",
        "s|xdc|....clcc^...|ccx|s",
        "s|---|..|------|..|---|s",
        "s|.h....|xcccxd|....hc|s",
        "s|cdx|..|dh..h....|ldx|s",
        "s|---|..|------|..|---|s",
        "s|dh......h..h.|....h.|s",
        "s|cxc|^.|lxccdx|..|xdc|s",
        "s|---|--|------|D-|---|s",
        "ssssssssssssss$$s$$ss4ss",
        "ssssssssssssssssssssssss"
      ],
      "terrain": {
        " ": [ "t_grass", "t_grass", "t_dirt" ],
        "$": "t_shrub",
        "+": "t_door_c",
        "-": "t_wall_w",
        "D": "t_door_locked",
        "s": "t_sidewalk",
        "w": "t_window",
        "x": "t_console_broken",
        "|": "t_wall_w",
        "4": "t_gutter_downspout"
      },
      "furniture": {
        "#": "f_bench",
        "S": "f_sink",
        "^": "f_indoor_plant",
        "c": "f_counter",
        "d": "f_desk",
        "e": "f_fridge",
        "h": "f_chair",
        "l": "f_locker",
        "n": "f_safe_l",
        "o": "f_bookcase",
        "t": "f_table"
      },
      "vendingmachines": { "V": {  } },
      "toilets": { "T": {  } },
      "place_loot": [
        { "group": "dining", "x": [ 21, 21 ], "y": [ 10, 10 ], "chance": 20, "repeat": [ 1, 2 ] },
        { "group": "fridge", "x": [ 21, 21 ], "y": [ 11, 11 ], "chance": 85, "repeat": [ 1, 3 ] },
        { "group": "cleaning", "x": [ 20, 21 ], "y": [ 7, 8 ], "chance": 80, "repeat": [ 1, 2 ] },
        { "group": "office", "x": [ 10, 12 ], "y": [ 16, 16 ], "chance": 80, "repeat": [ 1, 3 ] },
        { "group": "office", "x": [ 11, 13 ], "y": [ 20, 20 ], "chance": 80, "repeat": [ 1, 3 ] },
        { "group": "cubical_office", "x": [ 20, 21 ], "y": [ 20, 20 ], "chance": 60, "repeat": [ 1, 3 ] },
        { "group": "cubical_office", "x": [ 19, 20 ], "y": [ 17, 17 ], "chance": 60, "repeat": [ 1, 3 ] },
        { "group": "cubical_office", "x": [ 19, 20 ], "y": [ 14, 14 ], "chance": 60, "repeat": [ 1, 3 ] },
        { "group": "cubical_office", "x": [ 2, 2 ], "y": [ 19, 20 ], "chance": 60, "repeat": [ 1, 3 ] },
        { "group": "cubical_office", "x": [ 2, 3 ], "y": [ 17, 17 ], "chance": 60, "repeat": [ 1, 3 ] },
        { "group": "cubical_office", "x": [ 3, 4 ], "y": [ 14, 14 ], "chance": 60, "repeat": [ 1, 3 ] },
        { "group": "novels", "x": [ 4, 5 ], "y": [ 3, 6 ], "chance": 70, "repeat": [ 1, 2 ] }
      ],
      "vehicles": { ".": { "vehicle": "swivel_chair", "chance": 1, "status": 0 } }
    }
  },
  {
    "type": "mapgen",
    "method": "json",
    "om_terrain": "office_cubical_roof",
    "object": {
      "fill_ter": "t_flat_roof",
      "rows": [
        "                        ",
        " |2222223      |2222223 ",
        " |......3      |......3 ",
        " |......3222222|......3 ",
        " |..U.................3 ",
        " |........oooo........3 ",
        " |........oooo....M...3 ",
        " |..Z.....oooo........3 ",
        " |........oooo........3 ",
        " |....................3 ",
        " |....................3 ",
        " |....................3 ",
        " |....................3 ",
        " |....................3 ",
        " |....................3 ",
        " |....................3 ",
        " |....................3 ",
        " |....................3 ",
        " |....................3 ",
        " |....................3 ",
        " |....................3 ",
        " |-------------------53 ",
        "                        ",
        "                        "
      ],
      "palettes": [ "roof_palette" ],
      "nested": {
        "U": { "chunks": [ "roof_2x2_infrastructure" ] },
        "M": { "chunks": [ "roof_2x2_infrastructure_1" ] },
        "Z": { "chunks": [ "roof_2x2_infrastructure_2" ] }
      },
      "place_nested": [
        {
          "chunks": [
            [ "null", 20 ],
            [ "roof_2x2_utilities_b", 15 ],
            [ "roof_2x2_utilities_c", 5 ],
            [ "roof_2x2_utilities_d", 40 ],
            [ "roof_2x2_utilities", 50 ]
          ],
          "x": [ 4, 17 ],
          "y": [ 10, 19 ]
        }
      ]
    }
  },
  {
    "type": "mapgen",
    "method": "json",
    "om_terrain": [ "office_cubical_1" ],
    "weight": 300,
    "object": {
      "fill_ter": "t_floor",
      "rows": [
        " $$$$$$##$ssss$##$$$$$$ ",
        " ##WWWW##$ssss$##WWWW## ",
        " #^....^#$ssss$#Y????^##",
        " #.KttK.###++###..tta.o#",
        " #.KttK.|Y.UU.Y|......o#",
        " #.KttK.+..UU..+.ceec.o#",
        " #.KttK.+..UU..|.----+##",
        " #......|..UU..|.|T+..#R",
        "##--+---|..UU..|.|--.S#R",
        "#.......+..UU..|.|T+..Ds",
        "#Kd.h..o|.|ccc.|.|----#s",
        "#^d.h.oo|.|xh..+.|d.hx#s",
        "##--+---|.|----|.|d.cc#s",
        " #dx....+.|x.hc|....hx#4",
        " #dh.|---||dd.c|chx.dd#R",
        " #cc.|lll|^...^|cdd.cc#R",
        " #^..+..x|cx.dx|^....^##",
        " #xh.|---|hd.dh|dcc..dd#",
        " #dd...^|^.d.c.|dhx..hx#",
        " #^.....+......+.....cc#",
        " #cx....|......|.|ch.^##",
        " #ch..hd|xhcdhx#D#cddx#R",
        " ##dd^xd|ddcdcc#s######R",
        "  ##############ssssssss"
      ],
      "terrain": {
        " ": [ "t_grass", "t_grass", "t_dirt" ],
        "$": "t_shrub",
        "+": "t_door_c",
        "-": "t_wall_w",
        "D": "t_door_locked",
        "s": "t_sidewalk",
        "W": "t_window_domestic",
        "w": "t_window",
        "x": "t_console_broken",
        "|": "t_wall_w",
        "#": "t_brick_wall",
        "R": "t_sidewalk",
        "U": "t_carpet_red",
        "4": "t_gutter_downspout"
      },
      "furniture": {
        "?": "f_sofa",
        "K": "f_armchair",
        "Y": "f_rack_coat",
        "S": "f_sink",
        "^": "f_indoor_plant",
        "R": "f_dumpster",
        "c": "f_counter",
        "d": "f_desk",
        "e": "f_fridge",
        "h": "f_chair",
        "l": "f_locker",
        "n": "f_safe_l",
        "o": "f_bookcase",
        "t": "f_table"
      },
      "vendingmachines": { "V": {  } },
      "toilets": { "T": {  } },
      "items": {
        "o": { "item": "novels", "chance": 70 },
        "R": { "item": "trash", "chance": 70 },
        "d": { "item": "cubical_office", "chance": 70 },
        "e": { "item": "fridge", "chance": 70, "repeat": [ 2, 3 ] },
        "l": { "item": "cleaning", "chance": 70 },
        "t": { "item": "novels", "chance": 70 }
      },
      "vehicles": { ".": { "vehicle": "swivel_chair", "chance": 1, "status": 0 } }
    }
  },
  {
    "type": "mapgen",
    "method": "json",
    "om_terrain": "office_cubical_roof_1",
    "object": {
      "fill_ter": "t_flat_roof",
      "rows": [
        "       ..      ..       ",
        " |2222223      |2222223 ",
        " |......3      |......33",
        " |......3222222|...U...3",
        " |.....................3",
        " |.....................3",
        " |.....................3",
        " |....................33",
        "||....................3 ",
        "|.....................3 ",
        "|.....................3 ",
        "|.....................3 ",
        "||....................3 ",
        " |....................5 ",
        " |....................3 ",
        " |....................3 ",
        " |....................33",
        " |.....................3",
        " |.................M...3",
        " |.....................3",
        " |....Z...............33",
        " |....................3 ",
        " ||............3------3 ",
        "  |------------3        "
      ],
      "palettes": [ "roof_palette" ],
      "nested": {
        "U": { "chunks": [ "roof_2x2_infrastructure" ] },
        "M": { "chunks": [ "roof_2x2_infrastructure_1" ] },
        "Z": { "chunks": [ "roof_2x2_infrastructure_2" ] }
      },
      "place_nested": [
        {
          "chunks": [
            [ "null", 20 ],
            [ "roof_2x2_utilities_b", 15 ],
            [ "roof_2x2_utilities_c", 5 ],
            [ "roof_2x2_utilities_d", 40 ],
            [ "roof_2x2_utilities", 50 ]
          ],
          "x": [ 4, 17 ],
          "y": [ 5, 15 ]
        }
      ]
    }
  }
]
