[
  {
    "type": "mapgen",
    "method": "json",
    "om_terrain": [ "state_park_0_0" ],
    "weight": 100,
    "object": {
      "rows": [
        "||||||||||||||||||||||||",
        "|.........T.............",
        "|.##...#......#..T....#.",
        "|.##1#.4#1#4#.1#4.S7.f..",
        "|1g#.#...s.#.....g..1...",
        "|.#..#....#b....#..#...#",
        "|.7.4.#.7....#...1......",
        "|#....g....4g.#....#.1..",
        "|.....1.#....#..#4.4.4..",
        "|.fa..........t...______",
        "|...#....1.#4___________",
        "|T.1g.4.&t______________",
        "|....S.#B_____..t.T4.4..",
        "|.#...s_B___............",
        "|...7..____..1#.7..a..4.",
        "|.4..f.t__t......#......",
        "|....#.___..#g#....1f#4.",
        "|..#...___...7..g4s...#.",
        "|#.1#.___.1.....1....c..",
        "|..#.4___...#....#......",
        "|.4#4.___..g.b4.S#d#....",
        "|.s.#..__4..1.....#...4.",
        "|..1.4.___.4..e.7...1...",
        "|......_._.............."
      ],
      "terrain": {
        "#": "t_underbrush",
        "&": "t_grass",
        ".": "t_grass",
        "1": "t_tree_young",
        "4": "t_tree_pine",
        "7": "t_tree_dead",
        "B": "t_dirt",
        "S": "t_shrub",
        "T": "t_tree_hickory_harvested",
        "_": "t_dirt",
        "a": "t_tree",
        "b": "t_grass",
        "c": "t_tree_apple_harvested",
        "d": "t_tree_hickory",
        "e": "t_shrub_strawberry",
        "f": "t_grass",
        "g": "t_grass_white",
        "s": "t_shrub_blueberry",
        "t": "t_tree_deadpine",
        "|": "t_chainfence_h"
      },
      "furniture": { "&": "f_trashcan", "B": "f_bench", "b": "f_bluebell", "f": "f_dandelion" },
      "place_item": [
        { "item": "rock", "x": 4, "y": 4 },
        { "item": "log", "x": 18, "y": 5 },
        { "item": "log", "x": 4, "y": 11 },
        { "item": "log", "x": 14, "y": 17 },
        { "item": "rock", "x": 20, "y": 18 }
      ],
      "place_monsters": [ { "monster": "GROUP_PARK_ANIMAL", "x": [ 3, 21 ], "y": [ 5, 19 ], "repeat": 4 } ]
    }
  },
  {
    "type": "mapgen",
    "method": "json",
    "om_terrain": [ "state_park_0_1" ],
    "weight": 100,
    "object": {
      "rows": [
        "|...#..___.....##.......",
        "|..#.#.___#...7...4..#..",
        "|##7#..___..#...1....T..",
        "|..#..4___..1..#.#.t.S..",
        "|.B...#___#....7....#..#",
        "|..#...___...#...4#...4.",
        "|.t..7____.7...f.#..1...",
        "|.....____#.t...###.....",
        "|#..#.____7......#.#..7.",
        "|#...4______##..t..B.u..",
        "|.f.#_____cbbc..s......#",
        "|.u.._____caac_..###.4..",
        "|....___4.caac__#4______",
        "|.#14___..cbbc__________",
        "|....___T.cccc__________",
        "|7.#.___.B...4____.&dd_.",
        "|...T____.4..____.....4.",
        "|.t...__________....e...",
        "|.#s.4________4..#.1.#..",
        "|.##...______.......#...",
        "|..1..g..___T.#.7..f..1.",
        "|........44....s.....#..",
        "|.#.f.#...#.#.t..4.##...",
        "||||||||||||||||||||||||"
      ],
      "terrain": {
        "#": "t_underbrush",
        "&": "t_dirt",
        ".": "t_grass",
        "1": "t_tree_young",
        "4": "t_tree_pine",
        "7": "t_tree",
        "B": "t_grass",
        "S": "t_shrub_strawberry_harvested",
        "T": "t_tree_hickory",
        "_": "t_dirt",
        "a": "t_concrete",
        "b": "t_concrete",
        "c": "t_concrete",
        "d": "t_dirt",
        "e": "t_shrub",
        "f": "t_grass",
        "g": "t_tree_apple_harvested",
        "s": "t_shrub_blueberry",
        "t": "t_tree_deadpine",
        "u": "t_underbrush",
        "|": "t_chainfence_h"
      },
      "furniture": { "&": "f_trashcan", "B": "f_bluebell", "a": "f_table", "b": "f_bench", "d": "f_bench", "f": "f_dandelion" },
      "place_item": [
        { "item": "log", "x": 16, "y": 4 },
        { "item": "rock", "x": 1, "y": 7 },
        { "item": "log", "x": 2, "y": 12 },
        { "item": "log", "x": 17, "y": 19 },
        { "item": "rock", "x": 13, "y": 21 }
      ]
    }
  },
  {
    "type": "mapgen",
    "method": "json",
    "om_terrain": [ "state_park_1_0" ],
    "weight": 100,
    "object": {
      "rows": [
        "|||.......---.......||||",
        "___.......-c-.......___|",
        "_4_.......Df0.......___|",
        "___.......-a-........._|",
        "_7_.......---........._|",
        "#__..................._|",
        "_1_...................s|",
        "__d...................s|",
        "4_d...................s|",
        "ddd...............pppps|",
        "dddd..................s|",
        "dddd..................s|",
        "__dd..................s|",
        "_4_d..................s|",
        "____.............ppppps|",
        "_#__..................s|",
        "__#_..................s|",
        "_7__ppppp.............s|",
        "___#..................s|",
        "4___.............ppppps|",
        "__7_..................s|",
        "____........dd........s|",
        "__#_#_____ddddd_1_#_7__|",
        "_1___#_7___dddS___4__#_|"
      ],
      "terrain": {
        "#": "t_underbrush",
        "-": "t_wall",
        ".": "t_pavement",
        "0": "t_window_empty",
        "1": "t_tree_young",
        "4": "t_tree_pine",
        "7": "t_tree_dead",
        "D": "t_door_o",
        "S": "t_shrub_strawberry",
        "_": "t_grass",
        "a": "t_floor",
        "c": "t_floor",
        "d": "t_dirt",
        "f": "t_floor",
        "p": "t_pavement_y",
        "s": "t_sidewalk",
        "|": "t_chainfence_v"
      },
      "furniture": { "a": "f_desk", "c": "f_chair" },
      "place_items": [
        { "item": "magazines", "x": 11, "y": 3, "chance": 30 },
        { "item": "pizza_trash", "x": 8, "y": 20, "chance": 30 },
        { "item": "pizza_trash", "x": 14, "y": 13, "chance": 30 },
        { "item": "pizza_trash", "x": 3, "y": 6, "chance": 30 },
        { "item": "pizza_trash", "x": 16, "y": 2, "chance": 30 }
      ],
      "place_vehicles": [ { "vehicle": "car", "x": 18, "y": 12, "chance": 4 } ]
    }
  },
  {
    "type": "mapgen",
    "method": "json",
    "om_terrain": [ "state_park_1_1" ],
    "weight": 100,
    "object": {
      "rows": [
        "...........___.........|",
        "...4...7...___..#......|",
        "....#......___..4...#..|",
        ".#.7..4.#..____...1#4#.|",
        "..*.......___s__.#.u#..|",
        "..u#....4___...___#.#7.|",
        "....1.f.____.U..___.f#.|",
        ".4.....____4S..t____...|",
        "..#7#..___U..ww..___4.1|",
        "....#4___..Uwwww..___..|",
        ".#f#____4.twwWWwwt.__..|",
        "..#.___...wwWWWWww.__#b|",
        "_______U.wwWWWWWww.&__T|",
        "_____...wwWWWWWWWww-__.|",
        "____4.bwwWWWWWWWWWw-__#|",
        "..___..wwwWWWWWWWWw-__.|",
        "...___..iwwWWWWWWww-__T|",
        ".1.4____.cwwwwwwww.-__.|",
        "...#.____..iwcwwi.___.#|",
        "..e...4____.i..i.___.#.|",
        ".#.f7...__________.#4u.|",
        ".....#...._______...#7.|",
        ".4..u..1.#.d.#d#.4....#|",
        "||||||||||||||||||||||||"
      ],
      "terrain": {
        "#": "t_underbrush",
        "&": "t_grass",
        "*": "t_underbrush",
        "-": "t_railing_h",
        ".": "t_grass",
        "1": "t_tree_young",
        "4": "t_tree_pine",
        "7": "t_tree_maple",
        "S": "t_shrub_blueberry_harvested",
        "T": "t_tree_hickory_harvested",
        "U": "t_underbrush",
        "W": "t_water_dp",
        "_": "t_dirt",
        "b": "t_grass",
        "c": "t_water_sh",
        "d": "t_tree_birch",
        "e": "t_shrub_strawberry_harvested",
        "f": "t_grass",
        "i": "t_grass",
        "s": "t_shrub",
        "t": "t_tree_willow",
        "u": "t_underbrush",
        "w": "t_water_sh",
        "|": "t_chainfence_h"
      },
      "furniture": { "&": "f_trashcan", "*": "f_datura", "b": "f_bluebell", "c": "f_cattails", "f": "f_dandelion", "i": "f_cattails" },
      "place_item": [ { "item": "rock", "x": 2, "y": 6 }, { "item": "rock", "x": 18, "y": 21 } ],
      "place_monsters": [ { "monster": "GROUP_PARK_ANIMAL", "x": [ 7, 19 ], "y": [ 6, 21 ], "repeat": 2 } ]
    }
  }
]
