[
  {
    "type": "palette",
    "id": "parking_palette",
    "terrain": {
      " ": "t_thconc_floor",
      "-": "t_thconc_y",
      "=": "t_concrete_railing",
      "z": "t_tar_flat_roof",
      "1": "t_gutter_west",
      "2": "t_gutter_east",
      "3": "t_gutter_north",
      "4": "t_gutter_south",
      "5": "t_gutter_drop",
      "'": "t_strconc_floor",
      "+": "t_door_c",
      "!": "t_door_metal_locked",
      ".": [ [ "t_dirt", 5 ], [ "t_grass", 10 ], [ "t_grass_long", 7 ], [ "t_shrub", 1 ] ],
      "w": "t_window",
      "W": "t_reinforced_glass",
      "_": "t_pavement",
      "y": "t_pavement_y",
      "s": "t_concrete",
      "|": "t_concrete_wall",
      ":": "t_linoleum_white",
      ";": "t_grate",
      "i": "t_ladder_up",
      "/": "t_ladder_down",
      "F": "t_linoleum_white",
      "h": "t_linoleum_white",
      "D": "t_strconc_floor",
      "c": "t_linoleum_white",
      "r": "t_linoleum_white",
      "x": "t_console_broken",
      ">": "t_stairs_down",
      "<": "t_stairs_up",
      "I": "t_column",
      "f": "t_chainfence",
      "g": "t_chaingate_l",
      "#": "t_rock",
      "*": "t_open_air",
      "E": "t_elevator",
      "@": "t_generator_broken",
      "&": "t_machinery_heavy"
    },
    "furniture": { "c": "f_counter", "d": "f_desk", "D": "f_dumpster", "h": "f_chair", "F": "f_filing_cabinet", "%": "f_solar_unit" },
    "items": {
      "D": { "item": "office", "chance": 45, "repeat": [ 1, 2 ] },
      "Y": { "item": "jackets", "chance": 55, "repeat": [ 1, 6 ] },
      "l": { "item": "cleaning", "chance": 75, "repeat": [ 1, 3 ] },
      "r": { "item": "trash", "chance": 60, "repeat": [ 1, 2 ] },
      "F": { "item": "file_room", "chance": 70, "repeat": [ 1, 3 ] }
    },
    "toilets": { "T": {  } }
  },
  {
    "type": "mapgen",
    "method": "json",
    "om_terrain": [ [ "parking_garage_down_0", "parking_garage_down_1" ] ],
    "weight": 250,
    "object": {
      "fill_ter": "t_thconc_floor",
      "rows": [
        "|||||||||||||||||||||||||||||||||||||||||||||||#",
        "|EEEEEEE!       ''''''''''''''''''''''''''|DDD|#",
        "|EEEEEEE!       ''''''''''''''''''''''''''|DDD|#",
        "|EEEEEEE!       -    -    -    -    -    -f'''|#",
        "|EEEEEEE!       -    -    -    -    -    -f'''|#",
        "|EEEEEEE!       -    -    -    -    -    -g''&|#",
        "|EEEEEEE!       -    -    -    -    -    -f''&|#",
        "||||||x||x'     -    -    -    -    -    -f&''|#",
        "#|'<'|||'''                               |@@@|#",
        "#|'''''''''                               |@@@|#",
        "#|'''''''''                               |||||#",
        "#|'''''''''                               |#####",
        "#|'''''''''                               |#####",
        "#|'''''''''                               |#####",
        "#|'''|||'''                               |#####",
        "||||||x||x'     -    -    -    -    -    -|#####",
        "|EEEEEEE!       -    -    -    -    -    -|#####",
        "|EEEEEEE!       -    -    -    -    -    -|#####",
        "|EEEEEEE!       -    -    -    -    -    -|#####",
        "|EEEEEEE!       -    -    -    -    -    -|#####",
        "|EEEEEEE!       ''''''''''''''''''''''''''|#####",
        "|EEEEEEE!       ''''''''''''''''''''''''''|#####",
        "|||||||||||||||||||||||||||||||||||||||||||#####",
        "################################################"
      ],
      "palettes": [ "parking_palette" ],
      "place_monsters": [ { "monster": "GROUP_ZOMBIE", "x": [ 3, 17 ], "y": [ 13, 15 ] } ],
      "place_vehicles": [
        { "vehicle": "parking_garage", "x": 18, "y": 4, "chance": 25, "status": 0, "rotation": 270 },
        { "vehicle": "parking_garage", "x": 28, "y": 4, "chance": 25, "status": 0, "rotation": 270 },
        { "vehicle": "parking_garage", "x": 33, "y": 4, "chance": 25, "status": 0, "rotation": 270 },
        { "vehicle": "parking_garage", "x": 38, "y": 4, "chance": 25, "status": 0, "rotation": 270 },
        { "vehicle": "parking_garage", "x": 19, "y": 18, "chance": 25, "status": 0, "rotation": 90 },
        { "vehicle": "parking_garage", "x": 29, "y": 18, "chance": 25, "status": 0, "rotation": 90 },
        { "vehicle": "parking_garage", "x": 34, "y": 18, "chance": 25, "status": 0, "rotation": 90 },
        { "vehicle": "parking_garage", "x": 39, "y": 18, "chance": 25, "status": 0, "rotation": 90 }
      ]
    }
  },
  {
    "type": "mapgen",
    "method": "json",
    "om_terrain": [ [ "parking_garage_0_0", "parking_garage_0_1" ] ],
    "weight": 250,
    "object": {
      "fill_ter": "t_thconc_floor",
      "rows": [
        "|||||||||       |====|====|====|====|       |ww|",
        "|EEEEEEE!       '''''''''''''''''''''       dxc|",
        "WEEEEEEE!       '''''''''''''''''''''       dhcw",
        "WEEEEEEE!       -    -    -    -    -       |:Fw",
        "WEEEEEEE!       -    -    -    -    -       +:F|",
        "WEEEEEEE!       -    -    -    -    -       |ww|",
        "|EEEEEEE!       -    -    -    -    -       |...",
        "||||||x||x'     -    -    -    -    -       |...",
        ".|'>'|||'''                                 |...",
        ".='''''''''                                 |...",
        ".='''''''''                                 |...",
        ".='''''''''                                 |...",
        ".='''''''''                                 |...",
        ".='''''''''                                 |...",
        ".|'<'|||'''                                 |...",
        "||||||x||x'     -    -    -    -    -    - -=...",
        "|EEEEEEE!       -    -    -    -    -    -- =...",
        "WEEEEEEE!       -    -    -    -    -    - -=...",
        "WEEEEEEE!       -    -    -    -    -    -- =...",
        "WEEEEEEE!       -    -    -    -    -    - -|...",
        "WEEEEEEE!       ''''''''''''''''''''''''''''|...",
        "|EEEEEEE!       ''''''''''''''''''''''''''''|...",
        "|||||||||||||||||====|====|====|====|====||||...",
        "................................................"
      ],
      "palettes": [ "parking_palette" ],
      "place_monsters": [ { "monster": "GROUP_ZOMBIE", "x": [ 3, 17 ], "y": [ 13, 15 ] } ],
      "place_vehicles": [
        { "vehicle": "parking_garage", "x": 18, "y": 4, "chance": 25, "status": 0, "rotation": 270 },
        { "vehicle": "parking_garage", "x": 28, "y": 4, "chance": 25, "status": 0, "rotation": 270 },
        { "vehicle": "parking_garage", "x": 33, "y": 4, "chance": 25, "status": 0, "rotation": 270 },
        { "vehicle": "parking_garage", "x": 19, "y": 18, "chance": 25, "status": 0, "rotation": 90 },
        { "vehicle": "parking_garage", "x": 29, "y": 18, "chance": 25, "status": 0, "rotation": 90 },
        { "vehicle": "parking_garage", "x": 34, "y": 18, "chance": 25, "status": 0, "rotation": 90 },
        { "vehicle": "parking_garage", "x": 39, "y": 18, "chance": 25, "status": 0, "rotation": 90 }
      ]
    }
  },
  {
    "type": "mapgen",
    "method": "json",
    "om_terrain": [ [ "parking_garage_1_0", "parking_garage_1_1" ] ],
    "weight": 250,
    "object": {
      "fill_ter": "t_thconc_floor",
      "rows": [
        "|||||||||||||||||====|====|====|====|====||||335",
        "|EEEEEEE!       ''''''''''''''''''''''''''''|zz2",
        "WEEEEEEE!       ''''''''''''''''''''''''''''|iz2",
        "WEEEEEEE!       -    -    -    -    -    -''|zz2",
        "WEEEEEEE!       -    -    -    -    -    -''=zz2",
        "WEEEEEEE!       -    -    -    -    -    -''=zz2",
        "|EEEEEEE!       -    -    -    -    -    -''=***",
        "||||||x||x'     -    -    -    -    -    -''=***",
        "*|'<'|||'''                               ''|***",
        "*='''''''''                               ''|***",
        "*='''''''''                               ''|***",
        "*='''''''''                               ''|***",
        "*='''''''''                               ''|***",
        "*='''''''''                               ''|***",
        "*|'>'|||'''                               ''|***",
        "||||||x||x'     -    -    -    -    -    -''=***",
        "|EEEEEEE!       -    -    -    -    -    -''=***",
        "WEEEEEEE!       -    -    -    -    -    -''=***",
        "WEEEEEEE!       -    -    -    -    -    -''=***",
        "WEEEEEEE!       -    -    -    -    -    -''|***",
        "WEEEEEEE!       ''''''''''''''''''''''''''''|***",
        "|EEEEEEE!       ''''''''''''''''''''''''''''|***",
        "|||||||||||||||||====|====|====|====|====||||***",
        "************************************************"
      ],
      "palettes": [ "parking_palette" ],
      "place_monsters": [ { "monster": "GROUP_ZOMBIE", "x": [ 3, 17 ], "y": [ 13, 15 ] } ],
      "place_vehicles": [
        { "vehicle": "parking_garage", "x": 18, "y": 4, "chance": 25, "status": 0, "rotation": 270 },
        { "vehicle": "parking_garage", "x": 28, "y": 4, "chance": 25, "status": 0, "rotation": 270 },
        { "vehicle": "parking_garage", "x": 33, "y": 4, "chance": 25, "status": 0, "rotation": 270 },
        { "vehicle": "parking_garage", "x": 38, "y": 4, "chance": 25, "status": 0, "rotation": 270 },
        { "vehicle": "parking_garage", "x": 19, "y": 18, "chance": 25, "status": 0, "rotation": 90 },
        { "vehicle": "parking_garage", "x": 29, "y": 18, "chance": 25, "status": 0, "rotation": 90 },
        { "vehicle": "parking_garage", "x": 34, "y": 18, "chance": 25, "status": 0, "rotation": 90 },
        { "vehicle": "parking_garage", "x": 39, "y": 18, "chance": 25, "status": 0, "rotation": 90 }
      ]
    }
  },
  {
    "type": "mapgen",
    "method": "json",
    "om_terrain": [ [ "parking_garage_2_0", "parking_garage_2_1" ] ],
    "weight": 250,
    "object": {
      "fill_ter": "t_thconc_floor",
      "rows": [
        "|||||||||||||||||====|====|====|====|====||||***",
        "|EEEEEEE!       ''''''''''''''''''''''''''''|;;*",
        "WEEEEEEE!       ''''''''''''''''''''''''''''|/;*",
        "WEEEEEEE!       -    -    -    -    -    -''|;;*",
        "WEEEEEEE!       -    -    -    -    -    -''=i;*",
        "WEEEEEEE!       -    -    -    -    -    -''=;;*",
        "|EEEEEEE!       -    -    -    -    -    -''=***",
        "||||||x||x'     -    -    -    -    -    -''=***",
        "*|'>'|||'''                               ''|***",
        "*='''''''''                               ''|***",
        "*='''''''''                               ''|***",
        "*='''''''''                               ''|***",
        "*='''''''''                               ''|***",
        "*='''''''''                               ''|***",
        "*|'<'|||'''                               ''|***",
        "||||||x||x'     -    -    -    -    -    -''=***",
        "|EEEEEEE!       -    -    -    -    -    -''=***",
        "WEEEEEEE!       -    -    -    -    -    -''=***",
        "WEEEEEEE!       -    -    -    -    -    -''=***",
        "WEEEEEEE!       -    -    -    -    -    -''|***",
        "WEEEEEEE!       ''''''''''''''''''''''''''''|***",
        "|EEEEEEE!       ''''''''''''''''''''''''''''|***",
        "|||||||||||||||||====|====|====|====|====||||***",
        "************************************************"
      ],
      "palettes": [ "parking_palette" ],
      "place_monsters": [ { "monster": "GROUP_ZOMBIE", "x": [ 3, 17 ], "y": [ 13, 15 ] } ],
      "place_vehicles": [
        { "vehicle": "parking_garage", "x": 18, "y": 4, "chance": 25, "status": 0, "rotation": 270 },
        { "vehicle": "parking_garage", "x": 28, "y": 4, "chance": 25, "status": 0, "rotation": 270 },
        { "vehicle": "parking_garage", "x": 33, "y": 4, "chance": 25, "status": 0, "rotation": 270 },
        { "vehicle": "parking_garage", "x": 38, "y": 4, "chance": 25, "status": 0, "rotation": 270 },
        { "vehicle": "parking_garage", "x": 19, "y": 18, "chance": 25, "status": 0, "rotation": 90 },
        { "vehicle": "parking_garage", "x": 29, "y": 18, "chance": 25, "status": 0, "rotation": 90 },
        { "vehicle": "parking_garage", "x": 34, "y": 18, "chance": 25, "status": 0, "rotation": 90 },
        { "vehicle": "parking_garage", "x": 39, "y": 18, "chance": 25, "status": 0, "rotation": 90 }
      ]
    }
  },
  {
    "type": "mapgen",
    "method": "json",
    "om_terrain": [ [ "parking_garage_roof_0", "parking_garage_roof_1" ] ],
    "weight": 250,
    "object": {
      "fill_ter": "t_thconc_floor",
      "rows": [
        "|||||||||====================================***",
        "|EEEEEEE!_______ssssssssssssssssssssssssssssf;;*",
        "WEEEEEEE!_______ssssssssssssssssssssssssssssf;;*",
        "WEEEEEEE!_______y____y____y____y____y____yssg;;*",
        "WEEEEEEE!_______y____y____y____y____y____yssf/;*",
        "WEEEEEEE!_______y____y____y____y____y____yssf;;*",
        "|EEEEEEE!_______y____y____y____y____y____yss=***",
        "||||||x||x'_____y____y____y____y____y____yss=***",
        "*|'''|||'''_______________________________ss=***",
        "*f'''''''''_______________________________ss=***",
        "*f'''''''''_______________________________ss=***",
        "*f'''''''''_______________________________ss=***",
        "*f'''''''''_______________________________ss=***",
        "*f'''''''''_______________________________ss=***",
        "*|'>'|||'''_______________________________ss=***",
        "||||||x||x'_____y____y____y____y____y____yss=***",
        "|EEEEEEE!_______y____y____y____y____y____yss=***",
        "WEEEEEEE!_______y____y____y____y____y____yss=***",
        "WEEEEEEE!_______y____y____y____y____y____yss=***",
        "WEEEEEEE!_______y____y____y____y____y____yss=***",
        "WEEEEEEE!_______ssssssssssssssssssssssssssss=***",
        "|EEEEEEE!_______ssssssssssssssssssssssssssss=***",
        "|||||||||====================================***",
        "************************************************"
      ],
      "palettes": [ "parking_palette" ],
      "place_monsters": [ { "monster": "GROUP_ZOMBIE", "x": [ 3, 17 ], "y": [ 13, 15 ] } ],
      "place_vehicles": [
        { "vehicle": "parking_garage", "x": 18, "y": 4, "chance": 25, "status": 0, "rotation": 270 },
        { "vehicle": "parking_garage", "x": 28, "y": 4, "chance": 25, "status": 0, "rotation": 270 },
        { "vehicle": "parking_garage", "x": 33, "y": 4, "chance": 25, "status": 0, "rotation": 270 },
        { "vehicle": "parking_garage", "x": 38, "y": 4, "chance": 25, "status": 0, "rotation": 270 },
        { "vehicle": "parking_garage", "x": 19, "y": 18, "chance": 25, "status": 0, "rotation": 90 },
        { "vehicle": "parking_garage", "x": 29, "y": 18, "chance": 25, "status": 0, "rotation": 90 },
        { "vehicle": "parking_garage", "x": 34, "y": 18, "chance": 25, "status": 0, "rotation": 90 },
        { "vehicle": "parking_garage", "x": 39, "y": 18, "chance": 25, "status": 0, "rotation": 90 }
      ]
    }
  },
  {
    "type": "mapgen",
    "method": "json",
    "om_terrain": [ "parking_garage_roof_top" ],
    "weight": 250,
    "object": {
      "fill_ter": "t_tar_flat_roof",
      "rows": [
        "533333335***************",
        "1zzzzzzz2***************",
        "1zzz@@zz2***************",
        "1zzz@@zz2***************",
        "1zzz@@zz2***************",
        "1zzzzzzz2***************",
        "1zzzzzzz2***************",
        "11zzzzzzzzz*************",
        "*1z%%z%%zzz*************",
        "*1z%%z%%zzz*************",
        "*1zzzzzzzzz*************",
        "*1zzzzzzzzz*************",
        "*1zzzzzzzzz*************",
        "*1z%%z%%zzz*************",
        "*1z%%z%%zzz*************",
        "11zzzzzzzzz*************",
        "1zzzzzzz2***************",
        "1zzzzzzz2***************",
        "1zzz@@zz2***************",
        "1zzz@@zz2***************",
        "1zzz@@zz2***************",
        "1zzzzzzz2***************",
        "544444445***************",
        "************************"
      ],
      "palettes": [ "parking_palette" ]
    }
  }
]
