[
  {
    "type": "mapgen",
    "method": "json",
    "om_terrain": [ "s_pizza_parlor" ],
    "weight": 1000,
    "object": {
      "//": "Default terrain is floor but some things are outside (tables)",
      "fill_ter": "t_floor",
      "rows": [
        "-||||||||||||||-        ",
        "-FwlwL-P#######-4       ",
        "-Flwlw#..U.U.U.g        ",
        "-#wlwl@........g        ",
        "-#lwlw#........g        ",
        "-#wlwl{........g        ",
        "-Olwlw{........g        ",
        "-Owlwl{........g        ",
        "-#lwlw{........G        ",
        "-#wlwl#........g        ",
        "-wlwlw#....BB..g        ",
        "-lwlwl#....TT..g        ",
        "-##f###....BB..-        ",
        "-.............P-rfrrrrrR",
        "-..............-cccccccR",
        "-C.....BB..BB..gccccBccR",
        "-C.....TT..TT..gcccBTBcR",
        "---....BB..BB..gccccBccR",
        "-<=............gcccccccR",
        "---+-..........GccccBccR",
        "-sll-..BB..BB..gcccBTBcR",
        "-lll-..TT..TT..gccccBccR",
        "-tll-..BB..BB.PgcccccccR",
        "-||||||||||||||-rfrrrrrR"
      ],
      "set": [
        { "line": "terrain", "id": "t_concrete", "x": 20, "x2": 20, "y": 15, "y2": 17 },
        { "point": "terrain", "id": "t_concrete", "x": 21, "y": 16 },
        { "point": "terrain", "id": "t_concrete", "x": 19, "y": 16 },
        { "line": "terrain", "id": "t_concrete", "x": 20, "x2": 20, "y": 19, "y2": 21 },
        { "point": "terrain", "id": "t_concrete", "x": 21, "y": 20 },
        { "point": "terrain", "id": "t_concrete", "x": 19, "y": 20 }
      ],
      "terrain": {
        " ": "t_sidewalk",
        "#": "t_linoleum_white",
        "+": "t_door_c",
        "-": "t_wall_r",
        ".": "t_floor",
        "@": "t_console_broken",
        "F": "t_linoleum_white",
        "G": "t_door_glass_c",
        "L": "t_linoleum_white",
        "O": "t_linoleum_white",
        "R": "t_railing_v",
        "c": "t_concrete",
        "f": "t_fencegate_c",
        "g": "t_wall_glass",
        "l": "t_linoleum_gray",
        "r": "t_railing_h",
        "s": "t_linoleum_gray",
        "t": "t_linoleum_gray",
        "w": "t_linoleum_white",
        "{": "t_linoleum_white",
        "4": "t_gutter_downspout",
        "<": "t_ladder_up",
        "|": "t_wall_r"
      },
      "furniture": {
        "#": "f_counter",
        "B": "f_bench",
        "C": "f_trashcan",
        "F": "f_fridge",
        "H": "f_chair",
        "L": "f_locker",
        "O": "f_woodstove",
        "P": "f_indoor_plant",
        "T": "f_table",
        "U": "f_chair",
        "s": "f_sink",
        "{": "f_rack"
      },
      "toilets": { "t": {  } },
      "place_items": [
        { "item": "pizza_display", "x": 6, "y": [ 5, 8 ], "chance": 45, "repeat": [ 3, 4 ] },
        { "item": "pizza_kitchen", "x": 1, "y": [ 3, 5 ], "chance": 40, "repeat": [ 7, 10 ] },
        { "item": "pizza_kitchen", "x": 1, "y": [ 8, 9 ], "chance": 42, "repeat": [ 7, 9 ] },
        { "item": "pizza_fridge", "x": 1, "y": [ 1, 2 ], "chance": 40, "repeat": [ 9, 10 ] },
        { "item": "pizza_beer", "x": [ 9, 13 ], "y": 1, "chance": 30, "repeat": [ 2, 3 ] },
        { "item": "pizza_soda", "x": 6, "y": [ 9, 12 ], "chance": 30, "repeat": [ 2, 5 ] },
        { "item": "pizza_table", "x": [ 11, 12 ], "y": 11, "chance": 25 },
        { "item": "pizza_beer", "x": [ 11, 12 ], "y": 11, "chance": 15, "repeat": [ 1, 2 ] },
        { "item": "pizza_table", "x": [ 7, 8 ], "y": 16, "chance": 25 },
        { "item": "pizza_table", "x": [ 11, 12 ], "y": 16, "chance": 23, "repeat": [ 1, 2 ] },
        { "item": "pizza_soda", "x": [ 11, 12 ], "y": 16, "chance": 15, "repeat": [ 1, 2 ] },
        { "item": "pizza_table", "x": 20, "y": 16, "chance": 25 },
        { "item": "pizza_table", "x": [ 7, 8 ], "y": 21, "chance": 23, "repeat": [ 1, 2 ] },
        { "item": "pizza_beer", "x": [ 7, 8 ], "y": 21, "chance": 15, "repeat": [ 1, 2 ] },
        { "item": "pizza_table", "x": [ 11, 12 ], "y": 21, "chance": 25 },
        { "item": "pizza_table", "x": 20, "y": 20, "chance": 23, "repeat": [ 1, 2 ] },
        { "item": "pizza_soda", "x": 20, "y": 20, "chance": 15, "repeat": [ 1, 2 ] },
        { "item": "pizza_locker", "x": 5, "y": 1, "chance": 55, "repeat": [ 5, 6 ] },
        { "item": "pizza_bathroom", "x": [ 2, 3 ], "y": [ 20, 22 ], "chance": 37, "repeat": [ 1, 3 ] },
        { "item": "pizza_trash", "x": 1, "y": [ 15, 16 ], "chance": 50, "repeat": [ 7, 9 ] }
      ]
    }
  },
  {
    "type": "mapgen",
    "method": "json",
    "om_terrain": "s_pizza_parlor_roof",
    "weight": 200,
    "object": {
      "fill_ter": "t_flat_roof",
      "rows": [
        "|222222222222222        ",
        "|..............5        ",
        "|..............3        ",
        "|..............3        ",
        "|..............3        ",
        "|..............3        ",
        "|..............3        ",
        "|..............3        ",
        "|.&............3        ",
        "|..............3        ",
        "|..............3        ",
        "|..............3        ",
        "|..............3        ",
        "|..............3        ",
        "|.&............3        ",
        "|.A............3        ",
        "|..............3        ",
        "|..............3        ",
        "|>.............3        ",
        "|..............3        ",
        "|..............3        ",
        "|..............3        ",
        "|.=............3        ",
        "----------------        "
      ],
      "terrain": {
        ".": "t_flat_roof",
        " ": "t_open_air",
        "2": "t_gutter_north",
        "-": "t_gutter_south",
        "3": "t_gutter_east",
        "|": "t_gutter_west",
        ">": "t_ladder_down",
        "5": "t_gutter_drop"
      },
      "furniture": { "&": "f_roof_turbine_vent", "=": "f_vent_pipe", "A": "f_air_conditioner" },
      "place_items": [ { "item": "roof_trash", "x": [ 4, 13 ], "y": [ 3, 20 ], "chance": 50, "repeat": [ 1, 3 ] } ],
      "place_nested": [
        {
          "chunks": [
            [ "null", 20 ],
            [ "roof_2x2_utilities_b", 15 ],
            [ "roof_2x2_utilities_c", 5 ],
            [ "roof_2x2_utilities_d", 20 ],
            [ "roof_2x2_utilities", 20 ],
            [ "roof_2x2_golf", 3 ],
            [ "roof_3x3_wine", 3 ],
            [ "roof_4x4_utility_1", 20 ]
          ],
          "x": [ 4, 11 ],
          "y": [ 5, 15 ]
        }
      ]
    }
  },
  {
    "type": "mapgen",
    "method": "json",
    "om_terrain": [ "s_pizza_parlor_1" ],
    "weight": 1000,
    "object": {
      "//": "Default terrain is floor but some things are outside (tables)",
      "fill_ter": "t_floor",
      "rows": [
        "      ************* SS  ",
        "      *SSSSSSSSSSS* SS  ",
        "  SSSSSSbxbSSSbxbSSSSSSS",
        "  S   *SbxbSSSbxbS|gGGg|",
        "  SMM *SSSSSSSSSSS|P..P|",
        "  SMM|||ggggggg||||....|",
        "  SMM|PHTH.C.HTHP.....C|",
        "  S  g............R.HTB|",
        "mmSSSG.RRRRRRRR...R.HTB|",
        "mmSSSGC...........R.HTB|",
        "  SbbgTH.TTTT.....R.HTB|",
        "  Sxx|TH.BBBB.........P|",
        "  Sbb|||||||||...|||||||",
        "  S   |Fl{|$l@...QXQXQX|",
        "  S   |FlO|$l#........Q|",
        "  S   |FlO|$l#........X|",
        "  S   |Fl{|ll#..CRRRRRR|",
        "  S   |llllll@...H.H.H.|",
        "  S   |#s#llll...TTTTTB|",
        "|...| |||||+||P..BBBBBB|",
        "|...|   |LLlL|||||||||||",
        "|...DSSSDlllL|W..<|     ",
        "|...|   |||||||D|||     ",
        "|...|                   "
      ],
      "terrain": {
        " ": [
          "t_dirt",
          "t_dirt",
          "t_grass",
          "t_grass",
          "t_grass",
          "t_grass",
          "t_dirt",
          "t_grass",
          "t_grass",
          "t_dirt",
          "t_grass",
          "t_grass",
          "t_shrub"
        ],
        "S": "t_sidewalk",
        "*": "t_shrub",
        "#": "t_linoleum_white",
        "D": "t_door_locked",
        "+": "t_door_c",
        ".": "t_floor",
        "b": "t_sidewalk",
        "@": "t_console_broken",
        "F": "t_linoleum_white",
        "G": "t_door_glass_c",
        "L": "t_linoleum_white",
        "O": "t_linoleum_white",
        "R": "t_railing_v",
        "c": "t_concrete",
        "f": "t_fencegate_c",
        "m": "t_sandbox",
        "M": "t_monkey_bars",
        "g": "t_wall_glass",
        "l": "t_linoleum_gray",
        "s": "t_linoleum_gray",
        "t": "t_linoleum_gray",
        "w": "t_linoleum_white",
        "{": "t_linoleum_white",
        "x": "t_sidewalk",
        "<": "t_ladder_up",
        "|": "t_wall_w"
      },
      "furniture": {
        "#": "f_counter",
        "b": "f_bench",
        "B": "f_sofa",
        "C": "f_trashcan",
        "Q": "f_arcade_machine",
        "X": "f_pinball_machine",
        "$": "f_glass_fridge",
        "F": "f_fridge",
        "H": "f_chair",
        "L": "f_locker",
        "O": "f_oven",
        "P": "f_indoor_plant",
        "T": "f_table",
        "x": "f_table",
        "U": "f_chair",
        "s": "f_sink",
        "W": "f_water_heater",
        "{": "f_rack"
      },
      "items": {
        "C": { "item": "pizza_trash", "chance": 50, "repeat": [ 7, 9 ] },
        "F": { "item": "pizza_fridge", "chance": 40, "repeat": [ 9, 10 ] },
        "{": { "item": "pizza_kitchen", "chance": 42, "repeat": [ 7, 9 ] },
        "L": { "item": "pizza_locker", "chance": 55, "repeat": [ 5, 6 ] },
        "$": { "item": "pizza_display", "chance": 45, "repeat": [ 3, 4 ] },
        "T": { "item": "pizza_table", "chance": 25 },
        "c": { "item": "pizza_soda", "chance": 25 }
      },
      "place_vehicles": [ { "vehicle": "bicycle", "x": [ 1, 3 ], "y": [ 20, 23 ], "chance": 35, "status": 0, "rotation": 270 } ]
    }
  },
  {
    "type": "mapgen",
    "method": "json",
    "om_terrain": "s_pizza_parlor_roof_1",
    "weight": 200,
    "object": {
      "fill_ter": "t_tar_flat_roof",
      "rows": [
        "                        ",
        "                        ",
        "                        ",
        "                  222222",
        "                  |:...3",
        "     22222222222222..X.3",
        "     |.................3",
        "     |.................3",
        "     |.................3",
        "     |.................3",
        "     |.................3",
        "     |.................3",
        "     ||................3",
        "      |................3",
        "      |................3",
        "      |.&..............3",
        "      |.A..............3",
        "      |................3",
        "      |................3",
        "..... |-|..............3",
        ".....   |.........||||||",
        ".....   |.....###>#     ",
        ".....   ------#####     ",
        ",....                   "
      ],
      "terrain": {
        ".": "t_tar_flat_roof",
        " ": "t_open_air",
        "2": "t_gutter_north",
        "-": "t_gutter_south",
        "3": "t_gutter_east",
        "|": "t_gutter_west",
        "#": "t_grate",
        ">": "t_ladder_down"
      },
      "furniture": { "&": "f_roof_turbine_vent", ":": "f_cellphone_booster", "X": "f_small_satelitte_dish", "A": "f_air_conditioner" },
      "place_items": [ { "item": "roof_trash", "x": [ 7, 20 ], "y": [ 7, 18 ], "chance": 50, "repeat": [ 1, 3 ] } ],
      "place_nested": [
        {
          "chunks": [
            [ "null", 20 ],
            [ "roof_2x2_utilities_b", 15 ],
            [ "roof_2x2_utilities_c", 5 ],
            [ "roof_2x2_utilities_d", 40 ],
            [ "roof_2x2_utilities", 50 ],
            [ "roof_2x2_golf", 5 ],
            [ "roof_3x3_wine", 5 ],
            [ "roof_4x4_utility_1", 30 ]
          ],
          "x": [ 7, 15 ],
          "y": [ 9, 13 ]
        }
      ]
    }
  }
]
