[
  {
    "type": "mapgen",
    "method": "json",
    "om_terrain": [ "fishing_pond_0_0" ],
    "weight": 100,
    "object": {
      "rows": [
        "||||||||||||||||||||||||",
        "|.......................",
        "|..1...f...#.......4....",
        "|t............1....#....",
        "|....4....#.......#d#s..",
        "|..._bb_________________",
        "|#.&____________________",
        "|..________#.........WWW",
        "|.._______#..4.#..iWWWWW",
        "|.________..f...WWWWWWww",
        "|.________4....iiWWWwwww",
        "|.___#____.#..iWWWwcwwww",
        "|.__4..#___..WWWWwwwwwww",
        "|.__.#..____pppppppppp-w",
        "|d__....4__ppppppppppp-w",
        "|.___u.....ppppppppppp-w",
        "|.___.....iWWwwwwwwwpp-w",
        "|.___.1..WiWwwwwwwwwpp-w",
        "|.___#..iiWWwwwwwwwwpp-w",
        "|#.___#.WWWwwwwwwwwwpp-w",
        "|..___#iWWwcwwwwwwww---w",
        "|..___.WiWwwwwwwwwwwwwww",
        "|.4___.WWwwwwwwwwwwwwwww",
        "|...__#WWwwwwwwwwwwwwwww"
      ],
      "terrain": {
        "#": "t_underbrush_harvested_autumn",
        "&": "t_dirt",
        "-": "t_railing_v",
        ".": "t_grass",
        "1": "t_tree_young",
        "4": "t_tree_pine",
        "W": "t_water_sh",
        "_": "t_dirt",
        "b": "t_dirt",
        "c": "t_water_dp",
        "d": "t_grass",
        "f": "t_grass",
        "i": "t_water_sh",
        "p": "t_pavement",
        "s": "t_shrub_strawberry",
        "t": "t_tree_deadpine",
        "u": "t_underbrush",
        "w": "t_water_dp",
        "|": "t_chainfence_h"
      },
      "furniture": { "&": "f_trashcan", "b": "f_bench", "c": "f_cattails", "d": "f_dandelion", "f": "f_bluebell", "i": "f_cattails" },
      "place_monsters": [
        { "monster": "GROUP_POND_ANIMAL", "x": [ 2, 8 ], "y": [ 4, 9 ], "repeat": 2 },
        { "monster": "GROUP_POND_BIRD", "x": [ 8, 9 ], "y": [ 16, 17 ], "repeat": 2 },
        { "monster": "GROUP_POND_FISH", "x": [ 7, 22 ], "y": [ 11, 23 ], "repeat": 3 }
      ]
    }
  },
  {
    "type": "mapgen",
    "method": "json",
    "om_terrain": [ "fishing_pond_0_1" ],
    "weight": 100,
    "object": {
      "rows": [
        "|...__.WWwwwwwwwwwwwwwww",
        "|4..__WWWwwwwwwwwwwwwwww",
        "|...__.WWwwwwwwwwwwwwwww",
        "|.#__..WWwwwwwwwwwwwwwww",
        "|..__..WWWwwwwwwwwwwwwww",
        "|.___4..WWwwwwwsssswwwww",
        "|.__..f.WWWwwwss..sswwww",
        "|.__#....WWwwwssS..swwww",
        "|.___....WWWwwws...sswww",
        "|..__.....iWwwwssssswwww",
        "|..___u...Wiswwwwsswwwww",
        "|#..__...#.WWWWwwwwwwwww",
        "|..___#.....iWWiwwwwwwww",
        "|..____t.....WWWWWWwwwww",
        "|..&____..4.....WiWWWWWW",
        "|._______...#......WiWWW",
        "|._________.....4......W",
        "|.._bTb_________........",
        "|.._bTb____..4.____4.#t#",
        "|.._bTb___#......._____t",
        "|..._____#........t..4._",
        "|..........u..#........#",
        "|.4.............4....t..",
        "||||||||||||||||||||||||"
      ],
      "terrain": {
        "#": "t_underbrush_harvested_summer",
        "&": "t_dirt",
        ".": "t_grass",
        "4": "t_tree_pine",
        "S": "t_shrub_blueberry",
        "T": "t_dirt",
        "W": "t_water_sh",
        "_": "t_dirt",
        "b": "t_dirt",
        "f": "t_grass",
        "i": "t_water_sh",
        "s": "t_swater_sh",
        "t": "t_tree_deadpine",
        "u": "t_underbrush",
        "w": "t_water_dp",
        "|": "t_chainfence_h"
      },
      "furniture": { "&": "f_trashcan", "T": "f_table", "b": "f_bench", "f": "f_dandelion", "i": "f_cattails" },
      "place_monsters": [ { "monster": "GROUP_POND_BIRD", "x": 14, "y": 14 } ]
    }
  },
  {
    "type": "mapgen",
    "method": "json",
    "om_terrain": [ "fishing_pond_1_0" ],
    "weight": 100,
    "object": {
      "rows": [
        "||||||||||||SSSSSSS|||||",
        "............SSSSSSS....|",
        ".4.......#..SSSSSSS.#..|",
        ".....a......SSSSSSS-...|",
        "...#...1...._______-..#|",
        "___........B_______....|",
        "______.#...b_______....|",
        "W..______________b...4.|",
        "WWss_____________b.....|",
        "WWWsssssss________.....|",
        "wWWssssssssss#.___.....|",
        "wwWWssssssss.1.___.#.1.|",
        "wwWWWssssss.....___....|",
        "wwwWWsssssss...#___....|",
        "wwwWWWsssssss....__....|",
        "wwwwWWWsssssss1..___...|",
        "wwwwwWWWssssss....__.#.|",
        "wwwwwwWWWssssss...__...|",
        "wwwwwwwWWWWssss.1#__...|",
        "wwwwwwwwWWWWssss..__.u.|",
        "wwwwwwwwwwWWssss..__...|",
        "wwwwwwwwwwwWWsss..__..#|",
        "wwwwwwwwwwwWWWss.___...|",
        "wwwwwwwwwwwwWWsst__....|"
      ],
      "terrain": {
        "#": "t_underbrush_harvested_autumn",
        "-": "t_wall_log",
        ".": "t_grass",
        "1": "t_tree_young",
        "4": "t_tree_pine",
        "B": "t_grass",
        "S": "t_sidewalk",
        "W": "t_water_sh",
        "_": "t_dirt",
        "a": "t_shrub_strawberry",
        "b": "t_dirt",
        "s": "t_sand",
        "t": "t_tree_willow_harvested",
        "u": "t_underbrush",
        "w": "t_water_dp",
        "|": "t_chainfence_v"
      },
      "furniture": { "B": "f_bench", "b": "f_bench" },
      "place_items": [ { "item": "forest", "x": 21, "y": 14, "chance": 20 }, { "item": "forest", "x": 4, "y": 2, "chance": 20 } ],
      "place_monsters": [ { "monster": "GROUP_POND_FISH", "x": [ 2, 4 ], "y": [ 17, 21 ], "repeat": 2 } ]
    }
  },
  {
    "type": "mapgen",
    "method": "json",
    "om_terrain": [ "fishing_pond_1_1" ],
    "weight": 100,
    "object": {
      "rows": [
        "wwwwwwwwwwwwWW...__....|",
        "wwwwwwwwwwwwWW.#.__.#..|",
        "wwwwwwwwwwwWWW...__..u.|",
        "wwwwwwwwwwwWW....__....|",
        "wwwwwwwwwwwWW...t___...|",
        "wwwwwwwwwwwWWW#...__t.#|",
        "wwwwwwwwwwwWWW.....__..|",
        "wwwwwwwwwwwwWWW..4..__.|",
        "wwwwwwwwwwwwwWWW....__.|",
        "wwwwwwwwwwwwwWWW.#.t___|",
        "wwwwwwwwwwwwwwWW....___|",
        "wwwwwwwwwwwwwwWW....#__|",
        "wwwwwwwwwwwwwwWW..4..__|",
        "wwwwwwwwwwwwwwWW.....__|",
        "wwwwwwwwwwwwwWW.#....__|",
        "WWWWwwwwwwwwWWW...#4___|",
        "WWWWWWWwwwWWWW.4..____.|",
        "W...WWWWWWWWW...#____.#|",
        "..#....WWWW4..t_____#4.|",
        "__..4....4..._____#s...|",
        "_________________...4.#|",
        "....___________.4.u....|",
        ".#....t...t4.t.....s.#.|",
        "||||||||||||||||||||||||"
      ],
      "terrain": {
        "#": "t_underbrush_harvested_spring",
        ".": "t_grass",
        "4": "t_tree_pine",
        "W": "t_water_sh",
        "_": "t_dirt",
        "s": "t_shrub_blueberry",
        "t": "t_tree_deadpine",
        "u": "t_underbrush",
        "w": "t_water_dp",
        "|": "t_chainfence_h"
      },
      "place_items": [ { "item": "forest", "x": 18, "y": 8, "chance": 20 } ],
      "place_monsters": [ { "monster": "GROUP_POND_FISH", "x": [ 7, 7 ], "y": [ 6, 11 ], "repeat": 2 } ]
    }
  }
]
