[
  {
    "type": "mapgen",
    "method": "json",
    "om_terrain": [
      [ "prison_1_3", "prison_1_2", "prison_1_1" ],
      [ "prison_1_6", "prison_1_5", "prison_1_4" ],
      [ "prison_1_9", "prison_1_8", "prison_1_7" ],
      [ "prison_1_b_3", "prison_1_b_2", "prison_1_b_1" ],
      [ "prison_1_b_6", "prison_1_b_5", "prison_1_b_4" ],
      [ "prison_1_b_9", "prison_1_b_8", "prison_1_b_7" ]
    ],
    "weight": 250,
    "object": {
      "fill_ter": "t_dirt",
      "rows": [
        "                                 ______                                 ",
        "                                 ______|www|                            ",
        "                                 ______wdxdw                            ",
        "                                 ______w,h,w                            ",
        "                                 FFFFFF|w+-|                            ",
        "                                 ______                                 ",
        " %%%%%%%%%%%%%%%%%%%%%%%%%%%%%%%%______%%%%%%%%%%%%%%%%%%%%%%%%%%%%%%%% ",
        " %                               ______                               % ",
        " % |--|                          ______                          |--| % ",
        " % |,,|ffffffffffffffffffffffffffHHHHHHffffffffffffffffffffffffff|,,| % ",
        " % |,,|                        ss______ss                        |,,| % ",
        " % |--|                        ss______ss                        |--| % ",
        " %  F                          ss______ss                          F  % ",
        " %  F                         ss________ss                         F  % ",
        " %  F    |----|------|----|  ss__________ss  |----|------|----|    F  % ",
        " %  F    |bb,,B,,,,,,B,,,T| ss____________ss |T,,,B,,,,,,B,,bb|    F  % ",
        " %  F    |,,,,G,,,,,,G,,,,|ss______________ss|,,,,G,,,,,,G,,,,|    F  % ",
        " %  F    |T,,,B,,,,,,B,,bb|s________________s|bb,,B,,,,,,B,,,T|    F  % ",
        " %  F    |----|,,,,,,|----|s________________s|----|,,,,,,|----|    F  % ",
        " %  F    |bb,,B,,,,,,B,,,T|s________________s|T,,,B,,,,,,B,,bb|    F  % ",
        " %  F    |,,,,G,,,,,,G,,,,|s________________s|,,,,G,,,,,,G,,,,|    F  % ",
        " %  F    |T,,,B,,,,,,B,,bb|s________________s|bb,,B,,,,,,B,,,T|    F  % ",
        " %  F    |----|,,,,,,|----|s________________s|----|,,,,,,|----|    F  % ",
        " %  F    |T,,,B,,,,,,B,,,T|s________________s|T,,,B,,,,,,B,,,T|    F  % ",
        " %  F    |,,,,G,,,,,,G,,,,|ss______________ss|,,,,G,,,,,,G,,,,|    F  % ",
        " %  F    |T,,,B,,,,,,B,,bb| ss____________ss |bb,,B,,,,,,B,,,T|    F  % ",
        " %  F    |----|,,,,,,|----|  ss__________ss  |----|,,,,,,|----|    F  % ",
        " %  F    |bb,,B,,,,,,B,,,T|   ssssssssssss   |T,,,B,,,,,,B,,bb|    F  % ",
        " %  F    |,,,,G,,,,,,G,,,,|-ggg-|gg++gg|-ggg-|,,,,G,,,,,,G,,,,|    F  % ",
        " %  F    |T,,,B,,,,,,B,,bb|,,,,,|,,,,,,|,,,,,|bb,,B,,,,,,B,,,T|    F  % ",
        " %  F    |----|,,,,,,|----|,,,,,=,,,,,3|,,h,,|----|,,,,,,|----|    F  % ",
        " %  F    |bb,,B,,,,,,B,,,T|,,,,,|,,,,,3|,ddd,|T,,,B,,,,,,B,,bb|    F  % ",
        " %  F    |,,,,G,,,,,,G,,,,|h|h|h|3,,,,3|,,,,,|,,,,G,,,,,,G,,,,|    F  % ",
        " %  F    |T,,,B,,,,,,B,,bb|g|g|g|3,,,,3|,,,,,|bb,,B,,,,,,B,,,T|    F  % ",
        " %  F    |----|,,,,,,|----|h|h|h|3,,,,,|+-|--|----|,,,,,,|----|    F  % ",
        " %  F    |bb,,B,,,,,,B,,,T|,,,,,|3,,,,,,,,=,,|T,,,B,,,,,,B,,bb|    F  % ",
        " %  F    |,,,,G,,,,,,G,,,,|,,,,||--++---|=|,,|,,,,G,,,,,,G,,,,|    F  % ",
        " %  F    |T,,,B,,,,,,B,,bb|,,,,|,,,,,,,,|l|ST|bb,,B,,,,,,B,,,T|    F  % ",
        " %  F  |-|-|--|BBGGBB|----|--+-|BBBGGBBB|-|--|----|BBGGBB|--|-|-|  F  % ",
        " %  F  |,,,G,,,,,,,,,,,,,,B,,,,,,,,,,,,,,,,,,B,,,,,,,,,,,,,,G,,,|  F  % ",
        " %  F  |,,dB,,,,,,,,,,,,,,G,,,,,,,,,,,,,,,,,,G,,,,,,,,,,,,,,Bd,,|  F  % ",
        " %  F  |,hdB,,,,,,,,,,,,,,G,,,,,,,,,,,,,,,,,,G,,,,,,,,,,,,,,Bdh,|  F  % ",
        " %  F  |,,dB,,,,,,,,,,,,,,B,,,,,BBBBBBBB,,,,,B,,,,,,,,,,,,,,Bd,,|  F  % ",
        " %  F  |-|-|--|BBGGBB|-++-|,,,,,BccxcccB,,,,,|-++-|BBGGBB|--|-|-|  F  % ",
        " %  F    |T,,,B,,,,,,|,,,,|,,,,,Bc,h,,cB,,,,,|,,,,|,,,,,,B,,,T|    F  % ",
        " %  F    |,,,,G,,,,,,|,,,,|BBGGBBc,,,,,|--+--|,,,,|,,,,,,G,,,,|    F  % ",
        " %  F    |bb,,B,,,,,,|,,,<|,,,,,Bc,rr,,G,,,,o|<,,,|,,,,,,B,,bb|    F  % ",
        " %  F    |----|,,,,,,|----|,,,,,|------|,,,,o|----|,,,,,,|----|    F  % ",
        " %  F    |T,,,B,,,,,,B,,bb|,,,,,|m,,,,,|,,,,o|bb,,B,,,,,,B,,,T|    F  % ",
        " %  F    |,,,,G,,,,,,G,,,,|,,,,,|m,,,,,=,,,,,|,,,,G,,,,,,G,,,,|    F  % ",
        " %  F    |bb,,B,,,,,,B,,,T|,,,,,|m,,bb,|<oooo|T,,,B,,,,,,B,,bb|    F  % ",
        " %  F    |----|,,,,,,|----|--++-|------|-----|----|,,,,,,|----|    F  % ",
        " %  F    |T,,,B,,,,,,B,,bb|ssssssssssssssssss|bb,,B,,,,,,B,,,T|    F  % ",
        " %  F    |,,,,G,,,,,,G,,,,|ssssssssEssEssEsss|,,,,G,,,,,,G,,,,|    F  % ",
        " %  F    |bb,,B,,,,,,B,,,T|ssssssssssssssssss|T,,,B,,,,,,B,,bb|    F  % ",
        " %  F    |----|,,,,,,|----|sssssssssssssssEss|----|,,,,,,|----|    F  % ",
        " %  F    |T,,,B,,,,,,B,,bb|ssssssssssssssssss|bb,,B,,,,,,B,,,T|    F  % ",
        " %  F    |,,,,G,,,,,,G,,,,|sssssssssssssssEss|,,,,G,,,,,,G,,,,|    F  % ",
        " %  F    |bb,,B,,,,,,B,,,T|ssssssssssssssssss|T,,,B,,,,,,B,,bb|    F  % ",
        " %  F    |----|,,,,,,|----|ssssssssssssssssss|----|,,,,,,|----|    F  % ",
        " %  F    |T,,,B,,,,,,B,,bb|ssssssssssssssssss|bb,,B,,,,,,B,,,T|    F  % ",
        " %  F    |,,,,G,,,,,,G,,,,|------------------|,,,,G,,,,,,G,,,,|    F  % ",
        " %  F    |bb,,B,,,,,,B,,,T|                  |T,,,B,,,,,,B,,bb|    F  % ",
        " %  F    |----|------|----|                  |----|------|----|    F  % ",
        " %  F                                                              F  % ",
        " % |--|                                                          |--| % ",
        " % |,,|                                                          |,,| % ",
        " % |,,|ffffffffffffffffffffffffffffffffffffffffffffffffffffffffff|,,| % ",
        " % |--|                                                          |--| % ",
        " %                                                                    % ",
        " %%%%%%%%%%%%%%%%%%%%%%%%%%%%%%%%%%%%%%%%%%%%%%%%%%%%%%%%%%%%%%%%%%%%%% ",
        "                                                                        ",
        "########################################################################",
        "########################################################################",
        "########################################################################",
        "########################################################################",
        "########################################################################",
        "########################################################################",
        "########################################################################",
        "########################################################################",
        "########################################################################",
        "########################################################################",
        "########################################################################",
        "########################################################################",
        "########################################################################",
        "########################################################################",
        "#############################################|----|------|----|#########",
        "#############################################|T,,,|,,,,,,|,,bb|#########",
        "#############################################|,,,,G,,,,,,G,,,,|#########",
        "#############################################|bb,,|,,,,,,|,,,T|#########",
        "################|----------------------------|----|,,,,,,|----|#########",
        "################|,,,,,,,,,,,,,,,,,,,,,,,,,,,,G,,,,,,,,,,,|,,bb|#########",
        "################|,,,,,,,,,,,,,,,,,,,,,,,,,,,,G,,,,,,,,,,,G,,,,|#########",
        "################|,,|-------------------------|,,,,,,,,,,,|,,,T|#########",
        "################|,,|#########################|----|,,,,,,|----|#########",
        "################|,,|######|------------------|T,,,|,,,,,,|,,bb|#########",
        "################|,,|######|,,,,,,,,,,,,,,,,,,|,,,,G,,,,,,G,,,,|#########",
        "################|,,|######|,,,,,,,,,,,,,,,,,,|bb,,|,,,,,,|,,,T|#########",
        "################|,,|######|,htth,,,,,,,,htth,|----|,,,,,,|----|#########",
        "################|,,|######|,htth,,,,,,,,htth,|T,,,|,,,,,,|,,bb|#########",
        "################|,,|######|,htth,,,,,,,,htth,|,,,,G,,,,,,G,,,,|#########",
        "################|,,|######|,htth,O,,,,O,htth,|bb,,|,,,,,,|,,,T|#########",
        "################|,,|######|,htth,,,,,,,,htth,|----|-|++|-|----|#########",
        "###############||++|------|,,,,,,,,,,,,,,,,,,|######|,,|################",
        "###############|i,,|,,,,,,|,,,,,,,,,,,,,,,,,,|######|,,|################",
        "###############|,,,g,h,h,h|,htth,,,,,,,,htth,|######|,,|################",
        "###############|,t,g,h,h,h|,htth,O,,,,O,htth,|######|,,|################",
        "###############|,,,g,h,h,h|,htth,,,,,,,,htth,|######|,,|################",
        "###############|r,,|,,,,,,|,htth,,,,,,,,htth,|######|,,|################",
        "###############|r,,+,,,,,,|,htth,,,,,,,,htth,|######|,,|################",
        "#######|-------|---|-|-++-|,,,,,,,,,,,,,,,,,,|----|#|,,|################",
        "#######|WWWW,,WWWW,rr|,,,,B,,,,,,,,,,,,,,,,,,B,,,,|-|GG|################",
        "#######|,,,,,,,,,,,,,c,,,,G,,,,,,,,,,,,,,,,,,G,,,,,,,,,|################",
        "#######|,tt,tt,tt,,,,|,,,,G,,,,,,,,,,,,,,,,,,G,,,,,,,,,|################",
        "#######|,,,,,,,,,,,,,+,,,,B,,,,,BBBBBBBB,,,,,B,,,,|-|GG|################",
        "#######|DDDD,,DDDD,rr|-GG-|,,,,,BccxcccB,,,,,|-GG-|#|,,|################",
        "#######|-------------|,,,,|,,,,,Bc,h,,cB,,,,,|,,,,|#|,,|################",
        "#####################|,,,,|cccccBc,,,,,|--+--|,,,,|#|,,|################",
        "#####################|,,,>|,,,,,Bc,rr,,G,,,,h|>,,,|#|,,|---|############",
        "#####################|-+--|,,,,c|------|,,,,t|----|#|,,+,,,|############",
        "#############|-------|,,,,,,,,,n|ccScSc|,,,,t|######|,,|yyy|############",
        "#############|z,,,,,,+,,,,,,,,,n|,,,,,,+,,,,h|##|---|++|---|############",
        "#############|z,,,,,,|eeeecSSc,c|l,,,,,|>,,,,|##|..........|############",
        "#############|z,,z,,z|----------|l,,,,,|-----|##|..........|############",
        "#############|z,,z,,z|##########|l,,,,,,,,,,,|##|...|--|...|############",
        "#############|z,,z,,z|##########|l,,,,l|=|=|=|##|...|##|...|############",
        "#############|z,,z,,z|##########|l,,,,l|T|T|T|##|...|##|...|############",
        "#############|-------|##########|------|-|-|-|##|...|##|...|############",
        "################################################|...|##|...|############",
        "################################################|...|--|...|############",
        "################################################|..........|############",
        "################################################|..........|############",
        "################################################|----------|############",
        "########################################################################",
        "########################################################################",
        "########################################################################",
        "########################################################################",
        "########################################################################",
        "########################################################################",
        "########################################################################",
        "########################################################################",
        "########################################################################",
        "########################################################################",
        "########################################################################"
      ],
      "palettes": [ "prison_palette" ],
      "place_items": [
        { "item": "prison_weapons", "x": [ 11, 12 ], "y": [ 1, 1 ], "chance": 30 },
        { "item": "prison_armor", "x": [ 11, 12 ], "y": [ 1, 1 ], "chance": 50 },
        { "item": "prison_weapons", "x": [ 11, 12 ], "y": [ 1, 1 ], "chance": 30 },
        { "item": "prison_armor", "x": [ 11, 12 ], "y": [ 1, 1 ], "chance": 40 }
      ],
      "items": {
        "l": [
          { "item": "prison_weapons", "chance": 30 },
          { "item": "prison_armor", "chance": 30 },
          { "item": "cop_torso", "chance": 20 },
          { "item": "cop_pants", "chance": 20 },
          { "item": "cop_shoes", "chance": 20 }
        ]
      },
      "place_item": [ { "item": "visions_solitude", "x": 16, "y": 108, "amount": 1 } ],
      "place_monsters": [
        { "monster": "GROUP_ZOMBIE_PRISON", "x": [ 15, 20 ], "y": [ 34, 37 ], "repeat": [ 1, 2 ], "density": 0.2 },
        { "monster": "GROUP_ROBOT_SECUBOT", "x": [ 15, 20 ], "y": [ 39, 42 ], "density": 0.1 },
        { "monster": "GROUP_ZOMBIE_PRISON", "x": [ 15, 20 ], "y": [ 44, 37 ], "repeat": [ 1, 2 ], "density": 0.2 },
        { "monster": "GROUP_ROBOT_SECUBOT", "x": [ 32, 39 ], "y": [ 39, 42 ], "density": 0.1 },
        { "monster": "GROUP_ZOMBIE_PRISON", "x": [ 51, 56 ], "y": [ 34, 37 ], "repeat": [ 1, 2 ], "density": 0.2 },
        { "monster": "GROUP_ROBOT_SECUBOT", "x": [ 51, 56 ], "y": [ 39, 42 ], "density": 0.1 },
        { "monster": "GROUP_ZOMBIE_PRISON", "x": [ 51, 56 ], "y": [ 44, 37 ], "repeat": [ 1, 2 ], "density": 0.2 },
        { "monster": "GROUP_ROBOT_EYEBOT", "x": [ 24, 47 ], "y": [ 0, 13 ], "density": 0.1 },
        { "monster": "GROUP_ROBOT_EYEBOT", "x": [ 27, 44 ], "y": [ 52, 60 ], "density": 0.1 },
        { "monster": "GROUP_ZOMBIE_PRISON", "x": [ 27, 44 ], "y": [ 96, 113 ], "repeat": [ 1, 2 ], "density": 0.5 },
        { "monster": "GROUP_ZOMBIE_PRISON", "x": [ 51, 56 ], "y": [ 87, 95 ], "repeat": [ 1, 2 ], "density": 0.2 },
        { "monster": "GROUP_ZOMBIE_COP", "x": [ 27, 44 ], "y": [ 24, 47 ], "density": 0.2 },
        { "monster": "GROUP_ZOMBIE_COP", "x": [ 35, 38 ], "y": [ 122, 127 ], "density": 0.2 }
      ],
      "place_vehicles": [  ]
    }
  },
  {
    "type": "mapgen",
    "method": "json",
    "om_terrain": [ [ "prison_1_b_9_hidden", "prison_1_b_8_hidden_lab_stairs", "prison_1_b_7_hidden" ] ],
    "weight": 250,
    "object": {
      "fill_ter": "t_dirt",
      "rows": [
        "#############|-------|,,,,,,,,,n|ccScSc|,,,,t|######|,,|yyy|############",
        "#############|z,,,,,,+,,,,,,,,,n|,,,,,,+,,,,h|##|---|++|---|############",
        "#############|z,,,,,,|eeeecSSc,c|l,,,,,|>,,,,|##|..........|############",
        "#############|z,,z,,z|----------|l,,,,,|-----|##|..........|############",
        "#############|z,,z,,z|##########|l,,,,,,,,,,,|##|...|--|...|############",
        "#############|z,,z,,z|##########|l,,,,l|=|=|=|##|...|##|...|############",
        "#############|z,,z,,z|##########|l,,,,l|T|T|T|##|...|##|...|############",
        "#############|-------|##########|-6LL--|-|-|-|##|...|##|...|############",
        "##################################|,,|##########|...|##|...|############",
        "##############--------------------|,,|##########|...|--|...|############",
        "##############|R,R|b,T|b,T|b,T|b,T|,7|##########|..........|############",
        "#######--------R,R|b,,|b,,|b,,|b,,|,,|##########|..........|############",
        "#######|,,,,,,,,,R|,Z,|,Z,|,Z,|,Z,|,,|##########|----------|############",
        "#######|,,,,,,,,,,|,,,|,,,|,,,|,,,|,,|##################################",
        "#######|,,gggggg,,|BGB|BGB|BGB|BGB|,,|##################################",
        "#######|,,g,,,,g,,|,,,,,,,,,,,,,,,|,,|##################################",
        "#######|,,M,/?,g,,M,,,,,,,,,,,,,,,M,,|##################################",
        "#######|,,g,,,,g,,|,,,,,,,,,,,,,,,|,,|##################################",
        "#######|,,gggggg,,|BGB|BGB|BGB|BGB|MM|##################################",
        "#######|,,,,,,,,,,|,,,|,,,|,,,|,,,|<<|##################################",
        "#######|,,,,,,,,,R|,C,|,C,|,C,|,C,----##################################",
        "#######--------R,R|b,,|b,,|b,,|b,,|#####################################",
        "##############|R,R|b,T|b,T|b,T|b,T|#####################################",
        "##############--------------------|#####################################"
      ],
      "palettes": [ "prison_palette" ],
      "furniture": { "?": "f_autodoc", "/": "f_autodoc_couch", "R": "f_rack" },
      "terrain": {
        "L": "t_door_metal_locked",
        "M": "t_door_metal_c",
        "6": "t_card_science",
        "7": "t_floor",
        "/": "t_floor",
        "?": "t_floor"
      },
      "items": {
        "l": [
          { "item": "prison_weapons", "chance": 30 },
          { "item": "prison_armor", "chance": 30 },
          { "item": "cop_torso", "chance": 20 },
          { "item": "cop_pants", "chance": 20 },
          { "item": "cop_shoes", "chance": 20 }
        ],
        "R": [
          { "item": "dissection", "chance": 60 },
          { "item": "bionics_common", "chance": 10 },
          { "item": "mut_lab", "chance": 5 }
        ]
      },
      "place_monsters": [ { "monster": "GROUP_ZOMBIE_COP", "x": [ 35, 38 ], "y": [ 2, 7 ], "density": 0.2 } ],
      "monster": {
        "7": { "monster": "mon_turret_rifle" },
        "Z": { "monster": "mon_zombie_prisoner" },
        "C": { "monster": "mon_broken_cyborg" }
      }
    }
  },
  {
    "type": "mapgen",
    "method": "json",
    "om_terrain": [
      [ "prison_alcatraz_5", "prison_alcatraz_4", "prison_alcatraz_3", "prison_alcatraz_2", "prison_alcatraz_1" ],
      [ "prison_alcatraz_10", "prison_alcatraz_9", "prison_alcatraz_8", "prison_alcatraz_7", "prison_alcatraz_6" ],
      [ "prison_alcatraz_15", "prison_alcatraz_14", "prison_alcatraz_13", "prison_alcatraz_12", "prison_alcatraz_11" ]
    ],
    "weight": 250,
    "object": {
      "fill_ter": "t_dirt",
      "rows": [
        "````````````````````````````````````````````````````````````````````````````````````````````````````````````````````````",
        "```````````````````````````!!!!!!!!!!!!!!!!!!!!!!!!!!!!!!!!!!!!!!!!!!!!!````````````````````````````````````````````````",
        "```````````````````````````!!!!!!!!!!!!!!!!!!!!!!!!!!!!!!!!!````````````````````````````````````````````````````````````",
        "```````````````````````````!!!!!!!!!!!!!!!!!!!!!!!!!!!!!!!!!````````````````````````````````````````````````````````````",
        "```````````````````````````!!!!!!!!!!!!!!!!!!!!!!!!!!!!!!!!!!!!!!!!!!!!!````````````````````````````````````````````````",
        "`````````````````~~~~~~~~~~!!!!!!!!!!!!!!!!!!!!!!!!!!!!!!!!!**          ~~~~~~~~~~~~~~``````````````````````````````````",
        "```````````~~~~~~~~~~~~~~~~!!!!!!!!!!!!!!!!!!!!!!!!!!!!!!!!!**************~~~~~~~~~~~~~~~~~~~~~~~~~~~~~`````````````````",
        "`````````~~~~~~~~~~~~~~~~~~^^^^^^^^^^^^^^^^^^^^^^^^^^^^^^^^^^^^^***  **                       **      ~~~~~~~~~~````````",
        "`````~~~~~~~~~~~~~~****** ^^^^^^^^^^^^^^^^^^^^^^^^^^^^^^^^^^^^^^^    ** ***           *      *********      ~~~~~~``````",
        "````~~~~~~~~~~~~~~  **** ^^^^^^^^^^^^^^^^^^^^^^^^^^^^^^^^^^^^^^^^^^   *** *  ***     ***   ***       **     ~~~~~~~~~~``",
        "``````~~~~~~~~~~~  **   ^^^ ********************************** ^^^^   ***********************      *****         ~~~~~~`",
        "````~~~~~~~~~   *****  ^^^   *******  ******  ******         ** ^^^^^^^^^^^^^^^^^^^^^*****************************~~~~~`",
        "```~~~~~~       ****   ^^^  *******************               ** ^^^^^^^^^^^^^^^^^^^^^^^^^^^^^^^^^^^^^^^^^^^^^^^^^)~~~~`",
        "`````~~~~       **     ^^^   FffffffffffffffffffffF        *****  ^^^^^^^^^^^^^^^^^^^^^^^^^^^^^^^^^^^^^^^^^^^^^^^^)~~~~`",
        "````~~~~~        **    ^^^   F______((((((((______F      ******************************^^^^^^^^^^^^^^^^^^^^^^^^^^^)~~~~`",
        "```~~~~~~~       **    ^^^   F_____(________(_____F    $$$$$$$$$$$$$$$$$$$$**$$$$$$$$$$$w$$$$$w$$$$$$$$$$$*****^^^)~~~~`",
        "```~~~~~~~~     ***    ^^^   F____(_(______(_(____F    $o,,,,h$11111$o,,dh$ *$I,,,+,,,+,,,C$C,,,+,,,+,,,I$  ***^^^)~~~``",
        "```~~~~~~~~~    **     ^^^   F___(__(______(__(___F    $1,,,dd$,,,,,$o,,d,$  wC,hd$,,,$dh,I$I,hd$,,,$dh,Cw   **^^^)~~~``",
        "```~~~~~~~~~~    *     ^^^   F___(__(______(__(___F    g1,,,,,$$$?$$$Y,,,,g  $$$$$$,,,$$$$$$$$$$$,,,$$$$$$  **^^^)~~~```",
        "````~~~~~~~~~   **     ^^^   F___(__((((((((__(___F    $Y,,,,,?,,,,,?,,111$  $I,,,+,,,$A,,t,,,,o$,,,$$000$ **^^^)~~~````",
        "```~~~~~~~~~~   *****  ^^^^  F___(__(______(__(___F    $$$$$$$$,,,,,$$$$$$$  wC,hd$,,,$A,,t,,,,o$,,,$$,,0$**^^^)~~~~````",
        "``~~~~~~~~~~     ********^^^ F___(__(______(__(___F    $o,,,,1$,,,,,$S,=,T$  $$$$$$,,,$A,,,,,,,J$,,,+G,,0$*^^^)~~~~~````",
        "```~~~~~~~~~    ***'******^^^F____(_(______(_(____F    gdd,,,,?,,,,,$,,$$$$  $I,,,+,,,$$$$$+$$$$$,,,$$,,0$*^^^)~~~~~````",
        "````~~~~~~~~~   **''  ****^^^F_____(________(_____F    $h,,,,Y$,,,,,=,,=,T$  wC,hd$,,,,,,,,,,,,,,,,,$$000$*^^^)~~~~~````",
        "```~~~~~~~~~~    ''****** ^^^F______((((((((______F    $$$$$$$$$$+$$$$$$$$$  $$$$$$$$$$$$$$+$$$$$$$$$$$$$$**^^)~~~~~~```",
        "```~~~~~~~~      ***      ^^^FffffffffffHfffffffffF^^^^^^^^^^^^^^^^^^^^^^^^^^^^^^^^^^^^^^^^^^^^^^^^^^^^^^^^*^^)~~~~~~```",
        "```~~~~~~~~      **|-----|^^^^^^^^^^^^^^^^^^^^^^^^^^^^^^^^^^^^^^^^^^^^^^^^^^^^^^^^^^^^^^^^^^^^^^^^^|-----|^*^^)~~~~~~~``",
        "````~~~~~~~~    ** |>,,,,|%%%%%%%%%%V%%%%%%%%%%V%%%%%%%%%%V%%%%%%%%%%V%%%%%%%%%%V%%%%%%%%^^^%%V%%%%|,,,,>|^*^^)))))~~```",
        "``~~~~~~~~~~   **  |,,,,,+''''''''''''''''''''''''''''''''''''''''''''''''''''''''''''''%^^^H''''''+,,,,,|^**^^^^^)~~~``",
        "```~~~~~~~~     *  |,,,,,|ffffffffffVffffffffffVffffffffffVffffffffffVffffffffffVffffffffHHHffVffff|,,,,,|^^**^^^^) ~~``",
        "```~~~~~~~~     ***|--+--|                                                               ^^^       |--+--|^^****^^) ~~~`",
        "``~~~~~~~~        *  %'F                                        ^^^^^^^^^^^^^^^^^^^^^^^^^^^^         F'% *^^****^^)  ~~`",
        "```~~~~~~~       **  %'F  |--------------------|--|------------|GB|-------------|--gg--|-g+g-|-gg-|  F'% *^^****^^)  ~~`",
        "```~~~~~~         ***%'F  |,,,,,,,,,,,,,,,,,,,,|,,|222zzzzeeeee|^^|b,,,=,,111,7q|qd,,,o|,...,|d,,A|  F'% *^^****^^)  ~~`",
        "`````~~~~          **%'F  |,,33333,,,,,,33333,,|,,+,,,,,,,,,,,,+^^|b,,c|o,,,,,dd|hd,,h,?,...,gdh,A|  F'% *^^****^^)   ~`",
        "````~~~~~      ***** %'F  |,,ttttt,,,,,,ttttt,,|,,+,,,,,,,,,,,,+^^|----|o,,,,,,h|,d,,,,|,...,|1,,Y|  F'% *^^****^^)  ~~`",
        "```~~~~~       ***   V'V  |,,33333,,,,,,33333,,|,,|222zzzzeeeee|99|b,,,=,,,,,,,Y|,,,11Y|3...,|--?-|  V'V *^^****^^)  ~~`",
        "``~~~~~~       **    %'F  |,,,,,,,,,,,,,,,,,,,,|,,|----|-----|----|b,,c|o,,,S|?-|------|3...,,,,,,|  F'% *^^****^^)  ~~`",
        "``~~~~~~~      *     %'F  |,,33333,,|--cccccc--|,,|T,,,G,,,,,G,,,T|----|o,,,4|,,+,hgh,,|3...3|--=-|  F'% *^^****^^)  ~~`",
        "```~~~~~~~     *     %'F  |,,ttttt,,|22,,,,,,qq|,,|bb,,B,,,,,B,,bb|b,,,=,,,,4|,,|--|--=|,...3|T,,,|  F'% *^^^^^^^^)~~~``",
        "```~~~~~~~~    ***   %'F  |,,33333,,|,,,,,,,,,,+,,|----|,,,,,|----|b,,c|--?--|,,+,hgh=,=,...3|q,,S|  F'% *^^^^^^^^)~~~``",
        "``~~~~~~~~~     **   %'F  |,,,,,,,,,|,,,,,,,,,,|,,|T,,,G,,,,,G,,,T|----|m,,,m|,,|--|--=|,...,|----|  F'% *******)))~~~``",
        "```~~~~~~~~    **    %'F  |,,,,,,,,,|SScceeccnn|,,|bb,,B,,,,,B,,bb|5,,,?,,mmm|,,+,hgh,,|,...,=,,,y|  F'%        ~~~~~~``",
        "`````~~~~~ ********  V'V  |--BBGBB--|----------|BG|----|BBGBB|----|----------|BG|------|--+--|----|  V'V         ~~~~```",
        "````~~~~~  ***  **** %'F  g,,,,,,,,,,,,,,,,,,,,B,,B,,,,,,,,,,,,,,,,,,,,,,,,,,,,,,,,,,,,,,,,,,,,,,,g  F'%        ~~~~````",
        "`````~~~~        **  %'F  g,,,,,,,,,,,,,,,,,,,,G,,G,,,,,,,,,,,,,,,,,,,,,,,,,,,,,,,,,,,,,,,,,,,,,,,g  F'%       ~~~~`````",
        "`````~~~~~      **   %'F  |--BBGBB--|BG|-BBGBB-|BG|----|BBGBB|----|----|BBGBB|----|----|BBGBB|----|  F'%       ~~~~`````",
        "````~~~~~~~    **    %'F  |X,,,,,,,3|,,|X,,,,,l|,,|T,,,B,,,,,B,,,T|T,,,B,,,,,B,,,T|T,,,B,,,,,B,,,T|  F'%       ~~~~`````",
        "```~~~~~~~~~   **    %'F  |X,,333,,3|,,|X,,,,,l|,,|bb,,G,,,,,G,,bb|bb,,G,,,,,G,,bb|bb,,G,,,,,G,,bb|  F'%      ~~~~~~````",
        "``~~~~~~~~~~   **    %'F  |X,,,,,,,3|,,|X,,,,,l|,,|----|,,,,,|----|----|,,,,,|----|----|,,,,,|----|  F'%      ~~~~~`````",
        "`~~~~~~~~~~~~   ***  V'V  |----+----|,,|---+---|,,|T,,,B,,,,,B,,,T|T,,,B,,,,,B,,,T|T,,,B,,,,,B,,,T|  V'V        ~~~~~```",
        "````~~~~~~~~~~   **  %'F  |6,,,,,,,6|,,|L,,,,,P|,,|bb,,G,,,,,G,,bb|bb,,G,,,,,G,,bb|bb,,G,,,,,G,,bb|  F'%         ~~~````",
        "`````~~~~~~~~~   *   %'F  |6,,,6,,,6|,,|,,,,,,P|,,|----|-----|----|----|,,,,,|----|----|,,,,,|----|  F'%         ~~~~```",
        "````~~~~~~~~~~   **  %'F  |6,,,6,,,6|,,|M,,,,,N|,,|^^^^^^^^^^^^^^^|T,,,B,,,,,B,,,T|T,,,B,,,,,B,,,T|  F'%        ~~~~````",
        "````~~~~~~~~~     *  %'F  |---------|,,|,,,,,,N|,,+^^^^^^^^^^^^^^^|bb,,G,,,,,G,,bb|bb,,G,,,,,G,,bb|  F'%        ~~~~````",
        "```~~~~~~~~~~     ** %'F  |DDDDD,yy,B,,|-------|+-|^^^^E^^888^^K^^|----|,,,,,|----|----|,,,,,|----|  F'%        ~~~~````",
        "``````~~~~~~    ***  %'F  |,,,,,,,,,G,,|U|U|U|U|,,|^^^^^^^^^^^^^^^|T,,,B,,,,,B,,,T|T,,,B,,,,,B,,,T|  F'%        ~~~`````",
        "```~~~~~~~~    **    V'V  |WWWWW,yy,B,,|H|H|H|H|,,|^^^^E^^888^^E^^|bb,,G,,,,,G,,bb|bb,,G,,,,,G,,bb|  V'V        ~~~~````",
        "`````~~~~~    **     %'F  |---------|--|,,,,,,,,,,|^^^^^^^^^^^^^^^|----|,,,,,|----|----|,,,,,|----|  F'%       ~~~~`````",
        "```~~~~~~    **      %'F  F::;;;:::::::H,,,,,,,,,h|^^^^E^^888^^E^^|T,,,B,,,,,B,,,T|T,,,B,,,,,B,,,T|  F'%      ~~~~~`````",
        "```~~~~~~ *****      %'F  F::::::::::::|ScRRRQQQdd|^^^^^^^^^^^^^^^|bb,,G,,,,,G,,bb|bb,,G,,,,,G,,bb|  F'%      ~~~~~`````",
        "`~~~~~~~  *          %'F  FffffHfffffff|----------|fffffffffffffff|----|-----|----|----|-----|----|  F'%    ~~~~~~``````",
        "````~~~~***          %'F                                                                             F'%  ~~~~~~````````",
        "```~~~~~~ *        |--+--|                                                                         |--+--|~~~~~~````````",
        "```~~~~~~**        |,,,,,|ffffffffffVffffffffffVffffffffffVffffffffffVffffffffffVffffffffffVfffffff|,,,,,|~~~~~`````````",
        "````~~~~***        |,,,,,+'''''''''''''''''''''''''''''''''''''''''''''''''''''''''''''''''''''''''+,,,,,|~~~```````````",
        "```~~~~***~~~~~    |>,,,,|%%%%%%%%%%V%%%%%%%%%%V%%%%%%%%%%V%%%%%%%%%%V%%%%%%%%%%V%%%%%%%%%%V%%%%%%%|,,,,>|~~~```````````",
        "```~~~~~**~~~~~~~~ |-----|#########################################################################|-----|~~~```````````",
        "`````````*~~~~~~~~~~~~~~~~########################################################~~~~###########~~~~~~~~~~`````````````",
        "```````***``~~~~~~~~~~~~~~~~~################~~~~~~~~~~~~~~~~###################~~~~~~~~####~~~~~~``````````````````````",
        "```````**```````````````~~~~~~~~~~~~~~~~~~~~~~~~~~~~~~~~~~~~~~~~~~~~~~~~~~~~~~~~~~~~~~~~~~~~~```````````````````````````",
        "````````````````````````````````````````````````````````````````````````````````````````````````````````````````````````"
      ],
      "palettes": [ "prison_palette" ],
      "terrain": {
        " ": [
          [ "t_grass", 20 ],
          [ "t_grass_dead", 3 ],
          [ "t_grass_tall", 5 ],
          [ "t_grass_long", 3 ],
          [ "t_dirt", 5 ],
          [ "t_shrub", 2 ],
          [ "t_tree", 1 ]
        ],
        ".": [ "t_floor" ],
        ":": [ "t_dirt" ],
        "'": [ "t_dirt" ],
        ";": [ "t_trunk" ],
        "#": [ "t_sand" ],
        "~": [ "t_water_sh" ],
        "*": [ "t_dirt" ],
        "!": [ "t_dock" ],
        "^": [ "t_concrete" ],
        "$": [ "t_brick_wall" ],
        "?": [ "t_door_locked" ],
        "(": [ "t_pavement_y" ],
        ")": [ "t_guardrail" ],
        "1": [ "t_floor" ],
        "3": [ "t_floor" ],
        "2": [ "t_floor" ],
        "4": [ "t_floor" ],
        "5": [ "t_floor" ],
        "6": [ "t_floor" ],
        "7": [ "t_floor" ],
        "8": [ "t_concrete" ],
        "9": [ "t_concrete" ],
        "0": [ "t_floor" ],
        "q": [ "t_floor" ],
        "A": [ "t_floor" ],
        "C": [ "t_floor" ],
        "E": [ "t_concrete" ],
        "I": [ "t_floor" ],
        "J": [ "t_floor" ],
        "K": [ "t_concrete" ],
        "L": [ "t_floor" ],
        "M": [ "t_floor" ],
        "N": [ "t_floor" ],
        "O": [ "t_floor" ],
        "P": [ "t_floor" ],
        "Q": [ "t_floor" ],
        "R": [ "t_floor" ],
        "U": [ "t_concrete" ],
        "V": [ "t_column" ],
        "X": [ "t_floor" ],
        "Y": [ "t_floor" ],
        "`": [ [ "t_water_dp", 20 ], "t_water_sh" ]
      },
      "furniture": {
        "q": [ "f_trashcan" ],
        "y": [ "f_locker" ],
        "A": [ "f_sofa" ],
        "C": [ "f_bed" ],
        "I": [ "f_dresser" ],
        "J": [ "f_pinball_machine" ],
        "K": [ "f_floor_canvas" ],
        "L": [ "f_drill_press" ],
        "M": [ "f_heavy_lathe" ],
        "N": [ "f_utility_shelf" ],
        "O": [ "f_shredder" ],
        "P": [ "f_workbench" ],
        "Q": [ "f_cupboard" ],
        "R": [ "f_locker" ],
        "U": [ "f_fiber_mat" ],
        "X": [ "f_rack_coat" ],
        "Y": [ "f_rack_coat" ],
        "#": [ [ "f_null", 30 ], "f_boulder_small" ],
        "*": [ [ "f_boulder_large", 20 ], "f_boulder_medium" ],
        "1": [ "f_filing_cabinet" ],
        "2": [ "f_cupboard" ],
        "4": [ "f_glass_fridge" ],
        "5": [ "f_safe_l" ],
        "6": [ "f_shower" ],
        "7": [ "f_armchair" ],
        "8": [ "f_bench" ],
        "9": [ "f_dumpster" ],
        "0": [ "f_locker" ]
      },
      "items": {
        "0": [ { "item": "prison_weapons", "chance": 50 }, { "item": "prison_armor", "chance": 50 } ],
        "I": [ { "item": "cop_torso", "chance": 33 }, { "item": "cop_pants", "chance": 33 }, { "item": "cop_shoes", "chance": 33 } ],
        "N": [ { "item": "hand_tools", "chance": 50 }, { "item": "tools_carpentry", "chance": 50 } ],
        "l": [ { "item": "hand_tools", "chance": 50 }, { "item": "tools_carpentry", "chance": 50 } ],
        "C": { "item": "bed", "chance": 70 },
        "Q": { "item": "prison_canine_food", "chance": 70, "repeat": [ 3, 5 ] },
        "R": [
          { "item": "animalshelter_softdrug", "chance": 70, "repeat": [ 1, 2 ] },
          { "item": "animalshelter_hardrug", "chance": 30, "repeat": [ 1, 2 ] }
        ],
        "U": { "item": "prison_canine_bowl", "chance": 70 },
        "Y": { "item": "clothing_outdoor_torso", "chance": 60 },
        "q": { "item": "trash_cart", "chance": 50, "repeat": [ 2, 3 ] },
        "n": { "item": "oven", "chance": 70 },
        "r": { "item": "cleaning", "chance": 50 },
        ":": { "item": "animalshelter_toys", "chance": 5 },
        "1": { "item": "office_paper", "chance": 50 },
        "4": [ { "item": "softdrugs", "chance": 50 }, { "item": "harddrugs", "chance": 50 } ],
        "5": { "item": "alcohol_bottled_canned", "chance": 95, "repeat": [ 1, 3 ] },
        "2": [ { "item": "cannedfood", "chance": 70, "repeat": [ 1, 3 ] }, { "item": "pasta", "chance": 70, "repeat": [ 1, 3 ] } ]
      },
      "monster": {
        ",": [ { "monster": "mon_zombie_cop", "chance": 1 }, { "monster": "mon_zombie_prisoner", "chance": 2 } ],
        "^": { "monster": "mon_zombie_brute", "chance": 1 },
        " ": { "monster": "mon_dog_zombie_cop", "chance": 1 },
        ".": { "monster": "mon_secubot", "chance": 1 },
        "U": { "monster": "mon_dog_gshepherd", "chance": 10 },
        ":": { "monster": "mon_dog_gshepherd", "chance": 1 }
      },
      "place_graffiti": [ { "text": "Dufresne was here", "x": 19, "y": 22 } ]
    }
  },
  {
    "type": "mapgen",
    "method": "json",
    "om_terrain": [
      [
        "prison_alcatraz_5_2f",
        "prison_alcatraz_4_2f",
        "prison_alcatraz_3_2f",
        "prison_alcatraz_2_2f",
        "prison_alcatraz_1_2f"
      ],
      [
        "prison_alcatraz_10_2f",
        "prison_alcatraz_9_2f",
        "prison_alcatraz_8_2f",
        "prison_alcatraz_7_2f",
        "prison_alcatraz_6_2f"
      ],
      [
        "prison_alcatraz_15_2f",
        "prison_alcatraz_14_2f",
        "prison_alcatraz_13_2f",
        "prison_alcatraz_12_2f",
        "prison_alcatraz_11_2f"
      ]
    ],
    "weight": 250,
    "object": {
      "rows": [
        "                                                                                                                        ",
        "                                                                                                                        ",
        "                                                                                                                        ",
        "                                                                                                                        ",
        "                                                                                                                        ",
        "                                                                                                                        ",
        "                                                                                                                        ",
        "                                                                                                                        ",
        "                                                                                                                        ",
        "                                                                                                                        ",
        "                                                                                                                        ",
        "                                                                                                                        ",
        "                                                                                                                        ",
        "                                                                                                                        ",
        "                                                                                                                        ",
        "                                                       14444444444444444444  14444444444444444444444444444              ",
        "                                                       1..................1  1...........................1              ",
        "                                                       1..................1  1...........................1              ",
        "                                                       1..................1  1...........................1              ",
        "                                                       1..................1  1...........................1              ",
        "                                                       1..................1  1...........................1              ",
        "                                                       1..................1  1...........................1              ",
        "                                                       1..................1  1...........................1              ",
        "                                                       1..................1  1...........................1              ",
        "                                                       14444444444444444441  14444444444444444444444444441              ",
        "                                                                                                                        ",
        "                   |-w-w-|                                                                         |-w-w-|              ",
        "                   w<,,,,w(((((((((((((((((((((((((((((((((((((((((((((((((((((((((((((((((((((((((w,,,,<w              ",
        "                   |d,,,,+^^^^^^^^^^^^^^^^^^^^^^^^^^^^^^^^^^^^^^^^^^^^^^^^^^^^^^^^^^^^^^^^^^^^^^^^^+,,,,d|              ",
        "                   wdh,,qw(((((((((((((((((((((((((((((((((((((((((((((((((((((((((((((((((((((((((wq,,hdw              ",
        "                   |-w+w-|                                                                         |-w+w-|              ",
        "                     (^(                                                                             (^(                ",
        "                     (^(  1444444444444444444444444444444444444444444444444444444444444444444444441  (^(                ",
        "                     (^(  1.......................................................................1  (^(                ",
        "                     (^(  1.......................................................................1  (^(                ",
        "                     (^(  1.......................................................................1  (^(                ",
        "                     (^(  1.......................................................................1  (^(                ",
        "                     (^(  1.......................................................................1  (^(                ",
        "                     (^(  1.......................................................................1  (^(                ",
        "                     (^(  1.......................................................................1  (^(                ",
        "                     (^(  1.......................................................................1  (^(                ",
        "                     (^(  1.......................................................................1  (^(                ",
        "                     (^(  1.......................................................................1  (^(                ",
        "                     (^(  1.......................................................................1  (^(                ",
        "                     (^(  1.......................................................................1  (^(                ",
        "                     (^(  1.......................................................................1  (^(                ",
        "                     (^(  1.......................................................................1  (^(                ",
        "                     (^(  1.......................................................................1  (^(                ",
        "                     (^(  1.......................................................................1  (^(                ",
        "                     (^(  1.......................................................................1  (^(                ",
        "                     (^(  1.......................................................................1  (^(                ",
        "                     (^(  1.......................................................................1  (^(                ",
        "                     (^(  1.......................14444444444444441...............................1  (^(                ",
        "                     (^(  1.......................1               1...............................1  (^(                ",
        "                     (^(  1.......................1               1...............................1  (^(                ",
        "                     (^(  1.......................1               1...............................1  (^(                ",
        "                     (^(  1.......................1               1...............................1  (^(                ",
        "                     (^(  1.......................1               1...............................1  (^(                ",
        "                     (^(  14444444444441..........1               1...............................1  (^(                ",
        "                     (^(               1..........1               1...............................1  (^(                ",
        "                     (^(               1..........1               1...............................1  (^(                ",
        "                     (^(               144444444441               144444444444444444444444444444441  (^(                ",
        "                     (^(                                                                             (^(                ",
        "                   |-w+w-|                                                                         |-w+w-|              ",
        "                   wdh,,qw(((((((((((((((((((((((((((((((((((((((((((((((((((((((((((((((((((((((((wq,,hdw              ",
        "                   |d,,,,+^^^^^^^^^^^^^^^^^^^^^^^^^^^^^^^^^^^^^^^^^^^^^^^^^^^^^^^^^^^^^^^^^^^^^^^^^+,,,,d|              ",
        "                   w<,,,,w(((((((((((((((((((((((((((((((((((((((((((((((((((((((((((((((((((((((((w,,,,<w              ",
        "                   |-w-w-|                                                                         |-w-w-|              ",
        "                                                                                                                        ",
        "                                                                                                                        ",
        "                                                                                                                        ",
        "                                                                                                                        "
      ],
      "palettes": [ "prison_palette" ],
      "terrain": {
        " ": [ "t_open_air" ],
        ".": [ "t_flat_roof" ],
        "(": [ "t_metal_railing" ],
        "^": [ "t_concrete" ],
        "1": [ "t_gutter_north" ],
        "4": [ "t_gutter_west" ],
        "q": [ "t_floor" ]
      },
      "furniture": { "q": [ "f_locker" ] },
      "items": { "q": { "item": "guns_rifle_rare", "chance": 50 } }
    }
  },
  {
    "id": "prison_canine_food",
    "type": "item_group",
    "items": [ { "item": "dogfood", "prob": 100, "container-item": "can_food" } ]
  },
  {
    "id": "prison_canine_bowl",
    "type": "item_group",
    "items": [ [ "bowl_plastic", 100 ] ]
  },
  {
    "id": "prison_canine_utility",
    "type": "item_group",
    "items": [
      [ "dog_whistle", 10 ],
      [ "pet_carrier", 30 ],
      [ "towel", 20 ],
      [ "soap", 10 ],
      [ "gloves_medical", 20 ],
      [ "rag", 15 ],
      [ "bag_plastic", 20 ],
      [ "jerky", 40 ],
      [ "rope_6", 15 ]
    ]
  }
]
