[
  {
    "type": "mapgen",
    "method": "json",
    "om_terrain": [ [ "public_works_NW", "public_works_NE" ], [ "public_works_SW", "public_works_SE" ] ],
    "weight": 250,
    "object": {
      "fill_ter": "t_floor",
      "rows": [
        "                                                ",
        " |---------------|FFFFFFFFFFFFFFF|------------| ",
        " |....rrrrrrrr...|4              |..ll..rrr.H.| ",
        " |r..............| _______________............| ",
        " |r..............| _______________...........c| ",
        " |r..............| _______________...........c| ",
        " |r..............| _______________...........l| ",
        " |r..............| _______________...........U| ",
        " |r..............| _____________ |............| ",
        " |...............| _____________ |..O.cUc.O..L| ",
        " |--___________--| _____________ |...........p| ",
        " f  ___________    _______________............| ",
        " f  ______________________________...........c| ",
        " f  ______________________________...........c| ",
        " f  ______________________________...........l| ",
        " f  ______________________________...........U| ",
        " f  ____________________________ |......rr....| ",
        " f  ____________________________ |---+--------| ",
        " f  ____________________________   |..rrUU|4 f  ",
        " f  ______________________________s+......w  f  ",
        " f  ______________________________ |r....r|  f  ",
        " f  ______________________________ |U....U|  f  ",
        " f  ______________________________ |--ww--|  f  ",
        " f  ______________________________           f  ",
        " f  ______________________________           f  ",
        " f  ______________________________           f  ",
        " f  ___________    sssssss                   f  ",
        " f  ___________    sssssss                   f  ",
        " f  ___________  |--D---+----ww-ww-ww-ww--|gFf  ",
        " f  ___________  |....|..^|..htth.........|     ",
        " f  ___________  |....|...+..........PPP..w     ",
        " f  ___________  |lttl|...|..........PPP..w     ",
        " fFFF_________FFF|----|...|ccecoS........^|     ",
        "    ___________ss|..h.|...|---------------|     ",
        "    ___________xs|....+....llllllll|cScScS|     ",
        "    ___________sswddd.|............|......|     ",
        "    ___________ssw.hd.|............+......|     ",
        "    ___________ss|i...|..htth......|..|+|+|     ",
        "    ___________ss|-ww-|---ww---|...|.T|T|T|     ",
        "    ___________ssssssssssssssss|...|--|-|-|     ",
        "    ____________,_____,_____sss|.........l|     ",
        "    ____________,_____,_____sss+...c......w     ",
        "    ____________,_____,_____sss+...ch...hdw     ",
        "    ____________,_____,_____sss|^..c...ddd|4    ",
        "    ________________________sss|-www--www-|     ",
        "    ________________________sss                 ",
        "    ________________________sss                 ",
        "    ________________________sss                 "
      ],
      "terrain": {
        " ": [ "t_grass", "t_grass", "t_grass", "t_dirt" ],
        "$": "t_shrub",
        "+": "t_door_c",
        ",": "t_pavement_y",
        "-": "t_wall_w",
        ".": "t_floor",
        "6": "t_console",
        "=": "t_door_locked",
        "D": "t_door_locked_alarm",
        "F": "t_chainfence_h",
        "G": "t_grate",
        "O": "t_column",
        "_": "t_pavement",
        "f": "t_chainfence_v",
        "g": "t_chaingate_l",
        "s": "t_sidewalk",
        "w": "t_window",
        "x": "t_console_broken",
        "|": "t_wall_w",
        "4": "t_gutter_downspout"
      },
      "furniture": {
        "C": "f_crate_c",
        "P": "f_pool_table",
        "S": "f_sink",
        "^": "f_indoor_plant",
        "c": "f_counter",
        "d": "f_desk",
        "e": "f_fridge",
        "h": "f_chair",
        "H": "f_hydraulic_press",
        "i": "f_filing_cabinet",
        "l": "f_locker",
        "L": "f_heavy_lathe",
        "o": "f_bookcase",
        "p": "f_drill_press",
        "r": "f_rack",
        "U": "f_utility_shelf",
        "t": "f_table"
      },
      "toilets": { "T": {  } },
      "items": { "P": { "item": "pool_table", "chance": 80 }, "e": { "item": "fridge", "chance": 80, "repeat": 2 } },
      "place_items": [
        { "item": "hardware", "x": [ 2, 2 ], "y": [ 3, 8 ], "chance": 85, "repeat": 2 },
        { "item": "hardware", "x": [ 6, 13 ], "y": [ 2, 2 ], "chance": 85, "repeat": 2 },
        { "item": "tools_construction", "x": [ 18, 21 ], "y": [ 31, 31 ], "chance": 80, "repeat": 2 },
        { "item": "office", "x": [ 18, 20 ], "y": [ 35, 35 ], "chance": 80, "repeat": 2 },
        { "item": "office", "x": [ 18, 18 ], "y": [ 37, 37 ], "chance": 60, "repeat": 2 },
        { "item": "tools_carpentry", "x": [ 38, 41 ], "y": [ 18, 18 ], "chance": 85, "repeat": 3 },
        { "item": "tools_construction", "x": [ 41, 41 ], "y": [ 20, 21 ], "chance": 85, "repeat": 3 },
        { "item": "tools_earthworking", "x": [ 36, 36 ], "y": [ 20, 21 ], "chance": 85, "repeat": 3 },
        { "item": "mechanics", "x": [ 45, 45 ], "y": [ 12, 15 ], "chance": 85, "repeat": 2 },
        { "item": "mechanics", "x": [ 45, 45 ], "y": [ 4, 7 ], "chance": 85, "repeat": 2 },
        { "item": "mechanics", "x": [ 45, 40 ], "y": [ 9, 9 ], "chance": 85, "repeat": 2 },
        { "item": "electronics", "x": [ 40, 42 ], "y": [ 2, 2 ], "chance": 80, "repeat": 2 },
        { "item": "cleaning", "x": [ 36, 37 ], "y": [ 2, 2 ], "chance": 85, "repeat": 2 },
        { "item": "construction_worker", "x": [ 27, 34 ], "y": [ 34, 34 ], "chance": 80, "repeat": 2 },
        { "item": "office", "x": [ 39, 41 ], "y": [ 43, 43 ], "chance": 80, "repeat": 2 },
        { "item": "cleaning", "x": [ 41, 41 ], "y": [ 40, 40 ], "chance": 80, "repeat": 2 }
      ],
      "place_item": [
        { "item": "log", "x": 21, "y": 2, "amount": [ 5, 20 ] },
        { "item": "pipe", "x": 15, "y": 2, "amount": [ 5, 10 ] },
        { "item": "glass_sheet", "x": 4, "y": 2, "amount": [ 2, 7 ] },
        { "item": "2x4", "x": 16, "y": 5, "amount": [ 5, 50 ] },
        { "item": "2x4", "x": 16, "y": 7, "amount": [ 5, 50 ] },
        { "item": "nail", "x": 12, "y": 2, "amount": [ 5, 10 ] },
        { "item": "nail", "x": 13, "y": 2, "amount": [ 5, 10 ] },
        { "item": "material_sand", "x": 14, "y": 2, "amount": [ 5, 50 ] },
        { "item": "log", "x": 27, "y": 2, "amount": [ 5, 20 ] },
        { "item": "stepladder", "x": 2, "y": 2 }
      ],
      "place_monsters": [
        { "monster": "GROUP_PUBLICWORKERS", "x": [ 0, 23 ], "y": [ 0, 23 ], "repeat": [ 1, 2 ], "density": 0.2 },
        { "monster": "GROUP_PUBLICWORKERS", "x": [ 0, 23 ], "y": [ 0, 23 ], "repeat": [ 1, 2 ], "density": 0.1 },
        { "monster": "GROUP_PUBLICWORKERS", "x": [ 0, 23 ], "y": [ 0, 23 ], "repeat": [ 1, 2 ], "density": 0.3 },
        { "monster": "GROUP_PUBLICWORKERS", "x": [ 0, 23 ], "y": [ 0, 23 ], "repeat": [ 1, 2 ], "density": 0.1 }
      ],
      "place_vehicles": [ { "vehicle": "industrial_vehicles", "x": 24, "y": 10, "chance": 50, "fuel": 0, "status": 0, "rotation": 90 } ]
    }
  },
  {
    "type": "mapgen",
    "method": "json",
    "om_terrain": [ [ "public_works_NW_roof", "public_works_NE_roof" ], [ "public_works_SW_roof", "public_works_SE_roof" ] ],
    "object": {
      "fill_ter": "t_flat_roof",
      "rows": [
        "                                                ",
        " |2222222222222223               |2222222222223 ",
        " |...............5               |............3 ",
        " |...............3               |............3 ",
        " |...............3               |............3 ",
        " |...............3               |............3 ",
        " |...............3               |............3 ",
        " |...............3               |............3 ",
        " |...............3               |............3 ",
        " |...............3               |............3 ",
        " |---------------3               |........... 3 ",
        "                                 |............3 ",
        "                                 |............3 ",
        "                                 |............3 ",
        "                                 |............3 ",
        "                                 |............3 ",
        "                                 |............3 ",
        "                                 |--......5---3 ",
        "                                   |......3     ",
        "                                   |......3     ",
        "                                   |......3     ",
        "                                   |.A....3     ",
        "                                   |------3     ",
        "                                                ",
        "                                                ",
        "                                                ",
        "                                                ",
        "                                                ",
        "                 |2222222222222222222222223     ",
        "                 |........................3     ",
        "                 |........................3     ",
        "                 |........................3     ",
        "                 |........................3     ",
        "                 |........................3     ",
        "                 |........................3     ",
        "                 |........................3     ",
        "                 |........................3     ",
        "                 |........................3     ",
        "                 |-------------|.......A..3     ",
        "                               |.......A..3     ",
        "                               |..R.......3     ",
        "                               |..........3     ",
        "                               |......U...3     ",
        "                               |..........5     ",
        "                               |----------3     ",
        "                                                ",
        "                                                ",
        "                                                "
      ],
      "palettes": [ "roof_palette" ],
      "nested": { "U": { "chunks": [ "roof_2x2_infrastructure" ] }, "R": { "chunks": [ "roof_2x2_infrastructure_1" ] } },
      "place_nested": [
        {
          "chunks": [
            [ "null", 20 ],
            [ "roof_2x2_utilities_b", 15 ],
            [ "roof_2x2_utilities_c", 5 ],
            [ "roof_2x2_utilities_d", 40 ],
            [ "roof_2x2_utilities", 50 ]
          ],
          "x": [ 24, 38 ],
          "y": [ 30, 35 ]
        },
        {
          "chunks": [ [ "null", 20 ], [ "roof_4x4_utility", 40 ], [ "roof_6x6_utility", 20 ] ],
          "x": [ 35, 37 ],
          "y": [ 3, 9 ]
        }
      ]
    }
  }
]
