[
  {
    "type": "mapgen",
    "method": "json",
    "om_terrain": [ "s_restaurant" ],
    "weight": 1000,
    "object": {
      "fill_ter": "t_floor",
      "rows": [
        "____,____,____,____,____",
        "____,____,____,____,____",
        "____,____,____,____,____",
        "____,____,____,____,____",
        "|-GGGGGG---++---GGGGGG-|",
        "|......................|",
        "C..BB...BB....BB...BB..C",
        "W..TT...TT....TT...TT..W",
        "W..TT...TT....TT...TT..W",
        "C..BB...BB....BB...BB..C",
        "|^....................^|",
        "C..BB...BB....BB...BB..C",
        "W..TT...TT....TT...TT..W",
        "W..TT...TT....TT...TT..W",
        "C..BB...BB....BB...BB..C",
        "|---...................|",
        "|Sg|...................|",
        "|Pg+..|-------------|..|",
        "|--|..|FF#SS##OO##{{|..|",
        "|Pg+..|wgwgwgwgwgwgw|..|",
        "|Sg|..|&&###RR###gwg+..|",
        "|-----------------C-|D||",
        "______4dd___________D.<|",
        "____________________|--|"
      ],
      "terrain": {
        "#": "t_linoleum_white",
        "&": "t_linoleum_gray",
        "+": "t_door_c",
        ",": "t_pavement_y",
        "-": "t_wall_r",
        "C": "t_curtains",
        "D": "t_door_locked",
        "F": "t_linoleum_gray",
        "G": "t_wall_glass",
        "O": "t_linoleum_white",
        "P": "t_linoleum_white",
        "R": "t_linoleum_white",
        "S": "t_linoleum_white",
        "W": "t_window",
        "_": "t_pavement",
        "d": "t_pavement",
        "g": "t_linoleum_gray",
        "w": "t_linoleum_white",
        "{": "t_linoleum_gray",
        "4": "t_gutter_downspout",
        "<": "t_ladder_up",
        "|": "t_wall_r"
      },
      "furniture": {
        "#": "f_counter",
        "&": "f_trashcan",
        "B": "f_bench",
        "F": "f_fridge",
        "O": "f_oven",
        "R": "f_woodstove",
        "S": "f_sink",
        "T": "f_table",
        "^": "f_indoor_plant",
        "d": "f_dumpster",
        "{": "f_rack"
      },
      "toilets": { "P": {  } },
      "place_items": [
        { "item": "restaur_table", "x": [ 3, 4 ], "y": [ 7, 8 ], "chance": 25, "repeat": [ 1, 2 ] },
        { "item": "restaur_table", "x": [ 8, 9 ], "y": [ 7, 8 ], "chance": 25, "repeat": [ 1, 2 ] },
        { "item": "restaur_table", "x": [ 14, 15 ], "y": [ 7, 8 ], "chance": 25, "repeat": [ 1, 2 ] },
        { "item": "restaur_table", "x": [ 19, 20 ], "y": [ 7, 8 ], "chance": 25, "repeat": [ 1, 2 ] },
        { "item": "restaur_table", "x": [ 3, 4 ], "y": [ 12, 13 ], "chance": 25, "repeat": [ 1, 2 ] },
        { "item": "restaur_table", "x": [ 8, 9 ], "y": [ 12, 13 ], "chance": 25, "repeat": [ 1, 2 ] },
        { "item": "restaur_table", "x": [ 14, 15 ], "y": [ 12, 13 ], "chance": 25, "repeat": [ 1, 2 ] },
        { "item": "restaur_table", "x": [ 19, 20 ], "y": [ 12, 13 ], "chance": 25, "repeat": [ 1, 2 ] },
        { "item": "restaur_bath", "x": 2, "y": [ 17, 18 ], "chance": 25 },
        { "item": "restaur_bath", "x": 2, "y": [ 20, 21 ], "chance": 25 },
        { "item": "restaur_fridge", "x": [ 7, 8 ], "y": 18, "chance": 70, "repeat": [ 2, 3 ] },
        { "item": "restaur_sink", "x": [ 10, 11 ], "y": 18, "chance": 75, "repeat": [ 2, 3 ] },
        { "item": "restaur_kitchen", "x": 9, "y": 18, "chance": 25, "repeat": [ 1, 2 ] },
        { "item": "restaur_kitchen", "x": [ 12, 13 ], "y": 18, "chance": 25, "repeat": [ 1, 2 ] },
        { "item": "restaur_kitchen", "x": [ 16, 17 ], "y": 18, "chance": 25, "repeat": [ 1, 2 ] },
        { "item": "restaur_rack", "x": [ 18, 19 ], "y": 18, "chance": 75, "repeat": [ 1, 2 ] },
        { "item": "restaur_trash", "x": [ 7, 8 ], "y": 20, "chance": 75, "repeat": [ 1, 3 ] },
        { "item": "restaur_kitchen", "x": [ 9, 11 ], "y": 20, "chance": 25, "repeat": [ 1, 2 ] },
        { "item": "restaur_kitchen", "x": [ 14, 16 ], "y": 20, "chance": 25, "repeat": [ 1, 2 ] },
        { "item": "restaur_trash", "x": [ 7, 8 ], "y": 22, "chance": 50, "repeat": [ 1, 2 ] },
        { "item": "trash", "x": [ 7, 8 ], "y": 22, "chance": 50, "repeat": [ 1, 2 ] },
        { "item": "trash", "x": [ 0, 17 ], "y": [ 22, 23 ], "chance": 20, "repeat": [ 1, 2 ] }
      ],
      "place_nested": [ { "chunks": [ [ "chef_s_restaurant", 5 ], [ "null", 95 ] ], "x": 7, "y": 18 } ],
      "place_monsters": [
        { "monster": "GROUP_GROCERY", "x": [ 7, 19 ], "y": 19, "chance": 5 },
        { "monster": "GROUP_ROACH", "x": [ 7, 19 ], "y": 19, "chance": 20 }
      ]
    }
  },
  {
    "type": "mapgen",
    "method": "json",
    "om_terrain": [ "s_restaurant_roof" ],
    "weight": 300,
    "object": {
      "fill_ter": "t_flat_roof",
      "rows": [
        "                        ",
        "                        ",
        "                        ",
        "                        ",
        "|......................3",
        "|......................3",
        "|......................3",
        "|......................3",
        "|......................3",
        "|......................3",
        "|......................3",
        "|......................3",
        "|......................3",
        "|......................3",
        "|......................3",
        "|......................3",
        "|......................3",
        "|......................3",
        "|......................3",
        "|......................3",
        "|......................3",
        "|-----5-------------|..3",
        "                    |.>3",
        "                    |--3"
      ],
      "terrain": {
        ".": "t_flat_roof",
        " ": "t_open_air",
        "|": "t_gutter_west",
        "-": "t_gutter_south",
        "3": "t_gutter_east",
        ">": "t_ladder_down",
        "5": "t_gutter_drop"
      },
      "furniture": { "&": "f_roof_turbine_vent" },
      "place_items": [ { "item": "roof_trash", "x": [ 4, 16 ], "y": [ 6, 19 ], "chance": 50, "repeat": [ 1, 3 ] } ],
      "place_nested": [
        { "chunks": [ [ "roof_2x2_golf", 10 ], [ "null", 10 ], [ "roof_3x3_wine", 10 ] ], "x": [ 4, 16 ], "y": 5 },
        {
          "chunks": [
            [ "roof_6x6_utility", 20 ],
            [ "null", 50 ],
            [ "roof_2x2_utilities", 30 ],
            [ "roof_4x4_utility_1", 30 ],
            [ "roof_4x4_party", 10 ]
          ],
          "x": [ 3, 15 ],
          "y": [ 14, 15 ]
        },
        { "chunks": [ [ "roof_16x16_help", 5 ], [ "null", 95 ] ], "x": 2, "y": 7 }
      ]
    }
  },
  {
    "type": "mapgen",
    "method": "json",
    "om_terrain": [ "s_restaurant_1" ],
    "weight": 1000,
    "object": {
      "fill_ter": "t_carpet_green",
      "rows": [
        "ssssssssssssssssssssssss",
        "ssssssssssssssssssssssss",
        "ssss|-------------|sssss",
        "____|&wlwF|.......|sssss",
        "____DwlwlF|A...@2^gsssss",
        "____|lwlw#|.......+sssss",
        "____|#lwlS|A......+sssss",
        "___d|#wlwS|......^gsssss",
        "___d|Rlwl#|A......|sssss",
        "____|Rwlw#|......BCss ss",
        "____|#lwlO|A.....T's 6 s",
        "____|#wlwO|......BCss ss",
        "____|#lwl#|A......|ss ss",
        "____|{wlw{|.......|ss ss",
        "____|wlwlw|A.....BCs 6 s",
        "_|--|--+--|......T'ss ss",
        "_|Sl+............BCss ss",
        "_|ll|.............|ss ss",
        "_|Pl|.............|s 6 s",
        "_|--|BTB..BTB..BTB|ss ss",
        "___4|C'C--C'C--C'C|sssss",
        "sssbbbbbbbbbbbbbbbbsssss",
        "ssssssssssssssssssssssss",
        "ssssssssssssssssssssssss"
      ],
      "terrain": {
        "#": "t_linoleum_white",
        "&": "t_linoleum_white",
        "'": "t_window",
        "+": "t_door_c",
        ",": "t_pavement_y",
        "-": "t_wall_y",
        ".": "t_carpet_green",
        "@": "t_console_broken",
        "C": "t_curtains",
        "D": "t_door_locked",
        "F": "t_linoleum_white",
        "G": "t_wall_glass",
        "O": "t_linoleum_white",
        "P": "t_linoleum_white",
        "R": "t_linoleum_white",
        "S": "t_linoleum_white",
        "W": "t_window",
        "_": "t_pavement",
        "b": "t_shrub",
        "d": "t_pavement",
        "f": "t_floor",
        "g": "t_wall_glass",
        "l": "t_linoleum_gray",
        "s": "t_sidewalk",
        "w": "t_linoleum_white",
        "{": "t_linoleum_white",
        "4": "t_gutter_downspout",
        "6": "t_tree_willow",
        " ": "t_grass_long",
        "|": "t_wall_y"
      },
      "furniture": {
        "#": "f_counter",
        "2": "f_counter",
        "&": "f_trashcan",
        "A": "f_statue",
        "B": "f_bench",
        "F": "f_fridge",
        "O": "f_oven",
        "R": "f_woodstove",
        "S": "f_sink",
        "T": "f_table",
        "^": "f_indoor_plant",
        "d": "f_dumpster",
        " ": "f_flower_tulip",
        "{": "f_rack"
      },
      "toilets": { "P": {  } },
      "place_items": [
        { "item": "restaur_table", "x": 17, "y": 10, "chance": 30, "repeat": [ 1, 2 ] },
        { "item": "restaur_table", "x": 17, "y": 15, "chance": 30, "repeat": [ 1, 2 ] },
        { "item": "restaur_table", "x": 6, "y": 19, "chance": 30, "repeat": [ 1, 2 ] },
        { "item": "restaur_table", "x": 11, "y": 19, "chance": 30, "repeat": [ 1, 2 ] },
        { "item": "restaur_table", "x": 16, "y": 19, "chance": 30, "repeat": [ 1, 2 ] },
        { "item": "restaur_bath", "x": [ 2, 3 ], "y": [ 3, 18 ], "chance": 25 },
        { "item": "restaur_trash", "x": 5, "y": 3, "chance": 75, "repeat": [ 1, 3 ] },
        { "item": "restaur_fridge", "x": 9, "y": [ 3, 4 ], "chance": 70, "repeat": [ 2, 3 ] },
        { "item": "restaur_sink", "x": 9, "y": [ 6, 7 ], "chance": 75, "repeat": [ 2, 3 ] },
        { "item": "restaur_kitchen", "x": 9, "y": 5, "chance": 25, "repeat": [ 1, 2 ] },
        { "item": "restaur_kitchen", "x": 9, "y": [ 8, 9 ], "chance": 25, "repeat": [ 1, 2 ] },
        { "item": "restaur_kitchen", "x": 9, "y": 12, "chance": 25, "repeat": [ 1, 2 ] },
        { "item": "restaur_kitchen", "x": 5, "y": [ 6, 7 ], "chance": 25, "repeat": [ 1, 2 ] },
        { "item": "restaur_kitchen", "x": 5, "y": [ 10, 12 ], "chance": 25, "repeat": [ 1, 2 ] },
        { "item": "restaur_rack", "x": 5, "y": 13, "chance": 75 },
        { "item": "restaur_rack", "x": 9, "y": 13, "chance": 75 },
        { "item": "restaur_trash", "x": 3, "y": [ 7, 8 ], "chance": 50, "repeat": [ 1, 2 ] },
        { "item": "trash", "x": 3, "y": [ 7, 8 ], "chance": 50, "repeat": [ 1, 2 ] },
        { "item": "trash", "x": [ 0, 2 ], "y": [ 3, 13 ], "chance": 20, "repeat": [ 1, 2 ] }
      ],
      "place_monsters": [
        { "monster": "GROUP_GROCERY", "x": [ 5, 9 ], "y": [ 9, 14 ], "chance": 5 },
        { "monster": "GROUP_ROACH", "x": [ 7, 19 ], "y": 19, "chance": 20 }
      ]
    }
  },
  {
    "type": "mapgen",
    "method": "json",
    "om_terrain": [ "s_restaurant_roof_1" ],
    "weight": 300,
    "object": {
      "fill_ter": "t_flat_roof",
      "rows": [
        "                        ",
        "                        ",
        "    |-------------3     ",
        "    |.............3     ",
        "    |..........&..3     ",
        "    |.............3     ",
        "    |.............3     ",
        "    |.............3     ",
        "    |.............3     ",
        "    |:.&..........3     ",
        "    |:............3     ",
        "    |.............3     ",
        "    |.............3     ",
        "    |.............3     ",
        "    |.............3     ",
        " |--|.............3     ",
        " |................3     ",
        " |:...............3     ",
        " |................3     ",
        " |22|.............3     ",
        "    522222222222223     ",
        "                        ",
        "                        ",
        "                        "
      ],
      "terrain": {
        ".": "t_flat_roof",
        " ": "t_open_air",
        "|": "t_gutter_west",
        "-": "t_gutter_north",
        "3": "t_gutter_east",
        "2": "t_gutter_south",
        "5": "t_gutter_drop"
      },
      "furniture": { "&": "f_roof_turbine_vent", ":": "f_vent_pipe" },
      "place_items": [ { "item": "roof_trash", "x": [ 9, 14 ], "y": [ 6, 13 ], "chance": 50, "repeat": [ 1, 3 ] } ],
      "place_nested": [
        {
          "chunks": [
            [ "roof_2x2_utilities_b", 20 ],
            [ "roof_2x2_utilities_c", 20 ],
            [ "roof_2x2_utilities_d", 20 ],
            [ "roof_2x2_utilities", 20 ],
            [ "null", 40 ]
          ],
          "x": [ 9, 14 ],
          "y": [ 6, 11 ]
        },
        { "chunks": [ [ "roof_4x4_utility_1", 30 ], [ "roof_6x6_utility", 30 ], [ "null", 80 ] ], "x": 8, "y": 14 }
      ]
    }
  },
  {
    "type": "mapgen",
    "method": "json",
    "om_terrain": [ "s_restaurant_2" ],
    "//": "Buffet or family-style restaurant with a soup and salad bar.",
    "weight": 550,
    "object": {
      "fill_ter": "t_linoleum_white",
      "rows": [
        "____,____,____,____,____",
        "____,____,____,____,____",
        "____,____,____,____,____",
        "____,____,____,____,____",
        "========================",
        "=|OO---OO---OO---OO+OO|=",
        "=OHtHHtHHtHHtHHtHY   YO=",
        "=OHtHHtHHtHHtHHtH     O=",
        "=|                    |=",
        "=|                  HH|=",
        "=|HH   ##########   tt|=",
        "=Ott                HHO=",
        "=OHH                HHO=",
        "=|         HtHHtH   tt|=",
        "=|         HtHHtH   HH|=",
        "=|-+-----  -----------|=",
        "=|S T|< |  ###ffff|xxx|=",
        "=|r -|L +         c  7|=",
        "=|S T|L |r ##GGGxx|xxx|=",
        "=|--------+-----------|=",
        "==4=====================",
        "........................",
        "........................",
        "........................"
      ],
      "terrain": {
        "#": "t_linoleum_gray",
        "+": "t_door_c",
        ",": "t_pavement_y",
        "-": "t_wall_w",
        ".": [ "t_grass", "t_grass", "t_grass", "t_grass", "t_dirt" ],
        "=": "t_sidewalk",
        "G": "t_linoleum_white",
        "H": "t_linoleum_white",
        "O": "t_window",
        "S": "t_linoleum_white",
        "Y": "t_linoleum_white",
        " ": "t_linoleum_white",
        "T": "t_linoleum_white",
        "7": "t_linoleum_white",
        "c": "t_rdoor_b",
        "x": "t_linoleum_white",
        "_": "t_pavement",
        "f": "t_linoleum_white",
        "t": "t_linoleum_white",
        "4": "t_gutter_downspout",
        "<": "t_stairs_up",
        "L": "t_linoleum_white",
        "r": "t_linoleum_white",
        "|": "t_wall_w"
      },
      "furniture": {
        "#": "f_counter",
        "G": "f_oven",
        "x": "f_rack",
        "H": "f_sofa",
        "S": "f_sink",
        "Y": "f_rack_coat",
        "f": "f_fridge",
        "L": "f_locker",
        "r": "f_trashcan",
        "t": "f_table"
      },
      "toilets": { "T": {  } },
      "items": { "Y": { "item": "coat_rack", "chance": 35 } },
      "monster": { "7": { "monster": "mon_zombie" } },
      "place_loot": [
        { "item": "ceramic_bowl", "x": 7, "y": 10, "chance": 100, "repeat": [ 1, 2 ] },
        { "item": "ceramic_plate", "x": 16, "y": 10, "chance": 100, "repeat": [ 1, 2 ] }
      ],
      "place_items": [
        { "item": "salad_bar", "x": 12, "y": 10, "chance": 85 },
        { "item": "salad_bar", "x": 13, "y": 10, "chance": 85 },
        { "item": "salad_bar", "x": 14, "y": 10, "chance": 75 },
        { "item": "salad_bar", "x": 15, "y": 10, "chance": 75 },
        { "item": "salad_bar", "x": [ 18, 20 ], "y": 16, "chance": 80 },
        { "item": "salad_bar", "x": [ 18, 20 ], "y": 18, "chance": 80 },
        { "item": "soup_bar", "x": 8, "y": 10, "chance": 85 },
        { "item": "soup_bar", "x": 9, "y": 10, "chance": 85 },
        { "item": "soup_bar", "x": 10, "y": 10, "chance": 75 },
        { "item": "soup_bar", "x": 11, "y": 10, "chance": 75 },
        { "item": "coat_rack", "x": 6, "y": [ 17, 18 ], "chance": 60, "repeat": [ 2, 4 ] },
        { "item": "restaur_fridge", "x": [ 14, 17 ], "y": 16, "chance": 60 },
        { "item": "restaur_kitchen", "x": [ 16, 17 ], "y": 18, "chance": 60, "repeat": [ 1, 2 ] }
      ],
      "place_monsters": [
        { "monster": "GROUP_GROCERY", "x": [ 9, 11 ], "y": [ 9, 12 ], "chance": 2, "density": 0.1 },
        { "monster": "GROUP_ROACH", "x": [ 13, 15 ], "y": 17, "chance": 15, "density": 0.1 }
      ]
    }
  },
  {
    "type": "mapgen",
    "method": "json",
    "om_terrain": [ "s_restaurant_roof_2" ],
    "weight": 300,
    "object": {
      "fill_ter": "t_flat_roof",
      "rows": [
        "........................",
        "........................",
        "........................",
        "........................",
        "........................",
        ".|--------------------3.",
        ".|                 X  3.",
        ".|                    3.",
        ".|                    3.",
        ".|                    3.",
        ".|                    3.",
        ".|                    3.",
        ".|                    3.",
        ".|                    3.",
        ".|          &         3.",
        ".|   #####            3.",
        ".|   #>__c            3.",
        ".|:  #####            3.",
        ".|          &         3.",
        ".|522222222222222222223.",
        "........................",
        "........................",
        "........................",
        "........................"
      ],
      "terrain": {
        " ": "t_flat_roof",
        ".": "t_open_air",
        "|": "t_gutter_west",
        "2": "t_gutter_south",
        "3": "t_gutter_east",
        "-": "t_gutter_north",
        ">": "t_stairs_down",
        "c": "t_door_green_c",
        "#": "t_wall",
        "_": "t_strconc_floor",
        "5": "t_gutter_drop"
      },
      "furniture": { "&": "f_roof_turbine_vent", ":": "f_cellphone_booster", "X": "f_small_satelitte_dish" },
      "place_items": [ { "item": "roof_trash", "x": [ 3, 16 ], "y": [ 9, 15 ], "chance": 50, "repeat": [ 1, 3 ] } ],
      "place_nested": [
        {
          "chunks": [
            [ "roof_2x2_utilities_b", 20 ],
            [ "roof_2x2_utilities_c", 20 ],
            [ "roof_2x2_utilities_d", 20 ],
            [ "roof_2x2_utilities", 20 ],
            [ "null", 40 ]
          ],
          "x": [ 13, 16 ],
          "y": [ 15, 17 ]
        },
        {
          "chunks": [ [ "roof_4x4_utility_1", 50 ], [ "roof_4x4_holdout", 5 ], [ "null", 80 ], [ "roof_5x5_coop", 5 ] ],
          "x": [ 3, 15 ],
          "y": 9
        }
      ]
    }
  },
  {
    "type": "mapgen",
    "method": "json",
    "om_terrain": [ "s_restaurant_foodplace" ],
    "weight": 1000,
    "object": {
      "fill_ter": "t_floor",
      "rows": [
        "____,____,____,____,____",
        "____,____,____,____,____",
        "____,____,____,____,____",
        "____,____,____,____,____",
        "|-GGGGGG---++---GGGGGG-|",
        "|......................|",
        "C..BB...BB....BB...BB..C",
        "W..TT...TT....TT...TT..W",
        "W..TT...TT....TT...TT..W",
        "C..BB...BB....BB...BB..C",
        "|^....................^|",
        "C..BB...BB....BB...BB..C",
        "W..TT...TT....TT...TT..W",
        "W..TT...TT....TT...TT..W",
        "C..BB...BB....BB...BB..C",
        "|---...................|",
        "|Sg|...................|",
        "|Pg+..|-------------|..|",
        "|--|..|FF#SS##OO##{{|..|",
        "|Pg+..|wgwgwgwgwgwgw|..|",
        "|Sg|..|&&###RR###gwg+..|",
        "|-----------------C-|6M|",
        "______4dd___________|.<|",
        "____________________|--|"
      ],
      "terrain": {
        "#": "t_linoleum_white",
        "&": "t_linoleum_gray",
        "+": "t_door_c",
        ",": "t_pavement_y",
        "-": "t_wall_p",
        "C": "t_curtains",
        "D": "t_door_locked",
        "F": "t_linoleum_gray",
        "G": "t_wall_glass",
        "M": "t_door_metal_locked",
        "O": "t_linoleum_white",
        "P": "t_linoleum_white",
        "R": "t_linoleum_white",
        "S": "t_linoleum_white",
        "W": "t_window",
        "_": "t_pavement",
        "d": "t_pavement",
        "g": "t_linoleum_gray",
        "w": "t_linoleum_white",
        "{": "t_linoleum_gray",
        "4": "t_gutter_downspout",
        "6": "t_card_fp",
        "<": "t_stairs_up",
        "|": "t_wall_p"
      },
      "furniture": {
        "#": "f_counter",
        "&": "f_trashcan",
        "B": "f_bench",
        "F": "f_fridge",
        "O": "f_oven",
        "R": "f_woodstove",
        "S": "f_sink",
        "T": "f_table",
        "^": "f_indoor_plant",
        "d": "f_dumpster",
        "{": "f_rack"
      },
      "toilets": { "P": {  } },
      "place_items": [
        { "item": "restaur_table", "x": [ 3, 4 ], "y": [ 7, 8 ], "chance": 25, "repeat": [ 1, 2 ] },
        { "item": "restaur_table", "x": [ 8, 9 ], "y": [ 7, 8 ], "chance": 25, "repeat": [ 1, 2 ] },
        { "item": "restaur_table", "x": [ 14, 15 ], "y": [ 7, 8 ], "chance": 25, "repeat": [ 1, 2 ] },
        { "item": "restaur_table", "x": [ 19, 20 ], "y": [ 7, 8 ], "chance": 25, "repeat": [ 1, 2 ] },
        { "item": "restaur_table", "x": [ 3, 4 ], "y": [ 12, 13 ], "chance": 25, "repeat": [ 1, 2 ] },
        { "item": "restaur_table", "x": [ 8, 9 ], "y": [ 12, 13 ], "chance": 25, "repeat": [ 1, 2 ] },
        { "item": "restaur_table", "x": [ 14, 15 ], "y": [ 12, 13 ], "chance": 25, "repeat": [ 1, 2 ] },
        { "item": "restaur_table", "x": [ 19, 20 ], "y": [ 12, 13 ], "chance": 25, "repeat": [ 1, 2 ] },
        { "item": "restaur_bath", "x": 2, "y": [ 17, 18 ], "chance": 25 },
        { "item": "restaur_bath", "x": 2, "y": [ 20, 21 ], "chance": 25 },
        { "item": "restaur_fridge", "x": [ 7, 8 ], "y": 18, "chance": 70, "repeat": [ 2, 3 ] },
        { "item": "restaur_sink", "x": [ 10, 11 ], "y": 18, "chance": 75, "repeat": [ 2, 3 ] },
        { "item": "restaur_kitchen", "x": 9, "y": 18, "chance": 25, "repeat": [ 1, 2 ] },
        { "item": "restaur_kitchen", "x": [ 12, 13 ], "y": 18, "chance": 25, "repeat": [ 1, 2 ] },
        { "item": "restaur_kitchen", "x": [ 16, 17 ], "y": 18, "chance": 25, "repeat": [ 1, 2 ] },
        { "item": "restaur_rack", "x": [ 18, 19 ], "y": 18, "chance": 75, "repeat": [ 1, 2 ] },
        { "item": "restaur_trash", "x": [ 7, 8 ], "y": 20, "chance": 75, "repeat": [ 1, 3 ] },
        { "item": "restaur_kitchen", "x": [ 9, 11 ], "y": 20, "chance": 25, "repeat": [ 1, 2 ] },
        { "item": "restaur_kitchen", "x": [ 14, 16 ], "y": 20, "chance": 25, "repeat": [ 1, 2 ] },
        { "item": "restaur_trash", "x": [ 7, 8 ], "y": 22, "chance": 50, "repeat": [ 1, 2 ] },
        { "item": "trash", "x": [ 7, 8 ], "y": 22, "chance": 50, "repeat": [ 1, 2 ] },
        { "item": "trash", "x": [ 0, 17 ], "y": [ 22, 23 ], "chance": 20, "repeat": [ 1, 2 ] }
      ],
      "place_nested": [ { "chunks": [ [ "chef_s_restaurant", 5 ], [ "null", 95 ] ], "x": 7, "y": 18 } ],
      "place_monsters": [
        { "monster": "GROUP_GROCERY", "x": [ 7, 19 ], "y": 19, "chance": 5 },
        { "monster": "GROUP_ROACH", "x": [ 7, 19 ], "y": 19, "chance": 20 }
      ]
    }
  },
  {
    "type": "mapgen",
    "method": "json",
    "om_terrain": [ "s_restaurant_foodplace_roof" ],
    "weight": 300,
    "object": {
      "fill_ter": "t_floor",
      "rows": [
        "                        ",
        "                        ",
        "                        ",
        "                        ",
        "|......................3",
        "|......................3",
        "|......................3",
        "|......................3",
        "|......................3",
        "|......................3",
        "|............WWWWWWWWWWW",
        "|............Wh,,sWh,,sW",
        "|............WT,,,WT,,,W",
        "|............WWWDWWWWDWW",
        "|............Wl,,bWl,,bW",
        "|...........[Wl,,bWl,,bW",
        "WwWWWWwWWWWWWWWWDWWWWDWW",
        "Wpccccvfuosrrq;,,,M@,,,W",
        "W,,,,,,,,,,,,,,,,,,,,,aW",
        "w,,,,,,,,#tt#,,,,,,,,,,w",
        "Wpttttp,,#tt#,,VBBp,H,,W",
        "WWWwWWWWWWWwWWWWWWWWW,,W",
        "                    Wl>W",
        "                    WWWW"
      ],
      "terrain": {
        ".": "t_flat_roof",
        " ": "t_open_air",
        "W": "t_wall_p",
        "D": "t_door_c",
        "[": "t_ladder_up",
        "w": "t_window_domestic",
        "|": "t_gutter_west",
        ",": "t_floor",
        "-": "t_gutter_south",
        "3": "t_gutter_east",
        ">": "t_stairs_down",
        "5": "t_gutter_drop"
      },
      "toilets": { "T": {  } },
      "furniture": {
        "&": "f_roof_turbine_vent",
        "l": "f_locker",
        "b": "f_bench",
        "h": "f_shower",
        "V": "f_vending_c",
        "s": "f_sink",
        "v": "f_trashcan",
        ";": "f_pinball_machine",
        "c": "f_sofa",
        "t": "f_table",
        "M": "f_bigmirror",
        "@": "f_mannequin",
        "a": "f_armchair",
        "r": "f_counter",
        "u": "f_cupboard",
        "f": "f_fridge",
        "o": "f_oven",
        "q": "f_dishwasher",
        "#": "f_stool",
        "B": "f_bookcase",
        "p": "f_indoor_plant",
        "H": "f_rack_coat"
      },
      "place_items": [
        { "item": "kitchen", "x": [ 11, 12 ], "y": [ 17 ], "chance": 100, "repeat": [ 5, 10 ] },
        { "item": "cleaning", "x": [ 10 ], "y": [ 17 ], "chance": 100, "repeat": [ 1, 3 ] },
        { "item": "knifeblock", "x": [ 11, 12 ], "y": [ 17 ], "chance": 100, "repeat": [ 1, 2 ] },
        { "item": "trash", "x": [ 6 ], "y": [ 17 ], "chance": 100, "repeat": [ 2, 4 ] },
        { "item": "fridge", "x": [ 7 ], "y": [ 17 ], "chance": 100, "repeat": [ 5, 15 ] },
        { "item": "oven", "x": [ 9 ], "y": [ 17 ], "chance": 100, "repeat": [ 1, 2 ] },
        { "item": "bed", "x": [ 2, 5 ], "y": [ 17 ], "chance": 100, "repeat": [ 1, 2 ] },
        { "item": "dining", "x": [ 10, 11 ], "y": [ 19, 20 ], "chance": 40, "repeat": [ 1, 2 ] },
        { "item": "vending_drink_items", "x": [ 15 ], "y": [ 20 ], "chance": 100, "repeat": [ 5, 20 ] },
        { "item": "snacks_fancy", "x": [ 2 ], "y": [ 20 ], "chance": 30, "repeat": [ 1, 2 ] },
        { "item": "snacks_fancy", "x": [ 2 ], "y": [ 17 ], "chance": 30, "repeat": [ 1, 2 ] },
        { "item": "snacks_fancy", "x": [ 22 ], "y": [ 18 ], "chance": 30, "repeat": [ 1, 2 ] },
        { "item": "fast_food", "x": [ 10, 11 ], "y": [ 19, 20 ], "chance": 30, "repeat": [ 1, 2 ] },
        { "item": "magazines", "x": [ 2 ], "y": [ 17 ], "chance": 30, "repeat": [ 1, 2 ] },
        { "item": "magazines", "x": [ 16, 17 ], "y": [ 20 ], "chance": 100, "repeat": [ 3, 5 ] },
        { "item": "coat_rack", "x": [ 20 ], "y": [ 20 ], "chance": 100, "repeat": [ 1, 4 ] },
        { "item": "stash_drugs", "x": [ 1 ], "y": [ 20 ], "chance": 30, "repeat": [ 1, 2 ] },
        { "item": "livingroom", "x": [ 2, 5 ], "y": [ 20 ], "chance": 50, "repeat": [ 1, 2 ] },
        { "item": "allclothes", "x": [ 13 ], "y": [ 14, 15 ], "chance": 100, "repeat": [ 3, 4 ] },
        { "item": "allclothes", "x": [ 19 ], "y": [ 14, 15 ], "chance": 100, "repeat": [ 3, 4 ] },
        { "item": "softdrugs", "x": [ 17 ], "y": [ 11 ], "chance": 70, "repeat": [ 2, 3 ] },
        { "item": "softdrugs", "x": [ 22 ], "y": [ 11 ], "chance": 100, "repeat": [ 2, 3 ] }
      ],
      "place_loot": [
        { "item": "television", "x": [ 3, 4 ], "y": 20, "repeat": 1, "chance": 100 },
        { "item": "foodperson_mask", "x": 19, "y": 17, "repeat": 1, "chance": 100 },
        { "item": "cape_fp", "x": 19, "y": 17, "repeat": 1, "chance": 100 },
        { "item": "chestguard_hard", "x": 19, "y": 17, "repeat": 1, "chance": 100 },
        { "item": "legguard_hard", "x": 19, "y": 17, "repeat": 1, "chance": 100 },
        { "item": "armguard_hard", "x": 19, "y": 17, "repeat": 1, "chance": 100 },
        { "item": "gloves_rubber", "x": 19, "y": 17, "repeat": 1, "chance": 100 },
        { "item": "boots_rubber", "x": 19, "y": 17, "repeat": 1, "chance": 100 },
        { "item": "medium_disposable_cell", "x": 21, "y": 22, "repeat": 5, "chance": 100 }
      ],
      "place_nested": [ { "chunks": [ [ "foodperson_break_room", 5 ], [ "null", 95 ] ], "x": 15, "y": 10 } ]
    }
  },
  {
    "type": "mapgen",
    "method": "json",
    "om_terrain": [ "s_restaurant_foodplace_upper_roof" ],
    "weight": 300,
    "object": {
      "fill_ter": "t_flat_roof",
      "rows": [
        "                        ",
        "                        ",
        "                        ",
        "                        ",
        "                        ",
        "                        ",
        "                        ",
        "                        ",
        "                        ",
        "                        ",
        "             |---------3",
        "             |....:....3",
        "             |.........3",
        "             |.........3",
        "             |.........3",
        "            [..........3",
        "|-----------...........3",
        "|......................3",
        "|......................3",
        "|......................3",
        "|...X..................3",
        "|------5------------|..3",
        "                    |..3",
        "                    |--3"
      ],
      "terrain": {
        ".": "t_flat_roof",
        " ": "t_open_air",
        "[": "t_ladder_down",
        "|": "t_gutter_west",
        ",": "t_floor",
        "-": "t_gutter_south",
        "3": "t_gutter_east",
        "5": "t_gutter_drop"
      },
      "furniture": { "&": "f_roof_turbine_vent", ":": "f_cellphone_booster", "X": "f_small_satelitte_dish" },
      "place_items": [ { "item": "roof_trash", "x": [ 3, 16 ], "y": [ 17, 19 ], "chance": 50, "repeat": [ 1, 3 ] } ],
      "place_nested": [
        {
          "chunks": [
            [ "roof_2x2_utilities_b", 20 ],
            [ "roof_2x2_utilities_c", 20 ],
            [ "roof_2x2_utilities_d", 20 ],
            [ "roof_2x2_utilities", 20 ],
            [ "null", 40 ]
          ],
          "x": [ 10, 11 ],
          "y": [ 17, 18 ]
        },
        {
          "chunks": [ [ "roof_4x4_utility_1", 50 ], [ "roof_4x4_holdout", 5 ], [ "null", 80 ], [ "roof_5x5_coop", 5 ] ],
          "x": 17,
          "y": 16
        }
      ]
    }
  }
]
