[
  {
    "name": "GROUP_COFFEE_SHOP_ZOMBIE",
    "type": "monstergroup",
    "default": "mon_null",
    "monsters": [ { "monster": "mon_zombie", "freq": 65, "cost_multiplier": 5 } ]
  },
  {
    "type": "mapgen",
    "method": "json",
    "om_terrain": [ "s_restaurant_coffee" ],
    "weight": 250,
    "object": {
      "fill_ter": "t_floor",
      "rows": [
        "S___________SSTzzzzzzzTS",
        "S_____,_____SSzMbMbMbMzS",
        "S_____,_____SSSSSSSS/MzS",
        "S_____,_____SSSSSSSS/MzS",
        "S_____,_____SSzzzSSS/MzS",
        "S_____,_____SS||V{{{V||S",
        "S_____,_____SS|D     <|S",
        "SSSSSSSSSSSSSS|r      OS",
        "SSSSSSSSSSSSSS|r      |S",
        "SVVVVVVVz./Mzz|   #W##|S",
        "SVD>>>>Vz./bMzV   #ww%|S",
        "SV BBB>Vz.b/..{   xwwF|S",
        "SV   B>Vz.Mb..{   flwl|S",
        "SV   B>Vz....zV   flwU|S",
        "SV   B>Vzbbbzz|X  #wwG|S",
        "S|B ^||||||||||^  ||I||S",
        "SO6  B|=;|;=|99  r|FwC|S",
        "S|B  6|=A|A=|9   r|Fwc|S",
        "S|   B|+|||+|9   D|!ww|S",
        "S|B               |Lwl|S",
        "SO6   6 6 6   B66B|Lwl|S",
        "S|B ^???????^ B66B|Lwl|S",
        "S|||||||||||||||||||3||S",
        "S4SSSSSSSSSSSSSSSSSSSSSS"
      ],
      "terrain": {
        " ": "t_floor",
        "!": "t_linoleum_white",
        "#": "t_linoleum_white",
        "%": "t_linoleum_white",
        "+": "t_door_c",
        ",": "t_pavement_y",
        ".": "t_grass",
        "/": "t_dirt",
        "3": [ "t_door_locked", "t_door_locked_alarm" ],
        ";": "t_linoleum_white",
        "=": "t_linoleum_white",
        "A": "t_linoleum_white",
        "C": "t_linoleum_white",
        "F": "t_linoleum_white",
        "G": "t_linoleum_white",
        "I": "t_door_locked_interior",
        "L": "t_linoleum_white",
        "M": "t_dirt",
        "O": "t_window",
        "S": "t_sidewalk",
        "U": "t_linoleum_white",
        "V": "t_wall_glass",
        "W": "t_fencegate_c",
        "_": "t_pavement",
        "b": "t_dirt",
        "c": "t_linoleum_white",
        "f": "t_linoleum_white",
        "l": "t_linoleum_white",
        "w": "t_linoleum_white",
        "x": "t_console_broken",
        "z": "t_shrub",
        "{": "t_door_glass_c",
        "|": "t_wall_b",
        "<": "t_stairs_up",
        "4": "t_gutter_downspout",
        "T": "t_tree_coffee"
      },
      "furniture": {
        "#": "f_counter",
        "%": "f_trashcan",
        "/": "f_bluebell",
        "6": "f_table",
        "9": "f_rack",
        ">": "f_counter",
        "?": "f_sofa",
        "A": "f_sink",
        "B": "f_chair",
        "C": "f_desk",
        "D": "f_trashcan",
        "F": "f_fridge",
        "G": "f_oven",
        "L": "f_locker",
        "M": "f_dahlia",
        "U": "f_sink",
        "X": "f_rack",
        "^": "f_indoor_plant",
        "b": "f_dandelion",
        "f": "f_glass_fridge",
        "l": "f_rack",
        "r": "f_rack"
      },
      "toilets": { ";": {  } },
      "items": {
        "#": { "item": "coffee_counter", "chance": 10 },
        "6": { "item": "coffee_table", "chance": 35 },
        "9": { "item": "coffee_display_2", "chance": 55 },
        ";": { "item": "coffee_bathroom", "chance": 15 },
        "=": { "item": "coffee_bathroom", "chance": 35 },
        ">": { "item": "coffee_table", "chance": 25 },
        "A": { "item": "coffee_bathroom", "chance": 35 },
        "C": { "item": "office", "chance": 70 },
        "D": { "item": "coffee_trash", "chance": 75 },
        "F": { "item": "coffee_fridge", "chance": 40 },
        "G": { "item": "oven", "chance": 35 },
        "L": { "item": "coffee_locker", "chance": 75 },
        "U": { "item": "coffee_dishes", "chance": 75 },
        "X": { "item": "coffee_newsstand", "chance": 80 },
        "f": { "item": "coffee_freezer", "chance": 55 },
        "l": { "item": "coffee_prep", "chance": 50 },
        "r": { "item": "coffee_condiments", "chance": 80 }
      },
      "monsters": { "!": { "monster": "GROUP_COFFEE_SHOP_ZOMBIE", "chance": 1 } },
      "place_monsters": [ { "monster": "GROUP_ZOMBIE", "x": [ 3, 17 ], "y": [ 13, 18 ], "chance": 1 } ],
      "vehicles": { "c": { "vehicle": "swivel_chair", "chance": 100, "status": 1 } }
    }
  },
  {
    "type": "mapgen",
    "method": "json",
    "om_terrain": [ "s_restaurant_coffee_roof" ],
    "weight": 250,
    "object": {
      "fill_ter": "t_tile_flat_roof",
      "rows": [
        "........................",
        "........................",
        "........................",
        "........................",
        "........................",
        "..............|||||||||.",
        "..............|     |>|.",
        "..............|       |.",
        "..............|       |.",
        ".|||||||......|     bt|.",
        ".|     |......|tb     |.",
        ".|     |......|tb   bt|.",
        ".|     |......|tb   bt|.",
        ".|     |......|     bt|.",
        ".|     |......|tb   bt|.",
        ".|     ||||||||     bt|.",
        ".|                    |.",
        ".|b                   |.",
        ".|b tt      btb btb   |.",
        ".|b tt      btb btb   |.",
        ".|bbbbb               |.",
        ".||||||||||||||||||||||.",
        ".5---------------------.",
        "........................"
      ],
      "terrain": {
        ".": "t_open_air",
        " ": "t_tile_flat_roof",
        "|": "t_glass_railing",
        "-": "t_gutter_south",
        ">": "t_stairs_down",
        "5": "t_gutter_drop"
      },
      "furniture": { "b": "f_bench", "t": "f_table" },
      "place_items": [
        { "item": "coffee_table", "x": [ 4, 5 ], "y": [ 18, 19 ], "chance": 50, "repeat": [ 1, 3 ] },
        { "item": "coffee_table", "x": 13, "y": [ 18, 19 ], "chance": 50, "repeat": [ 1, 3 ] },
        { "item": "coffee_table", "x": 17, "y": [ 18, 19 ], "chance": 50, "repeat": [ 1, 3 ] },
        { "item": "coffee_table", "x": 15, "y": [ 10, 13 ], "chance": 50, "repeat": [ 1, 3 ] },
        { "item": "coffee_table", "x": 15, "y": 14, "chance": 50, "repeat": [ 1, 3 ] },
        { "item": "coffee_table", "x": 21, "y": [ 11, 15 ], "chance": 50, "repeat": [ 1, 3 ] }
      ],
      "place_nested": [ { "chunks": [ [ "roof_2x2_golf", 10 ], [ "null", 80 ], [ "roof_3x3_wine", 10 ] ], "x": [ 3, 4 ], "y": [ 10, 13 ] } ]
    }
  },
  {
    "type": "mapgen",
    "method": "json",
    "om_terrain": [ "s_restaurant_coffee_1" ],
    "weight": 250,
    "object": {
      "//": "Default fill is floor but some tables are outside",
      "fill_ter": "t_floor",
      "rows": [
        "_______,,,,,,,ss########",
        "______________ss#pppppp#",
        "______________ssspHTTHp#",
        "______________ssspppppp#",
        "______________ssspHppHp#",
        "_______,,,,,,,ssspTppTp#",
        "______________ssspHppHp#",
        "______________ssspppppp#",
        "______________ss#pHTTHp#",
        "______________ss#pppppp#",
        "_______,,,,,,,ss|-5555-|",
        "______________ss|.HTTH.|",
        "______________ss%......|",
        "______________ss+.....&|",
        "______________ss+......|",
        "s4ssssssssssssss%....HH|",
        "|--555-555-555--|....TT|",
        "|..HTH.HTH.HTH.......TT|",
        "|....................HH|",
        "|......................|",
        "|-D---D---cWWcccxccxccc|",
        "|S==|==S|==============|",
        "|P==|==P|llSO==rrrrrSTe|",
        "|-------------L--------|"
      ],
      "set": [
        { "line": "terrain", "id": "t_concrete", "x": 21, "x2": 18, "y": 2, "y2": 2 },
        { "line": "terrain", "id": "t_concrete", "x": 21, "x2": 18, "y": 8, "y2": 8 },
        { "line": "terrain", "id": "t_concrete", "x": 21, "x2": 21, "y": 6, "y2": 4 },
        { "line": "terrain", "id": "t_concrete", "x": 18, "x2": 18, "y": 6, "y2": 4 }
      ],
      "terrain": {
        "#": "t_shrub",
        "%": "t_wall_glass",
        "+": "t_door_glass_c",
        ",": "t_pavement_y",
        "-": "t_wall_b",
        ".": "t_floor",
        "5": "t_wall_glass",
        "=": "t_linoleum_white",
        "D": "t_door_c",
        "L": "t_door_locked",
        "O": "t_linoleum_white",
        "P": "t_linoleum_white",
        "S": "t_linoleum_white",
        "T": "t_linoleum_white",
        "W": "t_fencegate_c",
        "_": "t_pavement",
        "c": "t_linoleum_white",
        "e": "t_linoleum_white",
        "l": "t_linoleum_white",
        "p": "t_concrete",
        "r": "t_linoleum_white",
        "s": "t_sidewalk",
        "x": "t_console_broken",
        "4": "t_gutter_downspout",
        "|": "t_wall_b"
      },
      "furniture": {
        "&": "f_trashcan",
        "H": "f_chair",
        "O": "f_oven",
        "S": "f_sink",
        "T": "f_table",
        "c": "f_counter",
        "e": "f_fridge",
        "l": "f_locker",
        "r": "f_rack"
      },
      "toilets": { "P": {  } },
      "place_items": [
        { "item": "coffee_locker", "x": [ 10, 9 ], "y": 22, "chance": 75, "repeat": [ 1, 3 ] },
        { "item": "coffee_display", "x": [ 19, 15 ], "y": 22, "chance": 80, "repeat": [ 1, 2 ] },
        { "item": "coffee_display", "x": [ 19, 15 ], "y": 22, "chance": 40, "repeat": [ 1, 2 ] },
        { "item": "coffee_dishes", "x": 20, "y": 22, "chance": 85, "repeat": [ 1, 2 ] },
        { "item": "coffee_fridge", "x": 22, "y": 22, "chance": 75, "repeat": [ 1, 2 ] },
        { "item": "coffee_table", "x": [ 22, 21 ], "y": [ 17, 16 ], "chance": 20, "repeat": [ 1, 2 ] },
        { "item": "coffee_table", "x": 12, "y": 17, "chance": 20, "repeat": [ 1, 2 ] },
        { "item": "coffee_table", "x": 8, "y": 17, "chance": 20, "repeat": [ 1, 2 ] },
        { "item": "coffee_table", "x": 4, "y": 17, "chance": 20, "repeat": [ 1, 2 ] },
        { "item": "coffee_table", "x": [ 20, 19 ], "y": 11, "chance": 20, "repeat": [ 1, 2 ] },
        { "item": "coffee_table", "x": [ 20, 19 ], "y": 8, "chance": 20, "repeat": [ 1, 2 ] },
        { "item": "coffee_table", "x": 21, "y": 5, "chance": 20, "repeat": [ 1, 2 ] },
        { "item": "coffee_table", "x": 18, "y": 5, "chance": 20, "repeat": [ 1, 2 ] },
        { "item": "coffee_table", "x": [ 20, 19 ], "y": 2, "chance": 20, "repeat": [ 1, 2 ] },
        { "item": "coffee_trash", "x": 22, "y": 13, "chance": 75, "repeat": [ 2, 4 ] },
        { "item": "coffee_bathroom", "x": [ 6, 5 ], "y": [ 22, 21 ], "chance": 20, "repeat": [ 1, 2 ] },
        { "item": "coffee_bathroom", "x": [ 3, 2 ], "y": [ 22, 21 ], "chance": 20, "repeat": [ 1, 2 ] }
      ],
      "place_item": [ { "item": "coffeemaker", "x": 21, "y": 22 }, { "item": "atomic_coffeepot", "x": 21, "y": 22, "chance": 20 } ]
    }
  },
  {
    "type": "mapgen",
    "method": "json",
    "om_terrain": "s_restaurant_coffee_roof_1",
    "weight": 100,
    "object": {
      "fill_ter": "t_flat_roof",
      "rows": [
        "________________________",
        "________________________",
        "________________________",
        "________________________",
        "________________________",
        "________________________",
        "________________________",
        "________________________",
        "________________________",
        "________________________",
        "________________|2222223",
        "________________|......3",
        "________________|....&.3",
        "________________|......3",
        "________________|......3",
        "________________|......3",
        "|5222222222222222......3",
        "|......................3",
        "|......................3",
        "|......................3",
        "|......................3",
        "|......................3",
        "|.#....................3",
        "|......................3"
      ],
      "terrain": {
        ".": "t_flat_roof",
        "_": "t_open_air",
        "|": "t_gutter_west",
        "2": "t_gutter_north",
        "3": "t_gutter_east",
        "5": "t_gutter_drop"
      },
      "furniture": { "&": "f_roof_turbine_vent", "#": "f_vent_pipe" },
      "place_items": [ { "item": "roof_trash", "x": [ 3, 19 ], "y": [ 18, 22 ], "chance": 50, "repeat": [ 1, 3 ] } ],
      "place_nested": [
        { "chunks": [ [ "null", 40 ], [ "roof_4x4_utility", 60 ] ], "x": [ 3, 15 ], "y": 18 },
        { "chunks": [ [ "null", 40 ], [ "roof_2x2_utilities_d", 60 ] ], "x": 18, "y": 14 }
      ]
    }
  },
  {
    "method": "json",
    "object": {
      "fill_ter": "t_floor",
      "furniture": {
        "#": "f_chair",
        "&": "f_trashcan",
        "+": "f_null",
        "-": "f_null",
        ".": "f_null",
        "D": "f_null",
        "S": "f_null",
        "T": "f_toilet",
        "^": "f_indoor_plant",
        "_": "f_null",
        "a": "f_sink",
        "b": "f_null",
        "c": "f_counter",
        "d": "f_dumpster",
        "l": "f_locker",
        "o": "f_oven",
        "p": "f_null",
        "r": "f_rack",
        "s": "f_null",
        "t": "f_table",
        "u": "f_null",
        "v": "f_vending_o",
        "w": "f_null",
        "{": "f_fridge",
        "|": "f_null"
      },
      "place_items": [
        { "chance": 50, "item": "coffee_freezer", "x": [ 3, 4 ], "y": 4 },
        { "chance": 20, "item": "coffee_display_2", "x": 7, "y": 13 },
        { "chance": 20, "item": "coffee_display_2", "x": 6, "y": 11 },
        { "chance": 35, "item": "coffee_condiments", "x": [ 5, 6 ], "y": 12 },
        { "chance": 35, "item": "coffee_condiments", "x": 6, "y": 9 },
        { "chance": 35, "item": "clothing_work_torso", "x": [ 7, 9 ], "y": 20 },
        { "chance": 40, "item": "coffee_trash", "x": 5, "y": 15 },
        { "chance": 35, "item": "kitchen_nonfood", "x": 5, "y": [ 13, 14 ] },
        { "chance": 35, "item": "coffee_dishes", "x": 6, "y": 8 },
        { "chance": 50, "item": "fast_trash", "x": [ 15, 16 ], "y": 19 },
        { "chance": 15, "item": "coffee_newsstand", "x": 15, "y": 6 }
      ],
      "place_monsters": [
        { "chance": 4, "density": 1, "monster": "GROUP_ZOMBIE", "x": 8, "y": 10 },
        { "chance": 3, "density": 1, "monster": "GROUP_ZOMBIE_FAT_BASE", "x": 17, "y": 11 }
      ],
      "place_toilets": [ { "x": 20, "y": 17 } ],
      "rows": [
        "______________sss_______",
        "______u__u____sss_______",
        "____uSSuSSSu__sss_SSS___",
        "__||||||----||sss||w||__",
        "_u|{{o|#tr{t#|sss|..^|__",
        "__|...|.##t#.|+|+|...|__",
        "_u|...D..#..#r{rvr...|u_",
        "__|...|......#.tt....|__",
        "__|...c..............|__",
        "__|...c.............^|u_",
        "__|...c..............|__",
        "__|...c..............|_u",
        "__|...c......#.......|__",
        "_u|..c|.....#t#......|u_",
        "__|..c|......#....|D||__",
        "__|..&|...........|..|__",
        "__|...|||||#...#..|..|__",
        "_u|.....D<|t#.#t#.|aT|__",
        "_u|.....||||||||||||||__",
        "__|#t#....bppppdd4ppS___",
        "__|#t#.lll|pppppppppS___",
        "__|||||||||pppppppppS___",
        "_____u_____ppppppppp____",
        "________________________"
      ],
      "terrain": {
        "#": "t_floor",
        "&": "t_floor",
        "+": "t_door_glass_c",
        "-": "t_wall_glass",
        ".": "t_floor",
        "D": "t_door_c",
        "S": "t_shrub",
        "T": "t_floor",
        "^": "t_floor",
        "_": "t_grass",
        "a": "t_floor",
        "b": "t_door_metal_pickable",
        "c": "t_floor",
        "d": "t_pavement",
        "l": "t_floor",
        "o": "t_floor",
        "p": "t_pavement",
        "r": "t_floor",
        "s": "t_sidewalk",
        "t": "t_floor",
        "u": "t_underbrush",
        "v": "t_floor",
        "w": "t_window_boarded_noglass",
        "{": "t_floor",
        "4": "t_gutter_downspout",
        "<": "t_ladder_up",
        "|": "t_wall_b"
      }
    },
    "om_terrain": "s_restaurant_coffee_2",
    "type": "mapgen",
    "weight": 100
  },
  {
    "type": "mapgen",
    "method": "json",
    "om_terrain": "s_restaurant_coffee_roof_2",
    "weight": 100,
    "object": {
      "fill_ter": "t_flat_roof",
      "rows": [
        "________________________",
        "________________________",
        "________________________",
        "__|22222222222___32222__",
        "__|..........|___3...3__",
        "__|...&......|2223...3__",
        "__|..................3__",
        "__|..................3__",
        "__|..................3__",
        "__|..................3__",
        "__|..................3__",
        "__|..................3__",
        "__|..................3__",
        "__|..................3__",
        "__|..................3__",
        "__|..................3__",
        "__|..................3__",
        "__|......>.........:.3__",
        "__|.......311111151113__",
        "__|.......3_____________",
        "__|.......3_____________",
        "__111111113_____________",
        "________________________",
        "________________________"
      ],
      "terrain": {
        ".": "t_flat_roof",
        "_": "t_open_air",
        "|": "t_gutter_west",
        "2": "t_gutter_north",
        "3": "t_gutter_east",
        "1": "t_gutter_south",
        "5": "t_gutter_drop",
        ">": "t_ladder_down"
      },
      "furniture": { "&": "f_roof_turbine_vent", "#": "f_vent_pipe" },
      "place_items": [ { "item": "roof_trash", "x": [ 3, 19 ], "y": [ 5, 18 ], "chance": 50, "repeat": [ 1, 3 ] } ],
      "place_nested": [
        { "chunks": [ [ "null", 40 ], [ "roof_4x4_utility", 60 ], [ "roof_4x4_holdout", 10 ] ], "x": [ 4, 16 ], "y": [ 7, 13 ] }
      ]
    }
  }
]
