[
  {
    "type": "mapgen",
    "method": "json",
    "om_terrain": [ "furniture" ],
    "weight": 300,
    "object": {
      "fill_ter": "t_floor",
      "rows": [
        "                        ",
        " |ggggggggg++ggggggggg| ",
        " |.CphpH.c....O.O.&.&.| ",
        " |B.....kc...........y| ",
        " |B....ccc...........f| ",
        " |v..........#.m..e..B| ",
        " |bb.....tu....m..e..B| ",
        " |d......tu..mmv..e..B| ",
        " |bb.................B| ",
        " |bb.....dq..OO..oo..y| ",
        " |#......dq..OO..oo..B| ",
        " |h..................B| ",
        " |h......EE..CC..&&..B| ",
        " |H......EE..CC..&&..B| ",
        " |H..................q| ",
        " |...yffBBBBBBBBBBBBBB| ",
        " |DD------------------| ",
        " |...............D   4  ",
        " |BBBB.y...mmmpv.D      ",
        " |-------..------|      ",
        " |ye.Hg........|T|      ",
        " |he..D...Efrm.+.|      ",
        " |...fg.ECHH<m&|S|      ",
        " |---------------|      "
      ],
      "terrain": {
        " ": "t_pavement",
        "+": "t_door_c",
        "-": "t_wall_w",
        "D": "t_door_locked",
        "g": "t_wall_glass",
        "|": "t_wall_w",
        "<": "t_ladder_up",
        "4": "t_gutter_downspout"
      },
      "furniture": {
        "#": "f_table",
        "&": "f_fridge",
        "B": "f_rack",
        "C": "f_cupboard",
        "E": "f_bookcase",
        "H": "f_armchair",
        "y": [ "f_indoor_plant_y", "f_indoor_plant" ],
        "O": "f_oven",
        "b": "f_bed",
        "S": "f_sink",
        "c": "f_counter",
        "d": "f_dresser",
        "k": "f_stool",
        "e": "f_desk",
        "h": "f_chair",
        "m": "f_sofa",
        "f": "f_filing_cabinet",
        "o": "f_toilet",
        "p": "f_rack_coat",
        "q": "f_displaycase",
        "r": "f_ladder",
        "t": "f_wardrobe",
        "u": "f_glass_cabinet",
        "v": "f_floor_lamp"
      },
      "toilets": { "T": {  } },
      "place_items": [
        { "item": "tools_carpentry", "x": 21, "y": [ 5, 8 ], "chance": 50, "repeat": 2 },
        { "item": "hardware", "x": 21, "y": [ 10, 13 ], "chance": 50, "repeat": 2 },
        { "item": "hardware", "x": [ 8, 21 ], "y": 15, "chance": 75, "repeat": 4 },
        { "item": "tools_carpentry", "x": [ 2, 5 ], "y": 18, "chance": 75, "repeat": 2 },
        { "item": "magazines", "x": 2, "y": [ 3, 4 ], "chance": 75, "repeat": 1 }
      ]
    }
  },
  {
    "type": "mapgen",
    "method": "json",
    "om_terrain": "furniture_roof",
    "object": {
      "fill_ter": "t_flat_roof",
      "rows": [
        "                        ",
        " |222222222222222222223 ",
        " |....................3 ",
        " |....................3 ",
        " |....................3 ",
        " |....................3 ",
        " |....................3 ",
        " |....................3 ",
        " |....................3 ",
        " |....................3 ",
        " |....................3 ",
        " |....................3 ",
        " |....................3 ",
        " |....................3 ",
        " |....................3 ",
        " |....................3 ",
        " |...............----53 ",
        " |...............3      ",
        " |...............3      ",
        " |........##D###.3      ",
        " |........#__vv#.3      ",
        " |........#v_pp#.3      ",
        " |........#p>vp#.3      ",
        " |--------######-3      "
      ],
      "palettes": [ "roof_palette" ],
      "terrain": { "#": "t_wall_w", "p": "t_floor", "v": "t_floor", ">": "t_ladder_down", "D": "t_door_locked" },
      "furniture": { "v": "f_floor_lamp", "p": "f_rack_coat" },
      "place_nested": [
        {
          "chunks": [
            [ "null", 20 ],
            [ "roof_2x2_utilities_b", 15 ],
            [ "roof_2x2_utilities_c", 5 ],
            [ "roof_2x2_utilities_d", 40 ],
            [ "roof_2x2_utilities", 50 ],
            [ "roof_3x3_wine", 5 ]
          ],
          "x": [ 3, 15 ],
          "y": [ 10, 12 ]
        },
        {
          "chunks": [
            [ "null", 20 ],
            [ "roof_4x4_party", 5 ],
            [ "roof_4x4_holdout", 5 ],
            [ "roof_4x4_utility", 40 ],
            [ "roof_4x4_utility_1", 30 ]
          ],
          "x": [ 3, 15 ],
          "y": 3
        }
      ]
    }
  },
  {
    "type": "mapgen",
    "method": "json",
    "om_terrain": "furniture_upper_roof",
    "object": {
      "fill_ter": "t_flat_roof",
      "rows": [
        "                        ",
        "                        ",
        "                        ",
        "                        ",
        "                        ",
        "                        ",
        "                        ",
        "                        ",
        "                        ",
        "                        ",
        "                        ",
        "                        ",
        "                        ",
        "                        ",
        "                        ",
        "                        ",
        "                        ",
        "                        ",
        "                        ",
        "          ......        ",
        "          ......        ",
        "          ......        ",
        "          ......        ",
        "          ......        "
      ],
      "palettes": [ "roof_palette" ]
    }
  }
]
