[
  {
    "type": "mapgen",
    "method": "json",
    "om_terrain": [
      [ "school_1_3", "school_1_2", "school_1_1" ],
      [ "school_1_6", "school_1_5", "school_1_4" ],
      [ "school_1_9", "school_1_8", "school_1_7" ]
    ],
    "weight": 250,
    "object": {
      "fill_ter": "t_floor",
      "rows": [
        "ssssssss_______sssssssssssssssssssssssssssssssssssssssssssssssssssssssss",
        "s$;$ $;$_______$;$ $;$ssssssssssssssssssssssssssssssssssssssssssssssssss",
        "sLLLLLLL_______LLLLLLLss                  ss                            ",
        "s_____________________ss                  ss   $;$$$$$;$$$$$$$$;$$$$$;$ ",
        "s_____________________ss  $$;$$$$$$$$;$ $ ss $ ||wwww||||wwww||||wwww|| ",
        "s_____________________ss  $||www||www||   ss   |......a..cccc........^| ",
        "sLLLLLLL_______LLLLLLLss  $|hddha^hddh| $ ss $ |......................w ",
        "s_____________________ss  $whddh..hddh|   ss   |B.....dh.dh.dh.dh.dh..w ",
        "s_____________________ss  $whddh..hddh|$$$ss$$$|......dh.dh.dh.dh.dh..w ",
        "s_____________________ss  $w..........||w|++|w||..d..................nw ",
        "sLLLLLLL_______LLLLLLLss  $|cccc..cccc|^....|6D|.hd...dh.dh.dh.dh.dh.n| ",
        "s_____________________sssss+................whD|..d...dh.dh.dh.dh.dh.n| ",
        "s_____________________sssss+................w.D|.dd..................nw ",
        "s_____________________ss  $|.#####...Y|.....|.F|......dh.dh.dh.dh.dh..w ",
        "sLLLLLLL_______LLLLLLLss  ||||||||||+|||w|++|+||x.....dh.dh.dh.dh.dh..w ",
        "s_____________________ss  |^.D..oo|...|.......n|x.....................w ",
        "s_____________________ss $w.MD....|..#|l......n|.......Y####...ll....^| ",
        "s_____________________ss $w..D.M..+..#|l......n||||+++||||||||||||||||| ",
        "sLLLLLLL_______LLLLLLLss  |F.....^|..#|l.......>........^|ooo.####.ooo| ",
        "s_____________________ss  |||||||||A.c|l.................|............w ",
        "s_____________________ss  |DDFF.%#|A.c|l.................|...........lw ",
        "s_____________________ss $wxh...%.|..#|l..|HHHH..HHHH|...+...........lw ",
        "sLLLLLLL_______LLLLLLLss $w....h%.y..#|l..H......hhhhH...+.hh..hh..hh.w ",
        "ssssssssssssssssssssssss $w..@....|..#|l..H......ddddH...|.dd..dd..dd.| ",
        "ssssssssssssssssssssssss  |^.@.Y..|^..|l..H......ddddH...|.dd..dd..dd.| ",
        "|||||||||||++||||wwww|||||||||||||||+||^..H......hhhhH..?w.hh..hh..hh.w ",
        "|######cY|^..a...........^llllllll^.....................?w............w ",
        "|......c.|..................................M...........?w.hh..hh..hh.w ",
        "w####Y...|.....BBB..........####..........H?..M......H..?w.dd..dd..dd.w ",
        "|......|.+....|||||||||||----||----|+||...H?.n.......H...|.dd..dd..dd.| ",
        "|######|.|....|SS|T|T|T|^.a..89....Y..|...H?...M.....H...|.hh..hh..hh.| ",
        "||||||||||....|ii|+|+|+|..............-...H???.......H...+............w ",
        "|######|.|....|iiiiiiii|.#tt#.#tt#....-...|HHHH..HHHH|...+............w ",
        "|......|.+....+iiiiiiii|.#tt#.#tt#....-..................|..BB..dddd..w ",
        "w####Y...|....|ii|+|+|+|.#tt#.#tt#....-..................|.......h.x..w ",
        "|......c.|l..>|SS|T|T|T|.#tt#.#tt#....|^llllllllll^...ccc|^oooo......^| ",
        "|######cY|l...||||||||||..............|||||||||||||+++||||||||||||||||| ",
        "||||||||||l...|SS|T|T|T|..............+ii+T|rir|.a......Y####........^| ",
        "|p.p|.x.^|....|ii|+|+|+|.#tt#.#tt#...^|Si|||rie|......................w ",
        "|p.p|hD..+....+iiiiiiii|.#tt#.#tt#...a|Si+T|rie|B.....dh.dh.dh.dh.dh..w ",
        "wp.p|.D.F|....|iiiiiiii|.#tt#.#tt#....|||||||+||......dh.dh.dh.dh.dh..w ",
        "wp.p|a..F|...^|ii|+|+|+|.#tt#.#tt#....+iiOOOiii|..d..................nw ",
        "|p..+...#||++||SS|T|T|T|..............|iiiiiiiU|..d...dh.dh.dh.dh.dh.n| ",
        "||+|||||||^...||||||||||..............CiiiCiiiU|.hd...dh.dh.dh.dh.dh.n| ",
        "|,,,,,,,,,,,,,,,,,,,,,,|.#tt#.#tt#....CiiiWiiiU|..d..................nw ",
        "w,::::::::::::::::::::,|.#tt#.#tt#....CiiiSiiiU|......dh.dh.dh.dh.dh..w ",
        "w,:,,,,,,,,,,,,,,,,,,:,|.#tt#.#tt#....CiiiCiiiU|x.....dh.dh.dh.dh.dh..w ",
        "w,:,,,,,,,,,,,,,,,,,,:,|.#tt#.#tt#....CiiiiiiiU|x.....................w ",
        "|,:,,,,,,,,,,,,,,,,,,:,|^.............|eeeiiiii|^.............ll......| ",
        "|,::::,,,,,,,,,,,,::::,||wwww||||||w+w||||wwww|||wwww||||wwww||||wwww|| ",
        "|,:,,:,,,,,,,,,,,,:,,:,|$$$        sss                               f  ",
        "|,:7,:,,,,,,,,,,,,:,7:,|$;$        sss           ;                ;  f  ",
        "|,:,,:,,,,,,,,,,,,:,,:,|$$$    $$  sss  $$     $$    bbbb   /  /  $$ f  ",
        "w,::::,,,,,,,,,,,,::::,w       $$  sss  $$     $            /  /   $ f  ",
        "w,:,,,,,,,,,,,,,,,,,,:,w      $$  sssss  $$   $$            /  /    ;f  ",
        "w,:,,,,,,,,::,,,,,,,,:,w     $$  sssssss  $$  ;             /  /     f  ",
        "|,:,,,,,,,:,,:,,,,,,,:,|$$$  $$  sssIsss  $$          mmm      /     f  ",
        "|,::::::::::::::::::::,|$;$  $$  sssssss  $$          mmm            f  ",
        "|,:,,,,,,,:,,:,,,,,,,:,|$$$  $$  sssssss  $$          mmm  ====      f  ",
        "|,:,,,,,,,,::,,,,,,,,:,|||    $$  sssss  $$                ====   b  f  ",
        "|,:,,,,,,,,,,,,,,,,,,:,.^|     $$  sss  $$   ;$    b       ====   b  f  ",
        "w,:,,,,,,,,,,,,,,,,,,:,.#w      $$ sss $$     $$   b       ====   b  f  ",
        "w,::::,,,,,,,,,,,,::::,.#w      $$ sss $$       ;  b                 f  ",
        "w,:,,:,,,,,,,,,,,,:,,:,.#w         sss                             ; f  ",
        "|,:7,:,,,,,,,,,,,,:,7:,..|ssssssssssssssssssssssssssssssssssssssss   f  ",
        "|,:,,:,,,,,,,,,,,,:,,:,..+sssssssssssssssssssssssssssssssssssssssss  f  ",
        "|,::::,,,,,,,,,,,,::::,..|ssssssssssssssssssssssssssssssssssssssss   f  ",
        "w,:,,,,,,,,,,,,,,,,,,:,.#w          s                                f  ",
        "w,:,,,,,,,,,,,,,,,,,,:,.#w  $$  $$  s  $$  $$  $$  $$  $$  $$  $$    f  ",
        "w,::::::::::::::::::::,.#w          s                                f  ",
        "|,,,,,,,,,,,,,,,,,,,,,,.^|ffffffffffGfffffffffffffffffffffffffffffffff  ",
        "||wwww|||||wwww|||||wwww||                                              "
      ],
      "palettes": [ "school_palette" ],
      "place_items": [  ],
      "place_item": [ { "item": "american_flag", "x": 36, "y": 58, "amount": 1 } ],
      "place_monsters": [
        { "monster": "GROUP_SCHOOL", "x": [ 0, 23 ], "y": [ 0, 23 ], "repeat": [ 1, 1 ], "density": 0.1 },
        { "monster": "GROUP_SCHOOL", "x": [ 25, 46 ], "y": [ 1, 22 ], "repeat": [ 1, 2 ], "density": 0.1 },
        { "monster": "GROUP_SCHOOL", "x": [ 49, 70 ], "y": [ 1, 22 ], "repeat": [ 1, 2 ], "density": 0.1 },
        { "monster": "GROUP_SCHOOL", "x": [ 1, 22 ], "y": [ 25, 46 ], "repeat": [ 1, 2 ], "density": 0.1 },
        { "monster": "GROUP_SCHOOL", "x": [ 25, 46 ], "y": [ 25, 46 ], "repeat": [ 1, 2 ], "density": 0.1 },
        { "monster": "GROUP_SCHOOL", "x": [ 49, 70 ], "y": [ 25, 46 ], "repeat": [ 1, 2 ], "density": 0.1 },
        { "monster": "GROUP_SCHOOL", "x": [ 1, 22 ], "y": [ 49, 70 ], "repeat": [ 1, 2 ], "density": 0.1 },
        { "monster": "GROUP_SCHOOL", "x": [ 25, 46 ], "y": [ 49, 70 ], "repeat": [ 1, 2 ], "density": 0.1 },
        { "monster": "GROUP_SCHOOL", "x": [ 49, 70 ], "y": [ 49, 70 ], "repeat": [ 1, 2 ], "density": 0.1 }
      ],
      "place_monster": [ { "monster": [ "mon_nursebot", "mon_nursebot_defective" ], "x": [ 27, 33 ], "y": [ 20, 23 ], "chance": 50 } ],
      "place_vehicles": [ { "vehicle": "school_vehicles", "x": 9, "y": 7, "chance": 25, "fuel": 0, "status": 0, "rotation": 0 } ]
    }
  },
  {
    "type": "mapgen",
    "method": "json",
    "om_terrain": [
      [ "school_2_3", "school_2_2", "school_2_1" ],
      [ "school_2_6", "school_2_5", "school_2_4" ],
      [ "school_2_9", "school_2_8", "school_2_7" ]
    ],
    "weight": 250,
    "object": {
      "fill_ter": "t_floor",
      "rows": [
        "************************************************************************",
        "************************************************************************",
        "************************************************************************",
        "************************************************************************",
        "***********************************************||wwww||||wwww||||wwww||*",
        "***************************||www||www||********|^.....ll.cccc........^|*",
        "***************************|h.....h.D.|********|x.....................w*",
        "***************************wDDx.DDx.Dh|********|x.....dh.dh.dh.dh.dh..w*",
        "***************************w.h...h..x.|********|......dh.dh.dh.dh.dh..w*",
        "***************************wDDx.DDx...||w||||w||..d...dh.dh.dh.dh.dh.nw*",
        "***************************|h....h...a|^.....ie|.hd..................n|*",
        "***************************|DDx.DDx.....htth.iU|..d..................n|*",
        "***************************|............htth.iU|.dd...dh.dh.dh.dh.dh.nw*",
        "***************************|FFFcFFF..^|.htth.iS|......dh.dh.dh.dh.dh..w*",
        "**************************|||||||||||||.htth.iC|B.....dh.dh.dh.dh.dh..w*",
        "**************************|o....FFF|^..........|......................w*",
        "**************************wo.DD....+........Y..|.a.....Y####..oooo...^|*",
        "**************************w..MD..||||+|||+++|||||||+++|||||||||||||||||*",
        "**************************|x..D..|FcD.|........<>.......n|....nnnn...^|*",
        "**************************|||||..|.hD.|l................n|............w*",
        "**************************|x.....|..x.|l................n|..hh.hh.hh..w*",
        "**************************w..Dh..|a...|l..|HHHHHHHHHH|...+..dd.dd.dd..w*",
        "**************************w.MDh.^|.xDD|l..H~~~~~~~~~~H...+............w*",
        "**************************w..D..A|..hc|l..H~~~~~~~~~~H...|a.hh.hh.hh.l|*",
        "**************************|ooo..A|FF.^|l..H~~~~~~~~~~H...|..dd.dd.dd.l|*",
        "|||wwww||||||||||wwww||||||||||+|||||||...H~~~~~~~~~~H..?w#...........w*",
        "|^......B|.......####...^lllll...lllll^...H~~~~~~~~~~H..?w#.hh.hh.hh..w*",
        "|..M.M...|l...............................H~~~~~~~~~~H..?w#.dd.dd.dd..w*",
        "w..DDDDM.|l...................###.........H~~~~~~~~~~H..?w#...........w*",
        "w.MD..D..|l...|||||||||||||+||||cc...cc...H~~~~~~~~~~H...|..hh.hh.hh..|*",
        "w..D..DM.|l...|SS|T|T|T|a.....^|......c...H~~~~~~~~~~H...|Y.dd.dd.dd..|*",
        "w.MDDDD..|....|ii|+|+|+|..M.M..|.hddh.....H~~~~~~~~~~H...+............w*",
        "|...M.M..y....+iiiiiiii|..DDDM.|.hddh.....|HHHHHHHHHH|...+...........xw*",
        "|a.......|....|iiiiiiii|.MDDD..|.hddh....................|....dddd...xw*",
        "||||||||||l...|ii|+|+|+|...M...|.hddh.c..................|....d..d....w*",
        "|FFFccFFF|l..<|SS|T|T|T|FF...B.|......c......lllll......^|..B...h....^|*",
        "|........|l...|||||||||||||||||||wwwww|||+++|||||||+++|||||||||||||||||*",
        "wFFF..FFF|l..>|SS|T|T|T|^..ll....####Y.........|^......B.......B.oooo.|*",
        "w........|l...|ii|+|+|+|o.....................x|#.........h.x.........w*",
        "wFFF..FFF|....|iiiiiiii|o..hd.hd.hd.hd.hd.....x|#........dddd........aw*",
        "w........y....+iiiiiiii|o..hd.hd.hd.hd.hd.....^|#.....................w*",
        "|......h.|a...|ii|+|+|+|o...................d..|#...dd.dd.dd.dd.dd...nw*",
        "|FFF.xDDD||++||SS|T|T|T|...hd.hd.hd.hd.hd...dh.|Y...hh.hh.hh.hh.hh...n|*",
        "||||||||||^..^||||||||||...hd.hd.hd.hd.hd...d..|.....................n|*",
        "|.#######......#######a|o...................d..|....dd.dd.dd.dd.dd...nw*",
        "w......................|o..hd.hd.hd.hd.hd......|l...hh.hh.hh.hh.hh....w*",
        "wHHHHHHHHHHHHHHHHHHHH..|o..hd.hd.hd.hd.hd.....B|l.....................w*",
        "w~~~~~~~~~~~~~~~~~~~H..|o......................|....dd.dd.dd.dd.dd....w*",
        "|~~~~~~~~~~~~~~~~~~~H..|^....nnnn.......a......|^...hh.hh.hh.hh.hh...^|*",
        "|~~~~~~~~~~~~~~~~~~~H..||wwww||||wwwww||||wwww|||wwww||||wwww||||wwww||*",
        "|~~~~~~~~~~~~~~~~~~~H..|************************************************",
        "|~~~~~~~~~~~~~~~~~~~H..|************************************************",
        "|~~~~~~~~~~~~~~~~~~~H..|************************************************",
        "w~~~~~~~~~~~~~~~~~~~H..w************************************************",
        "w~~~~~~~~~~~~~~~~~~~H..w************************************************",
        "w~~~~~~~~~~~~~~~~~~~H..w************************************************",
        "|~~~~~~~~~~~~~~~~~~~H..|************************************************",
        "|~~~~~~~~~~~~~~~~~~~H..|************************************************",
        "|~~~~~~~~~~~~~~~~~~~H..|************************************************",
        "|~~~~~~~~~~~~~~~~~~~H..|||**********************************************",
        "|~~~~~~~~~~~~~~~~~~~H...^|**********************************************",
        "w~~~~~~~~~~~~~~~~~~~H.#.#w**********************************************",
        "w~~~~~~~~~~~~~~~~~~~H.#.#w**********************************************",
        "w~~~~~~~~~~~~~~~~~~~H.#.#w**********************************************",
        "|~~~~~~~~~~~~~~~~~~~H.#.#|**********************************************",
        "|~~~~~~~~~~~~~~~~~~~H...#|**********************************************",
        "|~~~~~~~~~~~~~~~~~~~H.#.#|**********************************************",
        "w~~~~~~~~~~~~~~~~~~~H.#.#w**********************************************",
        "w~~~~~~~~~~~~~~~~~~~H.#.#w**********************************************",
        "w~~~~~~~~~~~~~~~~~~~H.#.#w**********************************************",
        "|~~~~~~~~~~~~~~~~~~~H...^|**********************************************",
        "||wwww|||||wwww|||||wwww||**********************************************"
      ],
      "palettes": [ "school_palette" ],
      "place_items": [  ],
      "place_monsters": [
        { "monster": "GROUP_SCHOOL", "x": [ 25, 46 ], "y": [ 1, 22 ], "repeat": [ 1, 2 ], "density": 0.1 },
        { "monster": "GROUP_SCHOOL", "x": [ 49, 70 ], "y": [ 1, 22 ], "repeat": [ 1, 2 ], "density": 0.1 },
        { "monster": "GROUP_SCHOOL", "x": [ 1, 22 ], "y": [ 25, 46 ], "repeat": [ 1, 2 ], "density": 0.1 },
        { "monster": "GROUP_SCHOOL", "x": [ 25, 46 ], "y": [ 25, 46 ], "repeat": [ 1, 2 ], "density": 0.1 },
        { "monster": "GROUP_SCHOOL", "x": [ 49, 70 ], "y": [ 25, 46 ], "repeat": [ 1, 2 ], "density": 0.1 },
        { "monster": "GROUP_SCHOOL", "x": [ 1, 22 ], "y": [ 49, 70 ], "repeat": [ 1, 2 ], "density": 0.1 }
      ]
    }
  },
  {
    "type": "mapgen",
    "method": "json",
    "om_terrain": [
      [ "school_3_3", "school_3_2", "school_3_1" ],
      [ "school_3_6", "school_3_5", "school_3_4" ],
      [ "school_3_9", "school_3_8", "school_3_7" ]
    ],
    "weight": 250,
    "object": {
      "fill_ter": "t_floor",
      "rows": [
        "************************************************************************",
        "************************************************************************",
        "************************************************************************",
        "************************************************************************",
        "***********************************************||wwww||||wwww||||wwww||*",
        "***************************||www||www||********|.......a.cccc.ll.....^|*",
        "***************************|xxxx.o...o|********|......................w*",
        "***************************whhhh.o.o.o|********|B.....dh.dh.dh.dh.dh..w*",
        "***************************w.....o.o.o|********|......dh.dh.dh.dh.dh..w*",
        "***************************woooo.o.o.o||w||||w||..d..................nw*",
        "***************************|oooo.o...o|M.oooo.^|.hd...dh.dh.dh.dh.dh.n|*",
        "***************************|^.................o|..d...dh.dh.dh.dh.dh.n|*",
        "***************************|d...oo...hn..oooo.o|.dd..................nw*",
        "***************************|dh..oo...hn.......o|......dh.dh.dh.dh.dh..w*",
        "**************************||x...oo...hn..oooo.o|......dh.dh.dh.dh.dh..w*",
        "**************************|oooo...............o|......................w*",
        "**************************w.......oooo|.M.....^|xx.....Y####.........^|*",
        "**************************wM..........|||+++|||||||+++|||||||||||||||||*",
        "**************************|oooo...oooo|a........<.......^|..ooo..ooo.^|*",
        "**************************|oooo...oooo|l.................|............w*",
        "**************************|...........|l.................|a..........lw*",
        "**************************w.hnnh.hnnh.|l..|HHHHHHHHHH|...+...........lw*",
        "**************************w.hnnh.hnnh.|l..H~~~~~~~~~~H...+..hhh..hhh..w*",
        "**************************w...........|l..H~~~~~~~~~~H...|..ddd..ddd..|*",
        "**************************|oooo..aoooo|l..H~~~~~~~~~~H...|..ddd..ddd..|*",
        "|||wwww||||||||||wwww||||||||||w+w|||||...H~~~~~~~~~~H...w#.hhh..hhh.cw*",
        "|MMM..hhh|.lllll.........a|llll...llll|...H~~~~~~~~~~H...w#..........cw*",
        "|MM.hhh.h|................................H~~~~~~~~~~H...w#.hhh..hhh.cw*",
        "w.M..h.h?|......^####.....................H~~~~~~~~~~H...w#.ddd..ddd.cw*",
        "wx.M..h#?|....|||||||||||||||||w+w|||||...H~~~~~~~~~~H...|..ddd..ddd..|*",
        "w.B....#?|....|SS|T|T|T|DD|xxxx..^|x!!|?..H~~~~~~~~~~H...|..hhh..hhh..|*",
        "wB..nn.#?|....|ii|+|+|+|D..hhhh...y...|?..H~~~~~~~~~~H...+............w*",
        "|B..nn...y....+iiiiiiii|xh........|||||?..|HHHHHHHHHH|...+...........xw*",
        "|nnn.####|....|iiiiiiii|B.........|CCS|.................c|Y...dddd...xw*",
        "||||||||||..|||ii|+|+|+|.hhhhhhhhh|iiiy.................c|.....h.d....w*",
        "|jjjjjjjj|..y>|SS|T|T|T|.xxxxxxxxx|ggg|^.....lllll......c|^........B..|*",
        "|']]j'[['|..|||||||||||||||||||||||||||||+++|||||||+++|||||||||||||||||*",
        "w']]''[['|...<|SS|T|T|T|...ll.................^|.......Y####........ii|*",
        "w''''''''|....|ii|+|+|+|.......................|x...................iSw*",
        "wR'''''ff|....|iiiiiiii|...hd.hd.hd.hd.hd.....B|x.....dh.dh.dh.dh...iSw*",
        "wR''0''G'y....+iiiiiiii|...hd.hd.hd.hd.hd......|......dh.dh.dh.dh...iSw*",
        "|R'''''ff|....|ii|+|+|+|n..hd.hd.hd.hd.hd...dd.|..dd..dh.dh.dh.dh...iSw*",
        "|''''''''|....|SS|T|T|T|n...................d..|...d..dh.dh.dh.dh...ii|*",
        "|||||||||||yy|||||||||||n...................d.h|.h.d...........||||||||*",
        "1zfuuuuuuuuuuuuuuuuuuuu|n..hd.hd.hd.hd.hd...d..|..dd..dh.dh.dh.|SCCCikw*",
        "1zfuuuuuuuuuuuuuuuuuuuuw...hd.hd.hd.hd.hd......|......dh.dh.dh.+iiiiikw*",
        "1zfuuuuuuuuuuuuuuuuuuuuw...hd.hd.hd.hd.hd.....x|.B....dh.dh.dh.|kiCCikw*",
        "1zfuuuuuuuuuuuuuuuuuuuuw......................x|......dh.dh.dh.|kiCCikw*",
        "1zfuZZZZuuZZZZuuZZZZuuu|^........####Y..a......|^nnnn..........|kiiiik|*",
        "1zfuZZZZuuZZZZuuZZZZuff||wwww||||wwwww||||wwww|||wwww||||wwww||||wwww||*",
        "1zfuZZZZuuZZZZuuZZZZufz2************************************************",
        "1zfuuuuuuuuuuuuuuuuuufz2************************************************",
        "1zfuZZZZuuZZZZuuZZZZufz2************************************************",
        "1zfuZZZZuuZZZZuuZZZZufz2************************************************",
        "1zfuZZZZuuZZZZuuZZZZufz2************************************************",
        "1zfuuuuuuuuuuuuuuuuuufz2************************************************",
        "1zfuuuuuuuuuuuuuuuuuufz2************************************************",
        "1zffffffffffffffffffffz2************************************************",
        "1zzzzzzzzzzzzzzzzzzzzzz2************************************************",
        "1zzzzzzzzzzzzzzzzzzzzzz235**********************************************",
        "1zzzZZZZzzZZZZzzZZZZzzzzz2**********************************************",
        "1zzzZZZZzzZZZZzzZZZZzzzzz2**********************************************",
        "1zzzZZZZzzZZZZzzZZZZzzzzz2**********************************************",
        "1zzzzzzzzzzzzzzzzzzzzzzzz2**********************************************",
        "1zzzZZZZzzZZZZzzZZZZzzzzz2**********************************************",
        "1zzzZZZZzzZZZZzzZZZZzzzzz2**********************************************",
        "1zzzZZZZzzZZZZzzZZZZzzzzz2**********************************************",
        "1zzzzzzzzzzzzzzzzzzzzzzzz2**********************************************",
        "1zzzzzzzzzzzzzzzzzzzzzzzz2**********************************************",
        "1zzzzzzzzzzzzzzzzzzzzzzzz2**********************************************",
        "1zzzzzzzzzzzzzzzzzzzzzzzz2**********************************************",
        "54444444444444444444444445**********************************************"
      ],
      "palettes": [ "school_palette" ],
      "place_items": [  ],
      "place_monsters": [
        { "monster": "GROUP_SCHOOL", "x": [ 25, 46 ], "y": [ 1, 22 ], "repeat": [ 1, 2 ], "density": 0.1 },
        { "monster": "GROUP_SCHOOL", "x": [ 49, 70 ], "y": [ 1, 22 ], "repeat": [ 1, 2 ], "density": 0.1 },
        { "monster": "GROUP_SCHOOL", "x": [ 1, 22 ], "y": [ 25, 46 ], "repeat": [ 1, 2 ], "density": 0.1 },
        { "monster": "GROUP_SCHOOL", "x": [ 25, 46 ], "y": [ 25, 46 ], "repeat": [ 1, 2 ], "density": 0.1 },
        { "monster": "GROUP_SCHOOL", "x": [ 49, 70 ], "y": [ 25, 46 ], "repeat": [ 1, 2 ], "density": 0.1 },
        { "monster": "GROUP_SCHOOL", "x": [ 1, 22 ], "y": [ 49, 70 ], "repeat": [ 1, 2 ], "density": 0.1 }
      ]
    }
  },
  {
    "type": "mapgen",
    "method": "json",
    "om_terrain": [
      [ "school_4_3", "school_4_2", "school_4_1" ],
      [ "school_4_6", "school_4_5", "school_4_4" ],
      [ "school_4_9", "school_4_8", "school_4_7" ]
    ],
    "weight": 250,
    "object": {
      "fill_ter": "t_tar_flat_roof",
      "rows": [
        "************************************************************************",
        "************************************************************************",
        "************************************************************************",
        "************************************************************************",
        "***********************************************133333333333333333333335*",
        "***************************533333333331********1zzzzzzzzzzzzzzzzzzzzzz2*",
        "***************************1zzzzzzzzzz1********1zzzzzzzzzzzzzzzzzzzzzz2*",
        "***************************1zzzzzzzzzz1********1zzzzzzzzzzzzzzzzzzzzzz2*",
        "***************************1zzzzzzzzzz1********1zzzzzzzzzzzzzzzzzzzzzz2*",
        "***************************1zzzzzzzzzz5333333335zzzzzzzzzzzzzzzzzzzzzz2*",
        "***************************1zzzzzzzzzzzzzzzzzzzzzzzzzzzzzzzzzzzzzzzzzz2*",
        "***************************1zzzzzzzzzEEzzzzzzzzzzzzzzzzzzzzzzzzzzzzzzz2*",
        "***************************1zzzzzzzzzEEzzuzzzzzzzzzzzzzzzzzzzzzzzzzzzz2*",
        "***************************1zzzzzzzzzzzzzzzzzzzzzzzzzzzzzzzzzzzzzzzzzz2*",
        "**************************15zzzzzzzzzEEzzuzzzzzzzzzzzzzzzzzzzzzzzzzzzz2*",
        "**************************1zzzzzzzzzzEEzzzzzzzzzzzzzzzzzzzzzzzzzzzzzzz2*",
        "**************************1zzzzzzzzzzzzzzuzzzzzzzzzzzzzzzzzzzzzzzzzzzz2*",
        "**************************1zzzzzzzzzzzzzzzzzzzzzzzzzzzzzzzzzzzzzzzzzzz2*",
        "**************************1zzzzzzzzzzzzzzuzzzzzzzzzzzzzzzzzzzzzzzzzzzz2*",
        "**************************1zzzzzzzzzzzzzzzzzzzzzzzzzzzzzzzzzzzzzzzzzzz2*",
        "**************************1zzzzzzzzzzzzzzuzzzzzzzzzzzzzzzzzzzzzzzzzzzz2*",
        "**************************1zzzzzzzzzzzzzzzzzzzzzzzzzzzzzzzzzzzzzzzzzzz2*",
        "**************************1zzzzzzzzzzzzzzuzZZZZZZZZZZzzzzzzzzzzzzzzzzz2*",
        "**************************1zzzzzzzzzzzzzzzzZZZZZZZZZZzzzzzzzzzzzzzzzzz2*",
        "**************************1zzzzzzzzzzzzzzuzZZZZZZZZZZzzzzzzzzzzzzzzzzz2*",
        "533333333333333333333333335zzzzzzzzzzzzzzzzZZZZZZZZZZzzzzzzzzzzzzzzzzz2*",
        "1zzzzzzzzzzzzzzzzzzzzzzzzzzzzzzzzzzzzzzzzuzZZZZZZZZZZzzzzzzzzzzzzzzzzz2*",
        "1zzzzzzzzzzzzzzzzzzzzzzzzzzzzzzzzzzzzzzzzzzZZZZZZZZZZzzzzzzzzzzzzzzzzz2*",
        "1zzzzzzzzuzuzuzuzuzuzuzuzuzuzuzuzuzuzuzuzuzZZZZZZZZZZzzzzzzzzzzzzzzzzz2*",
        "1zzzzzzzzzzzzzzzzzzzzzzzzzzzzzzzzzzzzzzzzzzZZZZZZZZZZzzzzzzzzzzzzzzzzz2*",
        "1zfffffffGfffffffffzzzzzzzzzzzzzzzzzz{zzzuzZZZZZZZZZZzzzzzzzzzzzzzzzzz2*",
        "1zfuuuuuuuuuuuuuuufzzzzzzZZZZZZZZzzzz{zzzzzZZZZZZZZZZzzzzzzzzzzzzzzzzz2*",
        "1zfuuuuuuuuuuuuuuufzzzzzzZZZZZZZZzzzz{zzzuzzzzzzzzzzzzzzzzzzzzzzzzzzzz2*",
        "1zfuuuuuuuuuuuuuuufzzzzzzZZZZZZZZzzzzzzzzzzzzzzzzzzzzzzzzzzzzzzzzzzzzz2*",
        "1zfuuuuuuuuu|||uuufzzzzzzzzzzzzzzzzzzKzzzuzuzuzuzuzuzuzuzuzuzuzuzuzuzz2*",
        "1zfuuuuuuuuu+<|uuufzzzzzzzzzzzzzzzzzzzzzzzzzzzzzzzzzzzzzzzzzzzzzzzzzzz2*",
        "1zfuuuuuuuuu|||uuufzzzzzzzzzzzzzzzzzzzzzzzzzzzzzzzzzzzzzzzzzzzzzzzzzzz2*",
        "1zfuuuuuuuuuuuuuuufzzzzzzzzzzzzzzzzzzzzzzzzzzzzzzzzzzzzzzzzzzzzzzzzzzz2*",
        "1zfuuuuuuuuuuuuuuufzzzzzzzzzzzzzzzzzzzzzzzzzzzzzzzzzzzzzzzzzzzzzzzzzzz2*",
        "1zfuuuuuuuuuuuuuuufzzzzzzzzzzzzzzzzzzzzzzzzzzzzzzzzzzzzzzzzzzzzzzzzzzz2*",
        "1zfffffffffffffffffzzzzzzzzzzzzzzzzzzzzzzzzzzzzzzzzzzzzzzzzzzzzzzzzzzz2*",
        "1zzzzzzzzzzzzzzzzzzzzzzzzzzzzzzzzzzzzzzzzzzzzzzzzzzzzzzzzzzzzzzzzzzzzz2*",
        "1zzzzzzzzzzzzzzzzzzzzzzzzzzzzzzzzzzzzzzzzzzzzzzzzzzzzzzzzzzzzzzzzzzzzz2*",
        "444444444444444444444445zzzzzzzzzzzzzzzzzzzzzzzzzzzzzzzzzzzzzzzzzzzzzz2*",
        "***********************1zzzzzzzzzzzzzzzzzzzzzzzzzzzzzzzzzzzzzzzzzzzzzz2*",
        "***********************1zzzzzzzzzzzzzzzzzzzzzzzzzzzzzzzzzzzzzzzzzzzzzz2*",
        "***********************1zzzzzzzzzzzzzzzzzzzzzzzzzzzzzzzzzzzzzzzzzzzzzz2*",
        "***********************1zzzzzzzzzzzzzzzzzzzzzzzzzzzzzzzzzzzzzzzzzzzzzz2*",
        "***********************1zzzzzzzzzzzzzzzzzzzzzzzzzzzzzzzzzzzzzzzzzzzzzz2*",
        "***********************544444444444444444444444444444444444444444444445*",
        "************************************************************************",
        "************************************************************************",
        "************************************************************************",
        "************************************************************************",
        "************************************************************************",
        "************************************************************************",
        "************************************************************************",
        "************************************************************************",
        "************************************************************************",
        "************************************************************************",
        "************************************************************************",
        "************************************************************************",
        "************************************************************************",
        "************************************************************************",
        "************************************************************************",
        "************************************************************************",
        "************************************************************************",
        "************************************************************************",
        "************************************************************************",
        "************************************************************************",
        "************************************************************************",
        "************************************************************************"
      ],
      "palettes": [ "school_palette" ],
      "place_items": [  ],
      "place_nested": [
        { "chunks": [ [ "roof_16x16_help", 5 ], [ "null", 25 ] ], "x": [ 48, 54 ], "y": [ 6, 8 ] },
        {
          "chunks": [ [ "roof_4x4_utility", 5 ], [ "roof_4x4_utility", 5 ], [ "roof_6x6_utility", 5 ] ],
          "x": [ 50, 58 ],
          "y": [ 36, 42 ]
        },
        {
          "chunks": [ [ "roof_4x4_utility", 5 ], [ "roof_4x4_utility", 5 ], [ "roof_2x2_utilities_d", 5 ] ],
          "x": [ 25, 40 ],
          "y": [ 36, 42 ]
        }
      ]
    }
  },
  {
    "type": "palette",
    "id": "school_palette",
    "terrain": {
      "*": "t_open_air",
      "~": "t_open_air_rooved",
      "H": "t_glass_railing",
      " ": [ [ "t_dirt", 5 ], [ "t_grass", 16 ], [ "t_grass_long", 5 ] ],
      "b": "t_dirt",
      "$": [
        [ "t_underbrush", 10 ],
        [ "t_shrub", 32 ],
        [ "t_grass_tall", 10 ],
        [ "t_shrub_lilac", 2 ],
        [ "t_shrub_hydrangea", 2 ],
        [ "t_shrub_rose", 1 ]
      ],
      ";": [ [ "t_tree", 10 ], [ "t_tree_willow", 3 ], [ "t_tree_birch", 3 ], [ "t_tree_maple", 3 ], [ "t_tree_pine", 5 ] ],
      "+": "t_door_c",
      "i": "t_linoleum_gray",
      "e": "t_linoleum_gray",
      "O": "t_linoleum_gray",
      "W": "t_linoleum_gray",
      "S": "t_linoleum_gray",
      "T": "t_linoleum_gray",
      "U": "t_linoleum_gray",
      "C": "t_linoleum_gray",
      "g": "t_linoleum_gray",
      "k": "t_linoleum_gray",
      "-": "t_wall_glass",
      "G": "t_chaingate_c",
      "L": "t_pavement_y",
      "_": "t_pavement",
      "f": "t_chainfence_h",
      "s": "t_sidewalk",
      "w": "t_window",
      "x": "t_console_broken",
      "|": "t_wall_y",
      "I": "t_column",
      ",": "t_floor_waxed",
      ":": "t_floor_waxed_y",
      "7": "t_backboard_in",
      "m": "t_monkey_bars",
      "/": "t_slide",
      "=": "t_sandbox",
      "<": "t_stairs_down",
      ">": "t_stairs_up",
      "z": "t_tar_flat_roof",
      "u": "t_tile_flat_roof",
      "Z": "t_glass_roof",
      "1": "t_gutter_west",
      "2": "t_gutter_east",
      "3": "t_gutter_north",
      "4": "t_gutter_south",
      "5": "t_gutter_drop",
      "[": "t_thconc_floor",
      "]": "t_thconc_floor",
      "0": "t_thconc_floor",
      "'": "t_thconc_floor",
      "y": "t_door_locked_interior",
      "j": "t_sewage_pipe"
    },
    "furniture": {
      "%": "f_curtain",
      "@": "f_bed",
      "#": "f_bench",
      "b": "f_bench",
      "?": "f_sofa",
      "S": "f_sink",
      "T": "f_toilet",
      "n": "f_table",
      "c": "f_counter",
      "C": "f_counter",
      "d": "f_desk",
      "D": "f_desk",
      "e": "f_fridge",
      "g": "f_locker",
      "h": "f_chair",
      "M": "f_armchair",
      "k": "f_locker",
      "l": "f_locker",
      "o": "f_bookcase",
      "O": "f_oven",
      "U": "f_cupboard",
      "W": "f_dishwasher",
      "r": "f_rack",
      "p": "f_rack",
      "R": "f_utility_shelf",
      "t": "f_table",
      "Y": "f_rack_coat",
      "B": "f_bulletin",
      "F": "f_filing_cabinet",
      "a": "f_trashcan",
      "A": "f_glass_cabinet",
      "^": [ "f_indoor_plant", "f_indoor_plant_y" ],
      "[": "f_home_furnace",
      "]": "f_water_heater",
      "0": "f_standing_tank",
      "!": "f_server",
      "{": "f_small_satelitte_dish",
      "K": "f_TV_antenna",
      "E": "f_air_conditioner"
    },
    "toilets": { "T": {  } },
    "items": {
      "a": { "item": "fast_food", "chance": 95 },
      ".": { "item": "school", "chance": 1 },
      "d": { "item": "school", "chance": 50 },
      "D": { "item": "office", "chance": 40, "repeat": [ 1, 2 ] },
      "e": [ { "item": "fridge", "chance": 65, "repeat": [ 1, 3 ] }, { "item": "fridgesnacks", "chance": 15 } ],
      "g": { "item": "cleaning", "chance": 80, "repeat": [ 1, 3 ] },
      "k": { "item": "chem_school", "chance": 80, "repeat": [ 1, 4 ] },
      "l": { "item": "school", "chance": 60 },
      "o": { "item": "book_school", "chance": 100 },
      "r": [ { "item": "snacks", "chance": 10, "repeat": [ 1, 2 ] }, { "item": "cannedfood", "chance": 60, "repeat": [ 1, 3 ] } ],
      "p": { "item": "gym_school", "chance": 70, "repeat": [ 1, 5 ] },
      "R": { "item": "tools_plumbing", "chance": 55, "repeat": [ 1, 2 ] },
      "t": { "item": "dining", "chance": 33, "repeat": [ 1, 2 ] },
      "u": { "item": "child_items", "chance": 1 },
      "F": { "item": "file_room", "chance": 85, "repeat": [ 1, 4 ] },
      "U": [
        { "item": "snacks", "chance": 10, "repeat": [ 1, 2 ] },
        { "item": "cannedfood", "chance": 70, "repeat": [ 1, 3 ] },
        { "item": "dining", "chance": 5, "repeat": [ 1, 3 ] }
      ]
    },
    "vendingmachines": { "8": { "item_group": "vending_drink" }, "9": { "item_group": "vending_food" } },
    "computers": {
      "6": {
        "name": "School Bell Software 1.1",
        "options": [
          { "name": "Beginning Toll", "action": "toll" },
          { "name": "Ending Toll", "action": "toll" },
          { "name": "Emergency Toll", "action": "toll" }
        ]
      }
    }
  }
]
