[
  {
    "type": "mapgen",
    "method": "json",
    "om_terrain": [ "small_storage_units" ],
    "weight": 100,
    "object": {
      "fill_ter": "t_thconc_floor",
      "rows": [
        "sssssss..........sssssss",
        "sssssss..........sssssss",
        "sssssss..........sssssss",
        "sssssss..........sssssss",
        "|||||||ppp....ppp|||||||",
        "|__##|c..........c|__bb|",
        "|M___||6........6||t__b|",
        "|M____+..........+_____|",
        "|__t__+..........+__MM_|",
        "|__M__+..........+___M_|",
        "|||||||ppp....ppp|||||||",
        "|__{b_|..........|___M#|",
        "|t__M_|r........6|___M_|",
        "|M___^^.........._____M|",
        "|___^^^.........._#___M|",
        "|##___^r.........___b_t|",
        "|||||||pRp....ppp|||||||",
        "|M__t_+..........+_{_M_|",
        "|_____+..........+_____|",
        "|_M___+..........+_MM__|",
        "|____||6........6||_#_M|",
        "|_#_M|c..........c|___t|",
        "|||||||ppp....ppp|||||||",
        "------------------------"
      ],
      "terrain": {
        "+": "t_door_metal_locked",
        "-": "t_chainfence_v",
        ".": "t_pavement",
        "6": "t_gates_mech_control",
        "R": "t_pavement_y",
        "_": "t_thconc_floor",
        "c": "t_column",
        "p": "t_pavement_y",
        "r": "t_pavement",
        "s": "t_sidewalk",
        "|": "t_wall_w"
      },
      "furniture": {
        "#": "f_chair",
        "R": "f_rubble",
        "^": "f_rubble",
        "b": "f_bed",
        "r": "f_rubble",
        "t": "f_table",
        "{": "f_vending_o",
        "M": [ "f_crate_c", "f_cardboard_box" ]
      },
      "place_loot": [ { "item": "television", "x": 3, "y": 6, "chance": 75 }, { "item": "stepladder", "x": 5, "y": 19, "chance": 100 } ],
      "place_items": [
        { "item": "novels", "x": 2, "y": 17, "chance": 30 },
        { "item": "novels", "x": 2, "y": 15, "chance": 10 },
        { "item": "novels", "x": 22, "y": 7, "chance": 30 },
        { "item": "novels", "x": 22, "y": 5, "chance": 30 },
        { "item": "tools_earthworking", "x": 1, "y": 17, "chance": 10 },
        { "item": "tools_earthworking", "x": 4, "y": 12, "chance": 10 },
        { "item": "tools_earthworking", "x": 19, "y": 5, "chance": 10 },
        { "item": "camping", "x": 19, "y": 11, "chance": 30 },
        { "item": "textbooks", "x": [ 3, 4 ], "y": 9, "chance": 10 },
        { "item": "tools_electronics", "x": [ 20, 21 ], "y": 17, "chance": 20 },
        { "item": "tools_electronics", "x": 22, "y": 9, "chance": 20 },
        { "item": "tools_home", "x": 22, "y": 12, "chance": 15 },
        { "item": "tools_home", "x": 1, "y": 8, "chance": 25 },
        { "item": "trash", "x": 4, "y": 21, "chance": 25 },
        { "item": "trash", "x": 18, "y": 20, "chance": 25 },
        { "item": "trash", "x": 14, "y": 20, "chance": 25 },
        { "item": "trash", "x": 18, "y": 15, "chance": 25 },
        { "item": "trash", "x": 8, "y": 14, "chance": 25 },
        { "item": "trash", "x": 18, "y": 7, "chance": 25 },
        { "item": "trash", "x": 12, "y": 4, "chance": 25 },
        { "item": "alcohol", "x": 22, "y": 14, "chance": 25 },
        { "item": "jackets", "x": 20, "y": 19, "chance": 10 },
        { "item": "jackets", "x": 20, "y": 12, "chance": 10 },
        { "item": "jackets", "x": 2, "y": 11, "chance": 30 },
        { "item": "jackets", "x": 19, "y": 9, "chance": 10 },
        { "item": "shoes", "x": 20, "y": 21, "chance": 25 },
        { "item": "shoes", "x": 1, "y": 19, "chance": 25 },
        { "item": "homebooks", "x": 22, "y": 11, "chance": 100 }
      ],
      "place_monsters": [
        { "monster": "GROUP_ZOMBIE", "x": 21, "y": 19, "chance": 6 },
        { "monster": "GROUP_ZOMBIE", "x": 3, "y": 19, "chance": 6 },
        { "monster": "GROUP_ZOMBIE", "x": 21, "y": 13, "chance": 6 },
        { "monster": "GROUP_ZOMBIE", "x": 3, "y": 13, "chance": 6 },
        { "monster": "GROUP_ZOMBIE", "x": 20, "y": 7, "chance": 6 },
        { "monster": "GROUP_ZOMBIE", "x": 3, "y": 7, "chance": 6 }
      ]
    }
  },
  {
    "type": "mapgen",
    "method": "json",
    "om_terrain": "small_storage_units_roof",
    "object": {
      "fill_ter": "t_tar_flat_roof",
      "rows": [
        "                        ",
        "                        ",
        "                        ",
        "                        ",
        ".......          .......",
        ".......          .......",
        ".......          .......",
        ".......          .......",
        ".......          .......",
        ".......          .......",
        ".......          .......",
        ".......          .......",
        ".......          .......",
        ".......          .......",
        ".......          .......",
        ".......          .......",
        ".......          .......",
        ".......          .......",
        ".......          .......",
        ".......          .......",
        ".......          .......",
        ".......          .......",
        ".......          .......",
        "                        "
      ],
      "palettes": [ "roof_palette" ],
      "terrain": { ".": "t_tar_flat_roof" }
    }
  },
  {
    "type": "mapgen",
    "method": "json",
    "om_terrain": [ "small_storage_units_1" ],
    "weight": 100,
    "object": {
      "fill_ter": "t_thconc_floor",
      "rows": [
        "||||||...||||||...||||||",
        "|bb#6|6..|____|..6|6__M|",
        "|bb##+.p.+____|.p.+#_##|",
        "|dM__+...+____|...+__##|",
        "|D##_|..6|6___|...|_#dD|",
        "||||||.p.|||B||.p.||||||",
        "|____|...s^ss^s...|_##_|",
        "|M___+..^|B_BB|...+__#M|",
        "|____+.p.|_B__|.p.+#__#|",
        "|M_M6|6..|____|..6|6ooo|",
        "||||||...|_MM_|...||||||",
        "ssssss.p.||||||.p.ssssss",
        "||||||...|IIII|...||||||",
        "|ttt6|6..|IIII|..6|6_MM|",
        "|t_t_+.p.-ssss-.p.+___M|",
        "|t_M_+...-ssss-...+__MM|",
        "|ttt_|...ssssss...|___M|",
        "||||||.p.||||||.p.||||||",
        "|____|..6|6___|...|__BB|",
        "|_M__+...+__B_|...+___B|",
        "|M_M_+.p.+____|.p.+_BMM|",
        "|___6|6..|__BB|..6|6LLL|",
        "||||||...||||||...||||||",
        "------------------------"
      ],
      "terrain": {
        "^": "t_sidewalk",
        "I": "t_sidewalk",
        "+": "t_door_metal_locked",
        "-": "t_chainfence_v",
        ".": "t_pavement",
        "6": "t_gates_mech_control",
        "_": "t_thconc_floor",
        "p": "t_pavement_y",
        "r": "t_pavement",
        "s": "t_sidewalk",
        "|": "t_wall_w"
      },
      "furniture": {
        "#": "f_chair",
        "B": "f_rubble",
        "^": "f_rubble",
        "o": "f_bookcase",
        "D": "f_rack_coat",
        "b": "f_bed",
        "d": "f_dresser",
        "L": "f_locker",
        "t": "f_rack",
        "I": "f_dumpster",
        "M": [ "f_crate_c", "f_cardboard_box" ]
      },
      "place_loot": [ { "item": "television", "x": 3, "y": 6, "chance": 75 }, { "item": "stepladder", "x": 5, "y": 19, "chance": 100 } ],
      "items": {
        "_": { "item": "trash", "chance": 20 },
        "o": { "item": "novels", "chance": 70 },
        "b": { "item": "bed", "chance": 10 },
        "D": { "item": "jackets", "chance": 35 },
        "t": { "item": "tools_home", "chance": 20 },
        "I": { "item": "trash", "chance": 70, "repeat": 3 },
        "d": { "item": "dresser", "chance": 50 },
        "L": { "item": "cleaning", "chance": 70 }
      },
      "place_monsters": [ { "monster": "GROUP_ZOMBIE", "x": 1, "y": 24, "chance": 5 } ]
    }
  },
  {
    "type": "mapgen",
    "method": "json",
    "om_terrain": "small_storage_units_roof_1",
    "object": {
      "fill_ter": "t_tar_flat_roof",
      "rows": [
        "......   ......   ......",
        "......   ......   ......",
        "......   ......   ......",
        "......   ......   ......",
        "......   ......   ......",
        "......   ......   ......",
        "......            ......",
        "......   ......   ......",
        "......   ......   ......",
        "......   ......   ......",
        "......   ......   ......",
        "         ......         ",
        "......   .    .   ......",
        "......   .    .   ......",
        "......            ......",
        "......            ......",
        "......            ......",
        "......   ......   ......",
        "......   ......   ......",
        "......   ......   ......",
        "......   ......   ......",
        "......   ......   ......",
        "......   ......   ......",
        "                        "
      ],
      "palettes": [ "roof_palette" ],
      "terrain": { ".": "t_tar_flat_roof" }
    }
  }
]
