[
  {
    "method": "json",
    "object": {
      "place_item": [
        { "item": "cig_butt", "repeat": 1, "x": 21, "y": 4 },
        { "item": "cig_butt", "repeat": 1, "x": 3, "y": 5 },
        { "item": "cig_butt", "repeat": 1, "x": 2, "y": 17 }
      ],
      "furniture": {
        "#": "f_table",
        "&": "f_sink",
        "C": "f_counter",
        "H": "f_armchair",
        "T": "f_trashcan",
        "^": "f_indoor_plant",
        "a": "f_chair",
        "b": "f_bigmirror",
        "g": "f_glass_fridge",
        "s": "f_sofa",
        "t": "f_toilet",
        "{": "f_locker"
      },
      "place_items": [
        { "chance": 30, "item": "female_underwear_bottom", "x": 17, "y": 14 },
        { "chance": 15, "item": "sex_lair", "x": 17, "y": 16 },
        { "chance": 15, "item": "sex_lair", "x": 21, "y": 13 },
        { "chance": 20, "item": "alcohol", "x": 7, "y": 18 },
        { "chance": 30, "item": "dresser_female", "x": 17, "y": 13 },
        { "chance": 30, "item": "female_underwear_top", "x": 21, "y": [ 15, 16 ] },
        { "chance": 30, "item": "alcohol", "x": 5, "y": 4 },
        { "chance": 30, "item": "alcohol", "x": [ 2, 3 ], "y": 2 },
        { "chance": 30, "item": "trash", "x": 15, "y": 16 },
        { "chance": 10, "item": "textbooks", "x": 21, "y": 14 },
        { "chance": 5, "item": "sex_lair", "x": 13, "y": 11 }
      ],
      "place_toilets": [ { "x": 19, "y": 2 }, { "x": 21, "y": 2 }, { "x": 21, "y": 8 } ],
      "rows": [
        "________________________",
        "S||||||||||||||||||||||_",
        "S|gg...|..sss#..|&|t|t|_",
        "S|.....+........|.|d|d|_",
        "S|CCCCC|..sss...+.....|_",
        "S|a.a.a.........|||||||_",
        "S|..............+.....|_",
        "S|.....HHHHHHH..|...|d|_",
        "S|s...----------|&C&|t|_",
        "S|s..Hrccccccccc|||||||_",
        "S|s..HrcccccccccD.....|_",
        "S|s..Hrccccccccc|....b|_",
        "S|^...----------|.....|_",
        "S|.....HHHHHHH..|{...{|_",
        "S|H.............|{...{|4",
        "S|#.............|{...{|_",
        "S|H.H#H........T|{...{|_",
        "S|........|f|||||||..||_",
        "S|H#H.H#H^|..h..|....H|_",
        "S||||||||||..|..+.....|_",
        "S_ueueu_SSi..'a.|....b|_",
        "SSSSSSSSSS|..'..|ss#.b|_",
        "SSSSSSSSSS|||||||||||||_",
        "________SS______________"
      ],
      "fill_ter": "t_floor",
      "terrain": {
        "'": "t_window_no_curtains_open",
        "+": "t_door_c",
        "-": "t_railing_h",
        "D": "t_door_curtain_c",
        "S": "t_sidewalk",
        "_": "t_grass",
        "c": "t_carpet_purple",
        "d": "t_door_o",
        "e": "t_shrub",
        "f": "t_door_metal_c",
        "h": "t_door_metal_locked",
        "i": "t_door_glass_c",
        "r": "t_railing_v",
        "u": "t_underbrush",
        ".": "t_floor",
        "|": "t_wall_r",
        "4": "t_gutter_downspout"
      }
    },
    "om_terrain": "stripclub",
    "type": "mapgen",
    "weight": 100
  },
  {
    "type": "mapgen",
    "method": "json",
    "om_terrain": "stripclub_roof",
    "object": {
      "fill_ter": "t_flat_roof",
      "rows": [
        "                        ",
        " |222222222222222222223 ",
        " |....................3 ",
        " |.................=..3 ",
        " |....................3 ",
        " |....................3 ",
        " |....................3 ",
        " |....................3 ",
        " |....................3 ",
        " |....................3 ",
        " |....................3 ",
        " |....................3 ",
        " |....................3 ",
        " |....................3 ",
        " |....................5 ",
        " |....................3 ",
        " |....................3 ",
        " |....................3 ",
        " |....................3 ",
        " |--------|...........3 ",
        "          |...:...&...3 ",
        "          |...........3 ",
        "          |-----------3 ",
        "                        "
      ],
      "palettes": [ "roof_palette" ],
      "place_nested": [
        {
          "chunks": [
            [ "null", 20 ],
            [ "roof_2x2_utilities_b", 15 ],
            [ "roof_2x2_utilities_c", 5 ],
            [ "roof_2x2_utilities_d", 40 ],
            [ "roof_2x2_utilities", 50 ]
          ],
          "x": [ 4, 17 ],
          "y": [ 5, 15 ]
        }
      ]
    }
  },
  {
    "method": "json",
    "object": {
      "furniture": {
        "B": "f_bigmirror",
        "C": "f_chair",
        "H": "f_armchair",
        "S": "f_sofa",
        "T": "f_toilet",
        "^": "f_indoor_plant",
        "b": "f_counter",
        "g": "f_glass_fridge",
        "t": "f_table",
        "{": "f_locker",
        "Q": "f_bench",
        "&": "f_sink"
      },
      "place_items": [
        { "chance": 25, "item": "office_breakroom", "x": 3, "y": 4 },
        { "chance": 10, "item": "trash", "x": 14, "y": 22 },
        { "chance": 45, "item": "female_underwear_bottom", "x": 7, "y": 16 },
        { "chance": 45, "item": "female_underwear_bottom", "x": [ 4, 5 ], "y": 16 },
        { "chance": 35, "item": "female_underwear_bottom", "x": 5, "y": 13 },
        { "chance": 35, "item": "female_underwear_bottom", "x": 6, "y": 12 },
        { "chance": 35, "item": "female_underwear_bottom", "x": 3, "y": 12 },
        { "chance": 35, "item": "female_underwear_bottom", "x": 8, "y": 11 },
        { "chance": 15, "item": "textbooks", "x": 5, "y": 11 },
        { "chance": 55, "item": "female_underwear_top", "x": 3, "y": 13 },
        { "chance": 45, "item": "female_underwear_top", "x": 8, "y": 12 },
        { "chance": 45, "item": "female_underwear_top", "x": 5, "y": 12 },
        { "chance": 10, "item": "vending_drink_items", "repeat": [ 1, 5 ], "x": 19, "y": 5 },
        { "chance": 20, "item": "softdrugs", "x": 3, "y": 15 },
        { "chance": 10, "item": "softdrugs", "x": 6, "y": 11 },
        { "chance": 10, "item": "harddrugs", "x": 7, "y": 20 },
        { "chance": 10, "item": "harddrugs", "x": 3, "y": 14 },
        { "chance": 65, "item": "alcohol", "x": 21, "y": 3 }
      ],
      "place_monsters": [ { "chance": 3, "density": 1, "monster": "GROUP_ZOMBIE", "x": 19, "y": 10 } ],
      "place_toilets": [ { "x": 4, "y": 20 } ],
      "fill_ter": "t_floor",
      "rows": [
        "__________sss___________",
        "___#a##___sss_____#a#___",
        "__||||||||sss||||||||||_",
        "__|H.....|sss|^..+...g|_",
        "__|t.....|d|d|...|.C..|_",
        "_#|H..|..|...|...|bbbb|_",
        "_a|...|.C'...D........|_",
        "_#|...||||||||........|_",
        "__|...SSS|CtC...CtC..C|_",
        "__|B.....|...........t|_",
        "__|t.....|...........C|_",
        "__|{.QQ.{|..HHHHH.....|_",
        "__|{.QQ.{|-------H....|_",
        "__|{.QQ..|ccccccrH....|_",
        "__|{.....eccccccrH....|_",
        "__|{.....|ccccccrH....|_",
        "__|{{{{{{|-------H...S|_",
        "__||||||||..HHHHH....S|_",
        "__|......+...........S|_",
        "__|+||...|...........t|4",
        "__|.T|&b&|^.HtH..SSSt^|_",
        "__|||||||||||||||||||||_",
        "________#______#aa#_#___",
        "________________##______"
      ],
      "terrain": {
        "#": "t_underbrush",
        "'": "t_window_no_curtains_open",
        "+": "t_door_c",
        "-": "t_railing_h",
        ".": "t_floor",
        "D": "t_door_metal_c",
        "_": "t_grass",
        "a": "t_shrub",
        "c": "t_carpet_red",
        "d": "t_door_glass_c",
        "e": "t_door_curtain_c",
        "r": "t_railing_v",
        "s": "t_sidewalk",
        "|": "t_brick_wall",
        "4": "t_gutter_downspout"
      }
    },
    "om_terrain": "stripclub_1",
    "type": "mapgen",
    "weight": 100
  },
  {
    "type": "mapgen",
    "method": "json",
    "om_terrain": "stripclub_roof_1",
    "object": {
      "fill_ter": "t_flat_roof",
      "rows": [
        "                        ",
        "                        ",
        "  |2222223   |222222223 ",
        "  |......3   |........3 ",
        "  |..=...22222....&...3 ",
        "  |...................3 ",
        "  |...................3 ",
        "  |...................3 ",
        "  |...................3 ",
        "  |...................3 ",
        "  |...................3 ",
        "  |...................3 ",
        "  |...................3 ",
        "  |...................3 ",
        "  |...................3 ",
        "  |...................3 ",
        "  |...................3 ",
        "  |...................3 ",
        "  |...................3 ",
        "  |...................5 ",
        "  |...................3 ",
        "  |-------------------3 ",
        "                        ",
        "                        "
      ],
      "palettes": [ "roof_palette" ],
      "place_nested": [
        {
          "chunks": [
            [ "null", 20 ],
            [ "roof_2x2_utilities_b", 15 ],
            [ "roof_2x2_utilities_c", 5 ],
            [ "roof_2x2_utilities_d", 40 ],
            [ "roof_2x2_utilities", 50 ]
          ],
          "x": [ 4, 17 ],
          "y": [ 6, 17 ]
        }
      ]
    }
  },
  {
    "method": "json",
    "object": {
      "furniture": {
        "#": "f_chair",
        "&": "f_sink",
        "C": "f_counter",
        "H": "f_sofa",
        "^": "f_indoor_plant",
        "a": "f_armchair",
        "b": "f_bigmirror",
        "e": "f_toilet",
        "g": "f_glass_fridge",
        "t": "f_table",
        "v": "f_vending_c",
        "{": "f_locker"
      },
      "place_items": [
        { "chance": 10, "item": "floor_trash", "x": 8, "y": 15 },
        { "chance": 10, "item": "floor_trash", "x": 5, "y": 15 },
        { "chance": 10, "item": "floor_trash", "x": 13, "y": 6 },
        { "chance": 75, "item": "beauty", "x": 3, "y": 12 },
        { "chance": 75, "item": "beauty", "x": 2, "y": 9 },
        { "chance": 25, "item": "magazines", "x": 2, "y": 7 },
        { "chance": 35, "item": "softdrugs", "x": 6, "y": 12 },
        { "chance": 5, "item": "sex_lair", "x": 2, "y": 10 },
        { "chance": 5, "item": "sex_lair", "x": 6, "y": 9 },
        { "chance": 65, "item": "vending_food_items", "x": 2, "y": 3 },
        { "chance": 65, "item": "beer_selection", "x": 14, "y": 20 },
        { "chance": 65, "item": "beer_selection", "x": 12, "y": 19 },
        { "chance": 54, "item": "bar_alcohol", "x": 13, "y": 15 },
        { "chance": 54, "item": "bar_alcohol", "x": 19, "y": 4 },
        { "chance": 65, "item": "clothing_female", "x": 4, "y": 12 },
        { "chance": 65, "item": "clothing_female", "x": 2, "y": 12 },
        { "chance": 65, "item": "bar_alcohol", "x": 15, "y": 18 },
        { "chance": 25, "item": "misc_smoking", "x": 8, "y": 20 },
        { "chance": 25, "item": "misc_smoking", "x": 19, "y": 14 },
        { "chance": 25, "item": "misc_smoking", "x": 19, "y": 9 },
        { "chance": 35, "item": "misc_smoking", "x": 5, "y": 12 },
        { "chance": 65, "item": "vending_drink_items", "x": 3, "y": 3 },
        { "chance": 5, "item": "chair_hat", "x": 11, "y": 13 },
        { "chance": 5, "item": "chair_hat", "x": 16, "y": 11 },
        { "chance": 5, "item": "chair_hat", "x": 13, "y": 8 },
        { "chance": 5, "item": "chair_hat", "x": 14, "y": 3 },
        { "chance": 75, "item": "bar_alcohol", "x": 12, "y": 20 },
        { "chance": 15, "item": "magazines", "x": 6, "y": 3 }
      ],
      "place_monsters": [ { "chance": 10, "density": 0.0, "monster": "GROUP_ZOMBIE", "x": 16, "y": 14 } ],
      "place_toilets": [ { "x": 2, "y": 17 }, { "x": 4, "y": 17 } ],
      "fill_ter": "t_floor",
      "rows": [
        "s_______sss_______d_____",
        "s|SS|SS|sss|SS|SS|SS|___",
        "s|||||||TTT||||||||||___",
        "s|vv..C||f||.HHHH..a|__d",
        "s|....C|...|.......t|u__",
        "s|....#C...R.......a|___",
        "s||..|||||||........|___",
        "s|H...b|............|___",
        "s|H...b|..######...a|_d_",
        "s|H....|-------r#..t|u__",
        "s|.....ccccccccr#..a|u__",
        "s|.....ccccccccr#...|___",
        "s|{{{{{|-------r#...|___",
        "s|||||||..######...a|___",
        "s|&C&..+...........t|___",
        "s|.....|....ata....a|4__",
        "s|D|D|||............|u_d",
        "s|e|e|H.............|___",
        "s|||||H....||CCCC|+||___",
        "sssss|H....|g.......|___",
        "ppppp|^ata^|g.gC....|d__",
        "ppppp||||||||||||||||___",
        "______d_u____u__d_uu____",
        "__d____________d________"
      ],
      "terrain": {
        "+": "t_door_c",
        "-": "t_railing_h",
        ".": "t_floor",
        "D": "t_door_metal_c",
        "R": "t_reinforced_door_glass_c",
        "S": "t_shrub",
        "T": "t_thconc_floor",
        "_": "t_grass",
        "c": "t_carpet_purple",
        "d": "t_dirt",
        "f": "t_door_glass_c",
        "p": "t_pavement",
        "r": "t_railing_v",
        "s": "t_sidewalk",
        "u": "t_underbrush",
        "|": "t_wall_p",
        "4": "t_gutter_downspout"
      }
    },
    "om_terrain": "stripclub_2",
    "type": "mapgen",
    "weight": 100
  },
  {
    "type": "mapgen",
    "method": "json",
    "om_terrain": "stripclub_roof_2",
    "object": {
      "fill_ter": "t_flat_roof",
      "rows": [
        "                        ",
        " %  %  %   %  %  %  %   ",
        " |222223   |222222223   ",
        " |.....3222|........3   ",
        " |.............:....3   ",
        " |..................3   ",
        " |..................3   ",
        " |..................3   ",
        " |..................3   ",
        " |..................3   ",
        " |..................3   ",
        " |..................3   ",
        " |..................3   ",
        " |..................3   ",
        " |..................3   ",
        " |..................5   ",
        " |..................3   ",
        " |..................3   ",
        " |---|..............3   ",
        "     |....&...=.....3   ",
        "     |..............3   ",
        "     |--------------3   ",
        "                        ",
        "                        "
      ],
      "palettes": [ "roof_palette" ],
      "terrain": { "%": "t_wall_p" },
      "place_nested": [
        {
          "chunks": [
            [ "null", 20 ],
            [ "roof_2x2_utilities_b", 15 ],
            [ "roof_2x2_utilities_c", 5 ],
            [ "roof_2x2_utilities_d", 40 ],
            [ "roof_2x2_utilities", 50 ]
          ],
          "x": [ 4, 15 ],
          "y": [ 6, 14 ]
        }
      ]
    }
  }
]
