[
  {
    "type": "palette",
    "id": "town_hall_palette",
    "terrain": {
      "*": "t_open_air",
      "~": "t_open_air_rooved",
      ".": [ "t_grass_long", "t_grass", "t_grass", "t_dirt", "t_grass_long", "t_grass", "t_grass", "t_dirt", "t_shrub" ],
      ",": [ "t_grass_long", "t_grass_long", "t_grass_long", "t_grass", "t_tree_young", "t_tree", "t_shrub", "t_dirt" ],
      "-": "t_door_locked_interior",
      "<": "t_stairs_down",
      "+": "t_door_c",
      ">": "t_stairs_up",
      "S": "t_linoleum_white",
      "T": "t_linoleum_white",
      "i": "t_linoleum_white",
      "'": "t_thconc_floor",
      "z": "t_flat_roof",
      "_": "t_carpet_red",
      "3": "t_sidewalk",
      "e": "t_linoleum_white",
      "g": "t_reinforced_glass",
      "@": "t_linoleum_white",
      "l": "t_thconc_floor",
      "R": "t_thconc_floor",
      "O": "t_linoleum_white",
      "u": "t_linoleum_white",
      "s": "t_sidewalk",
      "x": "t_console_broken",
      "|": "t_brick_wall",
      "!": "t_door_glass_c",
      "=": "t_wall_glass",
      "#": "t_railing_h",
      "v": "t_window"
    },
    "furniture": {
      "3": "f_bench",
      "B": "f_bench",
      "S": "f_sink",
      "T": "f_toilet",
      "c": "f_counter",
      "d": "f_desk",
      "e": "f_fridge",
      "h": "f_chair",
      "?": "f_sofa",
      "Y": "f_rack_coat",
      "@": [ "f_statue", "f_slab" ],
      "6": "f_bulletin",
      "l": "f_locker",
      "R": "f_rack",
      "O": "f_oven",
      "u": "f_cupboard",
      "o": "f_bookcase",
      "t": "f_table",
      "p": [ "f_indoor_plant", "f_indoor_plant_y" ],
      "r": "f_trashcan"
    },
    "toilets": { "T": {  } },
    "items": {
      "d": { "item": "office", "chance": 45, "repeat": [ 1, 2 ] },
      "B": [ { "item": "magazines", "chance": 10 }, { "item": "jackets", "chance": 5 } ],
      "Y": { "item": "jackets", "chance": 55, "repeat": [ 1, 6 ] },
      "l": { "item": "cleaning", "chance": 75, "repeat": [ 1, 3 ] },
      "r": { "item": "trash", "chance": 60, "repeat": [ 1, 2 ] },
      "o": [ { "item": "novels", "chance": 25 }, { "item": "homebooks", "chance": 10 } ],
      "e": [ { "item": "fridgesnacks", "chance": 55, "repeat": [ 2, 3 ] }, { "item": "fridge", "chance": 25, "repeat": [ 1, 2 ] } ],
      "t": { "item": "dining", "chance": 25, "repeat": [ 1, 2 ] },
      "O": { "item": "oven", "chance": 65 },
      "u": [
        { "item": "snacks", "chance": 50, "repeat": [ 1, 3 ] },
        { "item": "cannedfood", "chance": 10, "repeat": [ 1, 2 ] },
        { "item": "dining", "chance": 30 }
      ],
      "R": { "item": "office_supplies", "chance": 60, "repeat": [ 1, 2 ] }
    },
    "vendingmachines": { "4": { "item_group": "vending_drink" }, "5": { "item_group": "vending_food" } }
  },
  {
    "type": "mapgen",
    "method": "json",
    "om_terrain": [
      [ "town_hall_0_0_0", "town_hall_1_0_0" ],
      [ "town_hall_0_1_0", "town_hall_1_1_0" ],
      [ "town_hall_0_0_1", "town_hall_1_0_1" ],
      [ "town_hall_0_1_1", "town_hall_1_1_1" ],
      [ "town_hall_0_0_roof", "town_hall_1_0_roof" ],
      [ "town_hall_0_1_roof", "town_hall_1_1_roof" ]
    ],
    "weight": 100,
    "object": {
      "fill_ter": "t_floor",
      "rows": [
        "ssssssssssssssssssssssssssssssssssssssssssssssss",
        ".ssssssssssssssssssssssssssssssssssssssssssssss.",
        ".s.....||vvvv||......ssssss......||vvvv||.....s.",
        ".s.|||||p    p|||||...ssss...|||||pBBBBp|||||.s.",
        ".s.|T+i|c    c|i+T|...3ss3...|p            p|.s.",
        ".s.|||i|B    B|i|||,..3ss3..,|YcBBBc  cBBBcY|.s.",
        ".s.|T+i|B    B|i+T|,,.3ss3.,,|              v.s.",
        ".s.|||i|B    B|i|||,,.3ss3.,,| cBBBc  cBBBc v.s.",
        ".s.|Sii|c    c|iiS|,,.ssss.,,|              |.s.",
        ".s.|||+|      |+||||v||++||v|| cBBBc  cBBBc |.s.",
        ".s.|              |p        p|              |.s.",
        ".s.v                 ______    cBBBc  cBBBc v.s.",
        ".s.v                 ______                 v.s.",
        ".s.v                 ______    cBBBc  cBBBc v.s.",
        ".s.|              |          |Y            Y|.s.",
        ".s.|####      ####|  |xddd|  |              |.s.",
        ".s.| ??        ?? |  + h r|  |4             |.s.",
        ".s.| ?          ? |  ||||||  |5             v.s.",
        ".s.|p??        ??p|          |              v.s.",
        ".s.||||||=!!=||||||          |  #  #  #  #  |.s.",
        ".s.|>BBBBY  rBBBBp|  #    #  |  #  #  #  #  |.s.",
        ".s.|              |>>#    #>>|  #  #  #  #  |.s.",
        ".s.v BBBB    BBBB |>>#    #>>|  #  #  #  #  |.s.",
        ".s.v              |||||--||||||-|gx|gx|gx|gx|.s.",
        ".s.|Y            Y|'''''''''''''|hd hd hd hd|.s.",
        ".ss- hhhh    hhhh -'''''''''''''+ d  d  d  d|.s.",
        ".s.|              |''|||||||+|||||          |.s.",
        ".s.v hhhh    hhhh |''|eeeOi# |i>i|||||||+||||.s.",
        ".s.v              |''|iiiii# |iii|RRRRRR'RRR|.s.",
        ".s.| hhhh    hhhh |''|uSuui# |iii|'''''''''x|.s.",
        ".s.|              |''|p ht   |=!=|RRRRRR'RRR|.s.",
        ".s.| hhhh    hhhh |''+ h h      Y|||||||+||||.s.",
        ".s.v              |''|hth  h     dcxddc  xcdv.s.",
        ".s.v hhhh    hhhh |''| h  hth|dx d h hx  h dv.s.",
        ".s.|              |''|h      |dh            |.s.",
        ".s.| hhhh    hhhh |''|th rhhh|c  h d hd  xcd|.s.",
        ".s.|              |''|||+|ttt|   xcdxcd   hd|.s.",
        ".s.v hhhh    hhhh |''|SSi||||||+||||||||    v.s.",
        ".s.v              |''|iiiiiii|x  xcdxdd     v.s.",
        ".s.|              |''|+|+|+|+|ch  hdch   h d|.s.",
        ".s.|p            p|''|T|T|T|T|dd        xccd|.s.",
        ".s.||||| #### |||||''|||||||||      c xc|||||.s.",
        ".s..,,,|  cc  + hx|''+'''|x h  hc  hc hd|,,,..s.",
        ".s..,,,|h    h|ddx|''|lll|ddc ddx ddx  d|,,,..s.",
        ".ss..,,|||vv|||||||--|||||||||||||||vv|||,,..ss.",
        "..ss...............ss.......................ss..",
        "...ssssssssssssssssssssssssssssssssssssssssss...",
        "................................................",
        "************************************************",
        "************************************************",
        "*******||vvvv||******************||vvvv||*******",
        "***|||||p hh p|||||**********|||||p    p|||||***",
        "***|           6  |**********|             x|***",
        "***v      dd      v**********v  hd hd hd    v***",
        "***v    c    c    v**********v              v***",
        "***v   hc    ch   v**********v  hd hd hd d  v***",
        "***|    c    c    |**********|           d h|***",
        "***|o  hc    ch   ||||vvvv||||  hd hd hd dd |***",
        "***|o   cccccc    |op      po|             6|***",
        "***|o    h  h    h|o?? tt ??o|  hd hd hd   r|***",
        "***|           hcc|o?  tt  ?o|              |***",
        "***|    Y   r  hcc|o?? tt ??o| cccc    Y    |***",
        "***|||||||++|||||||o        o|||||||++|||||||***",
        "***|@i#p          |          | cBBc      #i@|***",
        "***vii#                                  #iiv***",
        "***vii#                                  #iiv***",
        "***|@i#      cBBc |         r|          p#i@|***",
        "***||||||=!!=||||||          |||||||++|||||||***",
        "***|<BBBBr   BBBB |###    ###|r   |p  p|   Y|***",
        "***|              |<<      <<| xd =    = cc |***",
        "***v BBBB    BBBB |<<      <<| hd !    ! d hv***",
        "***vp            p|||||++||||| cc =    = dx v***",
        "***|##############|tthY  Y  h|Y  p|    |  r |***",
        "***|~~~~~~~~~~~~~~|tt ____   ||||||   6||||||***",
        "***|~~~~~~~~~~~~~~|hh ____ h |iiii=    Yxccd|***",
        "***v~~~~~~~~~~~~~~|tt ____   |i<ii!      h dv***",
        "***v~~~~~~~~~~~~~~|tt ____tt |iiii=    #d hpv***",
        "***|~~~~~~~~~~~~~~|hh ____tt ||||||    #dccx|***",
        "***|~~~~~~~~~~~~~~|h  ____   |Y   +    #####|***",
        "***|~~~~~~~~~~~~~~| h ____  h|ph x|    Yxccd|***",
        "***v~~~~~~~~~~~~~~|   ____ hh|ddcc|       hdv***",
        "***v~~~~~~~~~~~~~~|   ____   ||||||    #c hpv***",
        "***|~~~~~~~~~~~~~~|   ____  h|x h +    #cddx|***",
        "***|~~~~~~~~~~~~~~| tt____   |d  Y|    #####|***",
        "***|~~~~~~~~~~~~~~| tt       |dccp|    Yddcc|***",
        "***v~~~~~~~~~~~~~~|||||++||||||||||     p hxv***",
        "***v~~~~~~~~~~~~~~|,.#''''#.,|'''+         xv***",
        "***|~~~~~~~~~~~~~~|..#''''#..|'>'|||++|||h d|***",
        "***|~~~~~~~~~~~~~~|###''''###|'''|Y   po|ccd|***",
        "***||v||~~~~~~||v||333ssss333||+||     o||v||***",
        "*******|~~~~~~|ssssssssssssssssss| ddcco|*******",
        "*******|~~~~~~|ssssssssssssssssss|  ? xo|*******",
        "*******|||vv|||##################|||vv|||*******",
        "************************************************",
        "************************************************",
        "************************************************",
        "************************************************",
        "************************************************",
        "*******########******************########*******",
        "***#####zzzzzz#####**********#####zzzzzz#####***",
        "***#zzzzzzzzzzzzzz#**********#zzzzzzzzzzzzzz#***",
        "***#zzzzzzzzzzzzzz#**********#zzzzzzzzzzzzzz#***",
        "***#zzzzzzzzzzzzzz#**********#zzzzzzzzzzzzzz#***",
        "***#zzzzzzzzzzzzzz#**********#zzzzzzzzzzzzzz#***",
        "***#zzzzzzzzzzzzzz#**********#zzzzzzzzzzzzzz#***",
        "***#zzzzzzzzzzzzzz############zzzzzzzzzzzzzz#***",
        "***#zzzzzzzzzzzzzzzzzzzzzzzzzzzzzzzzzzzzzzzz#***",
        "***#zzzzzzzzzzzzzzzzzzzzzzzzzzzzzzzzzzzzzzzz#***",
        "***#zzzzzzzzzzzzzzzzzzzzzzzzzzzzzzzzzzzzzzzz#***",
        "***#zzzzzzzzzzzzzzzzzzzzzzzzzzzzzzzzzzzzzzzz#***",
        "***#zzzzzzzzzzzzzzzzzzzzzzzzzzzzzzzzzzzzzzzz#***",
        "***#zzzzzzzzzzzzzzzzzzzzzzzzzzzzzzzzzzzzzzzz#***",
        "***#zzzzzzzzzzzzzzzzzzzzzzzzzzzzzzzzzzzzzzzz#***",
        "***#zzzzzzzzzzzzzzzzzzzzzzzzzzzzzzzzzzzzzzzz#***",
        "***#zzzzzzzzzzzzzzzzzzzzzzzzzzzzzzzzzzzzzzzz#***",
        "***#zzzzzzzzzzzzzzzzzzzzzzzzzzzzzzzzzzzzzzzz#***",
        "***#zzzzzzzzzzzzzzzzzzzzzzzzzzzzzzzzzzzzzzzz#***",
        "***#zzzzzzzzzzzzzzzzzzzzzzzzzzzzzzzzzzzzzzzz#***",
        "***#zzzzzzzzzzzzzzzzzzzzzzzzzzzzzzzzzzzzzzzz#***",
        "***#zzzzzzzzzzzzzzzzzzzzzzzzzzzzzzzzzzzzzzzz#***",
        "***#zzzzzzzzzzzzzzzzzzzzzzzzzzzzzzzzzzzzzzzz#***",
        "***#zzzzzzzzzzzzzzzzzzzzzzzzzzzzzzzzzzzzzzzz#***",
        "***#zzzzzzzzzzzzzzzzzzzzzzzzzzzzzzzzzzzzzzzz#***",
        "***#zzzzzzzzzzzzzzzzzzzzzzzzzzzzzzzzzzzzzzzz#***",
        "***#zzzzzzzzzzzzzzzzzzzzzzzzzzzzzzzzzzzzzzzz#***",
        "***#zzzzzzzzzzzzzzzzzzzzzzzzzzzzzzzzzzzzzzzz#***",
        "***#zzzzzzzzzzzzzzzzzzzzzzzzzzzzzzzzzzzzzzzz#***",
        "***#zzzzzzzzzzzzzzzzzzzzzzzzzzzzzzzzzzzzzzzz#***",
        "***#zzzzzzzzzzzzzzzzzzzzzzzzzzzzzzzzzzzzzzzz#***",
        "***#zzzzzzzzzzzzzzzzzzzzzzzzzzzzzzzzzzzzzzzz#***",
        "***#zzzzzzzzzzzzzzzzzzzzzzzzzzzzzzzzzzzzzzzz#***",
        "***#zzzzzzzzzzzzzzzzzzzzzzzzzzzzzzzzzzzzzzzz#***",
        "***#zzzzzzzzzzzzzzzzzzzzzzzzzzzzzzzzzzzzzzzz#***",
        "***#zzzzzzzzzzzzzz###########||+||zzzzzzzzzz#***",
        "***#zzzzzzzzzzzzzz#***zzzz***|'''|zzzzzzzzzz#***",
        "***#zzzzzzzzzzzzzz#***zzzz***v'<'vzzzzzzzzzz#***",
        "***#zzzzzzzzzzzzzz#***zzzz***|'''|zzzzzzzzzz#***",
        "***#####zzzzzz#####**********||v||zzzzzz#####***",
        "*******#zzzzzz#******************#zzzzzz#*******",
        "*******#zzzzzz#******************#zzzzzz#*******",
        "*******########******************########*******",
        "************************************************",
        "************************************************",
        "************************************************"
      ],
      "palettes": [ "town_hall_palette" ],
      "place_monsters": [
        { "monster": "GROUP_ZOMBIE", "x": [ 24, 47 ], "y": [ 4, 23 ], "density": 0.35 },
        { "monster": "GROUP_ZOMBIE", "x": [ 24, 47 ], "y": [ 24, 47 ], "density": 0.35 },
        { "monster": "GROUP_ZOMBIE", "x": [ 24, 47 ], "y": [ 48, 71 ], "density": 0.35 },
        { "monster": "GROUP_ZOMBIE", "x": [ 24, 47 ], "y": [ 72, 95 ], "density": 0.3 }
      ]
    }
  }
]
