[
  {
    "type": "mapgen",
    "method": "json",
    "om_terrain": [ "veterinarian" ],
    "weight": 400,
    "object": {
      "fill_ter": "t_floor",
      "rows": [
        "                        ",
        "                        ",
        "                        ",
        "                        ",
        "                        ",
        " ~~~~~~~~~~~~~~~~~~~~~~ ",
        " *--OO--OO--::--------* ",
        " *-TccccccTy..#%.c-?R-* ",
        " *-...........#c.d-sl-* ",
        " *-.ccccccT...--+---+-* ",
        " *-...........-E.#...-* ",
        " *--+---+---..-E...T.-* ",
        " *-ll-y....-..+....T.-* ",
        " *-sl-.ddd.-++---i----* ",
        " *-lt-].c..+..-rr..==-* ",
        " *----------..-#...^l-4 ",
        " **~~~~~~~~;..-#...==-* ",
        "          ~-..i....^l-* ",
        "          ~-i--#...==-* ",
        "          D-.r-d...^l-* ",
        "          *-.$-]]%.==-* ",
        "          *-----------* ",
        "          ************* ",
        "                        "
      ],
      "terrain": {
        " ": "t_pavement",
        "%": "t_console_broken",
        "*": "t_shrub",
        "+": "t_door_c",
        ",": "t_pavement_y",
        "-": "t_wall_w",
        ".": "t_floor",
        ":": "t_door_glass_c",
        ";": "t_door_locked",
        "=": "t_chainfence_h",
        "?": "t_linoleum_white",
        "O": "t_window",
        "R": "t_linoleum_white",
        "^": "t_chaingate_c",
        "i": [ "t_door_locked_interior", "t_door_locked_interior", "t_door_c" ],
        "l": "t_linoleum_white",
        "s": "t_linoleum_white",
        "t": "t_linoleum_white",
        "D": "t_sidewalk",
        "~": "t_sidewalk",
        "4": "t_gutter_downspout"
      },
      "furniture": {
        "#": "f_counter",
        "$": "f_safe_l",
        "?": "f_counter",
        "D": "f_trashcan",
        "E": "f_cupboard",
        "R": "f_locker",
        "T": "f_table",
        "]": "f_bookcase",
        "c": "f_chair",
        "d": "f_desk",
        "r": "f_rack",
        "s": "f_sink",
        "y": "f_indoor_plant"
      },
      "toilets": { "t": {  } },
      "place_items": [
        { "item": "trash", "x": 10, "y": 19, "chance": 50, "repeat": [ 1, 3 ] },
        { "item": "vet_softdrug", "x": 17, "y": 10, "chance": 50, "repeat": [ 2, 5 ] },
        { "item": "vet_softdrug", "x": 15, "y": [ 10, 11 ], "chance": 35, "repeat": [ 1, 2 ] },
        { "item": "vet_softdrug", "x": 20, "y": 8, "chance": 45, "repeat": [ 1, 3 ] },
        { "item": "vet_softdrug", "x": [ 16, 17 ], "y": 14, "chance": 45, "repeat": [ 1, 3 ] },
        { "item": "vet_hardrug", "x": 13, "y": 20, "chance": 90, "repeat": [ 2, 5 ] },
        { "item": "waitingroom", "x": 10, "y": 7, "chance": 45, "repeat": [ 1, 3 ] },
        { "item": "waitingroom", "x": 10, "y": 9, "chance": 75, "repeat": [ 1, 3 ] },
        { "item": "waitingroom", "x": 3, "y": 7, "chance": 45, "repeat": [ 2, 3 ] },
        { "item": "cleaning", "x": 20, "y": 7, "chance": 60, "repeat": [ 1, 2 ] },
        { "item": "cleaning", "x": 13, "y": 19, "chance": 60, "repeat": [ 1, 3 ] },
        { "item": "vet_utility", "x": 3, "y": 7, "chance": 60, "repeat": [ 2, 3 ] },
        { "item": "vet_utility", "x": [ 15, 16 ], "y": 14, "chance": 50, "repeat": [ 2, 5 ] },
        { "item": "vet_utility", "x": 15, "y": 18, "chance": 50, "repeat": [ 2, 5 ] },
        { "item": "office", "x": [ 15, 16 ], "y": 20, "chance": 40, "repeat": [ 1, 2 ] },
        { "item": "office", "x": 17, "y": 8, "chance": 40, "repeat": [ 1, 2 ] },
        { "item": "office", "x": [ 7, 9 ], "y": 13, "chance": 40, "repeat": [ 2, 5 ] },
        { "item": "doctors_books", "x": 5, "y": 14, "chance": 35, "repeat": [ 1, 3 ] }
      ],
      "place_monsters": [
        { "monster": "GROUP_VETS", "x": 20, "y": 19, "chance": 10 },
        { "monster": "GROUP_VETS", "x": 20, "y": 17, "chance": 10 },
        { "monster": "GROUP_VETS", "x": 20, "y": 15, "chance": 10 }
      ],
      "place_vehicles": [
        { "vehicle": "VETS", "x": 6, "y": 19, "chance": 20 },
        { "vehicle": "VETS", "x": 7, "y": 2, "chance": 15, "rotation": [ 2, 3 ] },
        { "vehicle": "VETS", "x": 15, "y": 2, "chance": 15, "rotation": [ 2, 3 ] },
        { "vehicle": "VETS", "x": 23, "y": 2, "chance": 15, "rotation": [ 2, 3 ] }
      ]
    }
  },
  {
    "type": "mapgen",
    "method": "json",
    "om_terrain": "veterinarian_roof",
    "object": {
      "fill_ter": "t_flat_roof",
      "rows": [
        "                        ",
        "                        ",
        "                        ",
        "                        ",
        "                        ",
        "                        ",
        "  |2222222222222222223  ",
        "  |..................3  ",
        "  |..................3  ",
        "  |..................3  ",
        "  |..................3  ",
        "  |..................3  ",
        "  |..................3  ",
        "  |..................3  ",
        "  |..................3  ",
        "  |--------|.........5  ",
        "           |.........3  ",
        "           |.........3  ",
        "           |.&...=...3  ",
        "           |...X.....3  ",
        "           |.........3  ",
        "           |---------3  ",
        "                        ",
        "                        "
      ],
      "palettes": [ "roof_palette" ],
      "place_nested": [
        {
          "chunks": [
            [ "null", 20 ],
            [ "roof_2x2_utilities_b", 15 ],
            [ "roof_2x2_utilities_c", 5 ],
            [ "roof_2x2_utilities_d", 40 ],
            [ "roof_2x2_utilities", 50 ]
          ],
          "x": [ 4, 17 ],
          "y": [ 8, 11 ]
        }
      ]
    }
  }
]
