[
  {
    "method": "json",
    "object": {
      "furniture": {
        "#": "f_null",
        "&": "f_toilet",
        "+": "f_null",
        ".": "f_null",
        "7": "f_null",
        "C": "f_chair",
        "S": "f_sink",
        "_": "f_null",
        "c": "f_counter",
        "d": "f_null",
        "s": "f_null",
        "t": "f_null",
        "w": "f_null",
        "{": "f_vending_c",
        "|": "f_null"
      },
      "place_items": [
        { "chance": 75, "item": "vending_food_items", "x": 18, "y": 3 },
        { "chance": 75, "item": "vending_drink_items", "x": 19, "y": 3 },
        { "chance": 15, "item": "trash", "x": 9, "y": 9 },
        { "chance": 15, "item": "trash", "x": 3, "y": 7 },
        { "chance": 15, "item": "trash", "x": 8, "y": 5 },
        { "chance": 45, "item": "magazines", "x": [ 12, 13 ], "y": 7 }
      ],
      "place_toilets": [ { "x": 3, "y": 3 } ],
      "place_vehicles": [
        { "chance": 50, "fuel": 0, "rotation": 90, "status": 0, "vehicle": "canoe", "x": 15, "y": 15 },
        { "chance": 50, "fuel": 0, "rotation": 90, "status": 0, "vehicle": "boatrent", "x": 19, "y": 16 },
        { "chance": 50, "fuel": 0, "rotation": 90, "status": 0, "vehicle": "boatrent", "x": 17, "y": 17 },
        { "chance": 50, "fuel": 0, "rotation": 90, "status": 0, "vehicle": "boatrent", "x": 12, "y": 18 }
      ],
      "rows": [
        "...d............s..dd...",
        ".........d#.....s.......",
        "..||||||||||w|||t||||...",
        ".d|&_+___C_C_C_|+|{{|#..",
        "..|S_|______________|...",
        ".#||||______________|..d",
        ".#|_________________|...",
        "d.|_________ccccc___|...",
        "..|_________c___c___|...",
        ".#|_________________|d..",
        "..|_________________|#..",
        "..||+w||||||w|w|w||||#..",
        "...|tt|..##........##...",
        "#...sssssssssssssssss#..",
        ".d.....................d",
        "..7...#.................",
        ".#...d................d.",
        "........................",
        ".d.....d...d.......d....",
        "....d...d.....d.........",
        "d...dddd..d...d..ddd...d",
        "d.dddddd.d..dddd.dddd.dd",
        "ddddd.dddddddd.dddddddd.",
        "d.dddddddd.dddddddd.dddd"
      ],
      "terrain": {
        "#": "t_underbrush",
        "&": "t_floor",
        "+": "t_door_c",
        ".": "t_grass",
        "7": "t_tree",
        "C": "t_floor",
        "S": "t_floor",
        "_": "t_floor",
        "c": "t_floor",
        "d": "t_dirt",
        "s": "t_sidewalk",
        "t": "t_thconc_floor",
        "w": "t_window_no_curtains",
        "{": "t_floor",
        "|": "t_wall"
      }
    },
    "om_terrain": "boat_rental",
    "type": "mapgen",
    "weight": 100
  },
  {
    "method": "json",
    "object": {
      "furniture": {
        "#": "f_null",
        "&": "f_trashcan",
        "+": "f_null",
        ".": "f_null",
        "1": "f_null",
        "7": "f_null",
        "C": "f_chair",
        "S": "f_null",
        "T": "f_table",
        "_": "f_null",
        "c": "f_counter",
        "f": "f_null",
        "s": "f_null",
        "t": "f_null",
        "|": "f_null"
      },
      "place_items": [
        { "chance": 55, "item": "novels", "x": 12, "y": 10 },
        { "chance": 65, "item": "trash", "x": 17, "y": 10 },
        { "chance": 15, "item": "trash", "x": 14, "y": 9 },
        { "chance": 45, "item": "cubical_office", "x": 12, "y": 9 }
      ],
      "place_vehicles": [
        { "chance": 65, "fuel": 0, "rotation": 90, "status": 0, "vehicle": "raft", "x": 6, "y": 17 },
        { "chance": 75, "fuel": 0, "rotation": 90, "status": 0, "vehicle": "canoe", "x": 18, "y": 17 },
        { "chance": 75, "fuel": 0, "rotation": 90, "status": 0, "vehicle": "canoe", "x": 16, "y": 18 },
        { "chance": 75, "fuel": 0, "rotation": 90, "status": 0, "vehicle": "canoe", "x": 20, "y": 18 },
        { "chance": 65, "fuel": 0, "rotation": 90, "status": 0, "vehicle": "raft", "x": 10, "y": 19 },
        { "chance": 65, "fuel": 0, "rotation": 90, "status": 0, "vehicle": "raft", "x": 3, "y": 20 }
      ],
      "rows": [
        "........................",
        "........................",
        "...1...#................",
        "........................",
        "....##......ssssssss....",
        "..#7..#..#.|tttttt|s..7.",
        "....###....|ccc||||s....",
        "...#.#1...#|fCffff|s#...",
        ".......#..#|ffffff+s#...",
        "...#.#.....|Tfffff|.....",
        "....#7##...|Tffff&|..1..",
        ".....##...#|||||+||.....",
        "....S......##...s.....#.",
        "...._........._.s.......",
        ".#..............s_......",
        "_.........._............",
        "........_..........._.._",
        "...._............_......",
        "......._........._......",
        "........._...._.........",
        "__..._._.....____..__.__",
        "___.___________._______.",
        ".__________._________.__",
        "________________________"
      ],
      "terrain": {
        "#": "t_underbrush",
        "&": "t_floor",
        "+": "t_door_c",
        ".": "t_grass",
        "1": "t_tree_young",
        "7": "t_tree",
        "C": "t_floor",
        "S": "t_shrub",
        "T": "t_floor",
        "_": "t_dirt",
        "c": "t_floor",
        "f": "t_floor",
        "s": "t_sidewalk",
        "t": "t_thconc_floor",
        "|": "t_wall_log"
      }
    },
    "om_terrain": "boat_rental",
    "type": "mapgen",
    "weight": 100
  },
  {
    "method": "json",
    "object": {
      "furniture": {
        "#": "f_null",
        "+": "f_null",
        ".": "f_null",
        "4": "f_null",
        "C": "f_counter",
        "T": "f_table",
        "X": "f_crate_c",
        "_": "f_null",
        "a": "f_null",
        "c": "f_chair",
        "f": "f_null",
        "s": "f_null",
        "t": "f_null",
        "{": "f_vending_c",
        "|": "f_null"
      },
      "place_items": [
        { "chance": 55, "item": "swimmer_head", "x": 13, "y": 10 },
        { "chance": 75, "item": "vending_food_items", "x": 13, "y": 5 },
        { "chance": 75, "item": "swimmer_torso", "x": 14, "y": 10 },
        { "chance": 75, "item": "swimmer_torso", "x": 17, "y": 9 },
        { "chance": 75, "item": "swimmer_torso", "x": [ 6, 7 ], "y": 7 },
        { "chance": 75, "item": "vending_drink_items", "x": 14, "y": 5 },
        { "chance": 75, "item": "swimmer_wetsuit", "x": 13, "y": 9 },
        { "chance": 75, "item": "swimmer_wetsuit", "x": 5, "y": 7 }
      ],
      "place_vehicles": [
        { "chance": 75, "fuel": 0, "rotation": 270, "status": 0, "vehicle": "canoe", "x": 17, "y": 18 },
        { "chance": 75, "fuel": 0, "rotation": 270, "status": 0, "vehicle": "raft", "x": 5, "y": 19 },
        { "chance": 75, "fuel": 0, "rotation": 270, "status": 0, "vehicle": "canoe", "x": 14, "y": 19 },
        { "chance": 75, "fuel": 0, "rotation": 270, "status": 0, "vehicle": "canoe", "x": 20, "y": 19 },
        { "chance": 75, "fuel": 0, "rotation": 270, "status": 0, "vehicle": "raft", "x": 9, "y": 20 }
      ],
      "rows": [
        "__.___._______._____.___",
        "_.______________________",
        "______.___________._____",
        "._.__ssssssssssssss__._.",
        "__._||CC|ttt||||a|||____",
        "_.__|fcf|ttt|{{fffc|#__.",
        "__.#|fff+ttt+fffffT|____",
        "__._|fff|ttt|ffffcT|#_#_",
        "___#|||||ttt|||ff|||#___",
        "._#.##_._sss|XfffXf|____",
        "_____.__.sss|XXffff|.___",
        "_____.___sss||||||||#___",
        "_#__._#__sss.._##.__.___",
        "_..__._._sss......_._4_.",
        "____.._______.___._._.._",
        "._.___._.._.._.___.___._",
        "_._.._.__.._._._.....__.",
        "._._....._......._._....",
        ".............._......_..",
        "........................",
        "........................",
        "........................",
        "........................",
        "........................"
      ],
      "terrain": {
        "#": "t_underbrush",
        "+": "t_door_c",
        ".": "t_dirt",
        "4": "t_tree_willow",
        "C": "t_floor",
        "T": "t_floor",
        "X": "t_floor",
        "_": "t_grass",
        "a": "t_curtains",
        "c": "t_floor",
        "f": "t_floor",
        "s": "t_sidewalk",
        "t": "t_thconc_floor",
        "{": "t_floor",
        "|": "t_wall_log"
      }
    },
    "om_terrain": "boat_rental",
    "type": "mapgen",
    "weight": 100
  }
]
