[
  {
    "type": "mapgen",
    "om_terrain": [ [ "ws_regional_dump_0_0", "ws_regional_dump_1_0", "ws_regional_dump_2_0", "ws_regional_dump_3_0" ] ],
    "method": "json",
    "weight": 1000,
    "object": {
      "fill_ter": "t_dirt",
      "rows": [
        "..,..,.....,...,..,..,.,2,.,.,..,..,...,,..,....2,,..'...'....,..'.,..,.2.,.,..,.,....,....,..,,",
        ".-------------------------------------------------,.'.''...'.'.''..'..-------------------------.",
        ".|,,..,....,...,..,,..,.,.,..,...,.....,.,,..,..,,.,.'.''.',''''.''.,.,,..,.,.,.,.....,..,.,.,|,",
        ".|.-----------------------------------------------,.'''',.''''.'''''..-----------------------.|.",
        ",|.|.,..,..,..,,..,...,..,..,..,...,...,..,.,..,.,..''''''',''''''''.,.,.,.....,,...,.UUUU.,|,|.",
        ".|,|.yyyyyyyyyyyyyyyyyyyyyyyyyyyyyyyyyyyyyyyyyyyyyyy''''''''''''''''...,.,##ooo##.....UUUU.,|.|,",
        ".|.|,y''''''''''''''''''''''''''''''''''''''''''''''''''''''''''''''.,....#ddd  #...,..,,.,,|,|.",
        ".|,|.y''''''''''''''''''''''''''''''''''''''''''''''''''''''''''''''......od h  +.....UUUU..|.|.",
        ",|.|,y''''''''''''''''''''''''''''''''''''''''''''''''''''''''''''''.....,od   L#.UU..UUUU.,|.|,",
        ".|.|.y''''''''''''''''''''''''''''''''''''''''''''''''''''''''''''''......odh  L#.UU...,.,..|,|.",
        ",|,|,y''''''''''''''''''''''''''''''''''''''''''''''''''''''''''''''......#ddddd#,UU.,UUUU.,|.|.",
        ".|.|.yyyyyyyyy''''''''yyyyyyyy''''''''''''''''''''''''''''''''''''''.....,##ooo##,UU..UUUU..|,|,",
        ".|,|,y''''''''''''''''''''''''''''''''''''''''''''''''''''''''''''''.....,.,,,.,....,..,..,.|.|,",
        ".|.|.y''''''''''''''''''''''''''''''''''''''''''''''''''''''''''''''......,....,.,..,.UUUU..|,|.",
        ".|,|.y''''''''''''''''''''''''''''''''''''''''''''''''''''''''''''''......,..,...,....UUUU.,|.|,",
        ",|.|,y''''''''''''''''''''''''''''''''''''''''''''''''''''''''''''''...r..r....,....,...,..,|.|,",
        ".|,|.y''''''''''''''''''''''''''''''''''''''''''''''''''''''''''''''..........r.......r.....|,|.",
        ".|.|,yyyyyyyyy''''''''yyyyyyyy''''''''yyyyyyyyyyyyyy''''''''''''''''.......,...r.,...,...,..|.|,",
        ",|.|.y''''''''''''''''''''''''''''''''''''''''''....''''''''''''''''..........r..r...r......|,|.",
        ",|,|.y''''''''''''''''''''''''''''''''''''''''''.X..''''''''''''''''.r...........,...r....r.|.|,",
        ".|.|,y''''''''''''''''''''''''''''''''''''''''''.X..''''''''''''''''........r....r...r.,..,.|,|.",
        ",|.|.y''''''''''''''''''''''''''''''''''''''''''....''''''''''''''''.............,...,.,....|.|,",
        ".|,|.y''''''''''''''''''''''''''''''''''''''''''.X..''''''''''''''''...rr...r........r...,..|,|,",
        ",|.|,yyyyyyyyy''''''''yy2yyyyy''''''''yyyyyyyyy.2X..''''''''''''''''....2......r.,.,...,..r.|.|."
      ],
      "palettes": [ "regional_dump" ],
      "items": {
        ".": { "item": "trash", "chance": 5 },
        "r": { "item": "oa_ig_rd_metal_trash", "chance": 15 },
        "U": { "item": "oa_discarded_news", "chance": 20 },
        "d": { "item": "oa_ig_rd_desks", "chance": 20 },
        "L": { "item": "oa_ig_rd_lockers", "chance": 90 }
      },
      "place_vehicles": [
        { "vehicle": "flatbed_truck", "x": 8, "y": 9, "rotation": 180, "chance": 10 },
        { "vehicle": "flatbed_truck", "x": 14, "y": 7, "rotation": 0, "chance": 10 },
        { "vehicle": "flatbed_truck", "x": 8, "y": 15, "rotation": 180, "chance": 10 },
        { "vehicle": "flatbed_truck", "x": 14, "y": 13, "rotation": 0, "chance": 10 },
        { "vehicle": "flatbed_truck", "x": 8, "y": 21, "rotation": 180, "chance": 10 },
        { "vehicle": "flatbed_truck", "x": 14, "y": 19, "rotation": 0, "chance": 10 },
        { "vehicle": "flatbed_truck", "x": 37, "y": 21, "rotation": 180, "chance": 10 },
        { "vehicle": "flatbed_truck", "x": 43, "y": 19, "rotation": 0, "chance": 10 }
      ],
      "place_monsters": [
        { "monster": "DUMP_ANIMALS", "x": 12, "y": 12 },
        { "monster": "DUMP_ANIMALS", "x": 36, "y": 12 },
        { "monster": "DUMP_ANIMALS", "x": 60, "y": 5 },
        { "monster": "DUMP_ANIMALS", "x": 84, "y": 12 },
        { "monster": "DUMP_ZOMBIES", "x": 89, "y": 10 }
      ]
    }
  },
  {
    "type": "mapgen",
    "om_terrain": [ [ "ws_regional_dump_0_1", "ws_regional_dump_1_1", "ws_regional_dump_2_1", "ws_regional_dump_3_1" ] ],
    "method": "json",
    "weight": 1000,
    "object": {
      "fill_ter": "t_dirt",
      "rows": [
        ".|.|,y''''''''''''''''''2'''''''''''''''''''''y.2.,.'''''''''''''''',..,2.r.....r.....,...r,|.|.",
        ",|,|.y''''''''''''''''''''''''''''''''''''''''y.,...''''''''''''''''........r...r.r...r.,r.,|,|,",
        ".|,|,y''''''''''''''''''''''''''''''''''''''''y..X,.''''''''''''''''.,..r....rR.r.r.r,.,.r..|.|,",
        ",|.|.y''''''''''''''''''''''''''''''''''''''''y..X..''''''''''''.'''........r.Rr.rR,r...,.r.|.|.",
        ".|,|.y''''''''''''''''''''''''''''''''''''''''y.,.,.''''''.'''''''''.,......r.r,Rrrr.wrr.r.,|,|,",
        ".|.|,yyyyyyyyy''''''''yyyyyyyy''''''''yyyyyyyyy.....'''.''''''''''''...,..r.R.,rrrw.rRrr.,r.|.|.",
        ",|,|.y''''''''''''''''''''''''''''''''''''''''y..X,.'.''''''''.''''.......r..r.r.rwr,r,rrrr.|,|,",
        ".|.|.y''''''''''''''''''''''''''''''''''''''''y.,X....'''''''''''.'..,......rr.Rrwr,rRrwrr,.|,|.",
        ",|.|,y''''''''''''''''''''''''''''''''''''''''y..,.'.''.'''''''''''...,....r.r.r.r.,r.r,.r,r|.|,",
        ",|.|.y''''''''''''''''''''''''''''''''''''''''y..,..'''''''''''''.'..,....r...RR.wRr,wR,Rr..|,|.",
        ",|,|.y''''''''''''''''''''''''''''''''''''''''y..X..'.''''''.''''''........,.r.R.r.r.R.r.r.r|.|.",
        ".|.|,yyyyyyyyyyyyyyyyyyyyyyyyyyyyyyyyyyyyyyyyyy.X....'.'.'''''''''.......,r..r,.w.R.r..w.R.r|.|,",
        ",|,|,....,.....,....,.,..,..,.,......,....,.....|...''''.'.''''.''''...|.,.,..,...,..,.r..rr|,|.",
        ".|.|--------------------------------------------|...'''.'''.'''''.''...|--------------------|.|,",
        ",|.|.,..,....,...,..,....t.BB.,^..p.^F,E^E.pE,..|.....'.'.''''.'''.....|,.,..w..w.,......,..|.|.",
        ",|,|.,.....,..,...,..,...1D,EF.E2,.1W1.t.,1.2.D.....'.'.'.'.''.'..'......,R.w..,..w.r.,.w.,.|,|,",
        ",|.|..,.,................,.SO^^^p2St^E.FW.2p2EB......'....'.''...'..........,.R.w.,w...w..w.|.|.",
        ".|,|..,..................,t.Wp^^pp^^D^DEB^.CBB.........'...'..............w.w.,w.,w.r,Rww,..|,|.",
        ".|.|,...,.................11SE^W^^B^^D^WD.EOBB.................'..'......wR..r.w.w.,.r,,..w,|.|,",
        ",|.|..,.,.................p.W1EfO^BWDU23W3^.tO.......'...'...'..............w..w.wrRr.w.w,..|.|.",
        ".|,|,...,.................D1OtS^f1WtSp^S.BSB.^..................'........w.R.r.w.wrwwr.w.,w,|,|,",
        ".|.|..,...................^.BBS^.E.S^.SEp3^.fS..............'...............w..w..R.ww.r...,|.|.",
        ",|,|,.,.,.................U.3.D3.t.S.E.D.3.............'..................R..r...w..r...w.,.|,|,",
        ".|.|,..,..,.............2.U....^.3..1..^.S...^..2.......................2........w........,.|.|."
      ],
      "palettes": [ "regional_dump" ],
      "items": {
        ".": { "item": "trash", "chance": 5 },
        "B": { "item": "oa_custom_trash", "chance": 15 },
        "1": { "item": "oa_ig_rd_electronic_trash", "chance": 10 },
        "2": { "item": "trash", "chance": 10 },
        "3": { "item": "oa_ig_rd_metal_trash", "chance": 10 },
        "W": { "item": "allclothes", "chance": 5 },
        "D": { "item": "allclothes", "chance": 5 },
        "r": { "item": "oa_ig_rd_metal_trash", "chance": 15 },
        "R": { "item": "oa_ig_rd_metal_trash", "chance": 15 },
        "w": { "item": "oa_ig_rd_metal_trash", "chance": 45 }
      },
      "place_vehicles": [
        { "vehicle": "flatbed_truck", "x": 8, "y": 3, "rotation": 180, "chance": 10 },
        { "vehicle": "flatbed_truck", "x": 14, "y": 1, "rotation": 0, "chance": 10 },
        { "vehicle": "flatbed_truck", "x": 8, "y": 9, "rotation": 180, "chance": 10 },
        { "vehicle": "flatbed_truck", "x": 14, "y": 7, "rotation": 0, "chance": 10 },
        { "vehicle": "flatbed_truck", "x": 15, "y": 16, "rotation": 0, "chance": 100 },
        { "vehicle": "flatbed_truck", "x": 20, "y": 20, "rotation": 0, "chance": 100 },
        { "vehicle": "oa_vg_wreck", "x": 17, "y": 20, "rotation": 180, "chance": 100 },
        { "vehicle": "flatbed_truck", "x": 37, "y": 3, "rotation": 180, "chance": 10 },
        { "vehicle": "flatbed_truck", "x": 43, "y": 1, "rotation": 0, "chance": 10 },
        { "vehicle": "flatbed_truck", "x": 37, "y": 9, "rotation": 180, "chance": 10 },
        { "vehicle": "flatbed_truck", "x": 43, "y": 7, "rotation": 0, "chance": 10 }
      ],
      "place_monsters": [
        { "monster": "DUMP_ANIMALS", "x": 12, "y": 12 },
        { "monster": "DUMP_ANIMALS", "x": 36, "y": 12 },
        { "monster": "DUMP_ANIMALS", "x": 60, "y": 12 },
        { "monster": "DUMP_ZOMBIES", "x": 60, "y": 20 },
        { "monster": "DUMP_ANIMALS", "x": 84, "y": 12 }
      ]
    }
  },
  {
    "type": "mapgen",
    "om_terrain": [ [ "ws_regional_dump_0_2", "ws_regional_dump_1_2", "ws_regional_dump_2_2", "ws_regional_dump_3_2" ] ],
    "method": "json",
    "weight": 1000,
    "object": {
      "fill_ter": "t_dirt",
      "rows": [
        ".|,|,...,...............2..^.^...WW.....^.......2.......................2.R...r..r..R...,w.w|,|.",
        ",|.|..,....................^..^.p.^.^..D...^p............................w..w...R..ww..R,.,.|.|,",
        ",|,|,......................D..^...p.S........^..............................R.r..rR..ww.wr..|.|,",
        ".|.|.,..,.................^..p..B....^.^...p...................,................R.w...R.,.,w|,|.",
        ",|.|.,..........................B....^...,...^..............................w.r...w.w..w.r..|.|,",
        ".|,|..,.....................^....^.....^....^...............................,..R.w..rR.,.,.,|.|.",
        ",|.|.,..,......................^.,..^......^p^.................................w.r.w..w..,r.|,|.",
        ".|,|..,.............................^.......^....................................r.Rw.wR.R.,|.|,",
        ",|.|...,..............................................,........................R.w.ww..,....|,|.",
        ".|,|.,.,...........................................................................Rw.w,.R..|.|.",
        ",|.|.......................^.....................................................r..w.w.w...|.|,",
        ".|,|....,.................^p^...,.........,.........................................w.R..,.r|,|.",
        ",|.|.,.....................^...........^............................................,..,.R..|.|.",
        ".|.|....,.....................^.............^.........................................R..,w.|,|,",
        ",|,|.,....,...................^p^..........^p^.......................................,..,.r,|.|.",
        ".|.|.,.,.......................^............^..................,.......................,w.,.|.|,",
        ",|.|.....,.,......^.....................^...............................................,..r|,|.",
        ".|,|..,....p........p..................^p................,...........a^^.^...............w,.|.|,",
        ",|.|.,..,....^.p..^....p.g..p...,........^..........................a^^paaa..............,.,|,|.",
        ".|.|.,.,..,.......G..p.p.G.g..^....................................^aappa^a^............,.w,|,|,",
        ",|,|....,..p.^.gpg.p.g^gg^gG.g..p^.........^......................a^aapppa^.a^..........,.,.|,|.",
        ".|.|..,...,.^..,^gG..G.^pg^GgpG^.^..........p^...................aa^apppppa^.a^......,...,..|.|,",
        ",|.|.,..p.,.^.p,G.^g.^ggGgg^pg^^..g.........^...................a^^apppppppa^a^.a......,..,.|,|,",
        ".|,|.,....,...g.pg.g.Gg.2^Gg.g^.p^.p............2...............a^^ppppp2ppp^aa^.a......,.,.|.|."
      ],
      "palettes": [ "regional_dump" ],
      "items": {
        ".": { "item": "trash", "chance": 5 },
        "^": { "item": "trash", "chance": 2 },
        "g": { "item": "oa_ig_rd_glass_trash", "chance": 10 },
        "G": { "item": "oa_ig_rd_glass_trash", "chance": 5 },
        "W": { "item": "allclothes", "chance": 5 },
        "D": { "item": "allclothes", "chance": 5 },
        "p": { "item": "trash", "chance": 5 },
        "a": { "item": "oa_ig_ash_pile", "chance": 40 }
      },
      "place_vehicles": [
        { "vehicle": "oa_vg_wreck", "x": [ 10, 16 ], "y": [ 8, 16 ], "rotation": [ 0, 90, 180, 270 ], "chance": 100 },
        { "vehicle": "oa_vg_wreck", "x": [ 10, 16 ], "y": [ 8, 16 ], "rotation": [ 0, 90, 180, 270 ], "chance": 100 },
        { "vehicle": "oa_vg_wreck", "x": [ 10, 16 ], "y": [ 8, 16 ], "rotation": [ 0, 90, 180, 270 ], "chance": 100 },
        { "vehicle": "oa_vg_wreck", "x": [ 10, 16 ], "y": [ 8, 16 ], "rotation": [ 0, 90, 180, 270 ], "chance": 100 },
        { "vehicle": "oa_vg_wreck", "x": [ 10, 16 ], "y": [ 8, 16 ], "rotation": [ 0, 90, 180, 270 ], "chance": 100 },
        { "vehicle": "oa_vg_wreck", "x": [ 10, 16 ], "y": [ 8, 16 ], "rotation": [ 0, 90, 180, 270 ], "chance": 100 },
        { "vehicle": "oa_vg_wreck", "x": [ 31, 16 ], "y": [ 8, 16 ], "rotation": [ 0, 90, 180, 270 ], "chance": 100 },
        { "vehicle": "oa_vg_wreck", "x": [ 31, 16 ], "y": [ 8, 16 ], "rotation": [ 0, 90, 180, 270 ], "chance": 100 },
        { "vehicle": "oa_vg_wreck", "x": [ 31, 16 ], "y": [ 8, 16 ], "rotation": [ 0, 90, 180, 270 ], "chance": 100 },
        { "vehicle": "oa_vg_wreck", "x": [ 31, 16 ], "y": [ 8, 16 ], "rotation": [ 0, 90, 180, 270 ], "chance": 100 },
        { "vehicle": "oa_vg_wreck", "x": [ 31, 16 ], "y": [ 8, 16 ], "rotation": [ 0, 90, 180, 270 ], "chance": 100 },
        { "vehicle": "oa_vg_wreck", "x": [ 31, 16 ], "y": [ 8, 16 ], "rotation": [ 0, 90, 180, 270 ], "chance": 100 },
        { "vehicle": "oa_vg_wreck", "x": [ 56, 16 ], "y": [ 8, 16 ], "rotation": [ 0, 90, 180, 270 ], "chance": 100 },
        { "vehicle": "oa_vg_wreck", "x": [ 56, 16 ], "y": [ 8, 16 ], "rotation": [ 0, 90, 180, 270 ], "chance": 100 },
        { "vehicle": "oa_vg_wreck", "x": [ 56, 16 ], "y": [ 8, 16 ], "rotation": [ 0, 90, 180, 270 ], "chance": 100 },
        { "vehicle": "oa_vg_wreck", "x": [ 56, 16 ], "y": [ 8, 16 ], "rotation": [ 0, 90, 180, 270 ], "chance": 100 },
        { "vehicle": "oa_vg_wreck", "x": [ 56, 16 ], "y": [ 8, 16 ], "rotation": [ 0, 90, 180, 270 ], "chance": 100 },
        { "vehicle": "oa_vg_wreck", "x": [ 56, 16 ], "y": [ 8, 16 ], "rotation": [ 0, 90, 180, 270 ], "chance": 100 },
        { "vehicle": "oa_vg_wreck", "x": [ 80, 12 ], "y": [ 8, 16 ], "rotation": [ 0, 90, 180, 270 ], "chance": 100 },
        { "vehicle": "oa_vg_wreck", "x": [ 80, 12 ], "y": [ 8, 16 ], "rotation": [ 0, 90, 180, 270 ], "chance": 100 },
        { "vehicle": "oa_vg_wreck", "x": [ 80, 12 ], "y": [ 8, 16 ], "rotation": [ 0, 90, 180, 270 ], "chance": 100 },
        { "vehicle": "oa_vg_wreck", "x": [ 80, 12 ], "y": [ 8, 16 ], "rotation": [ 0, 90, 180, 270 ], "chance": 100 },
        { "vehicle": "oa_vg_wreck", "x": [ 80, 12 ], "y": [ 8, 16 ], "rotation": [ 0, 90, 180, 270 ], "chance": 100 },
        { "vehicle": "oa_vg_wreck", "x": [ 80, 12 ], "y": [ 8, 16 ], "rotation": [ 0, 90, 180, 270 ], "chance": 100 }
      ],
      "place_monsters": [
        { "monster": "DUMP_ANIMALS", "x": 12, "y": 12 },
        { "monster": "DUMP_ANIMALS", "x": 36, "y": 12 },
        { "monster": "DUMP_ZOMBIES", "x": 37, "y": 15 },
        { "monster": "DUMP_ANIMALS", "x": 60, "y": 5 },
        { "monster": "DUMP_ZOMBIES", "x": 60, "y": 12 },
        { "monster": "DUMP_ANIMALS", "x": 84, "y": 12 }
      ]
    }
  },
  {
    "type": "mapgen",
    "om_terrain": [ [ "ws_regional_dump_0_3", "ws_regional_dump_1_3", "ws_regional_dump_2_3", "ws_regional_dump_3_3" ] ],
    "method": "json",
    "weight": 1000,
    "object": {
      "fill_ter": "t_dirt",
      "rows": [
        ".|,|.,.g.p^g.^gGG.g^.g.G^2G.p.g..pg..p.g......^..2...........a.aapppppppp2pa.a.........,..,.,|.|,",
        ",|.|.^.,.gp^g^gp^g.gpg^gpg.g.G.pg.pGp.g.....^..........a...a^apppppppppppppa^a^a.........,.,.|,|,",
        ".|,|,.,^..g.p^gpGgG^gg^g^pGpp.g.^g.ggp..............^..a..aapppppppppppppppppa^^.......,.,.,.|.|.",
        ",|,|.^,...g..g^.^p^g..G^p.g.pG.^...G...^....^..............^aapppppppppppppppaa..........,.,.|,|,",
        ".|,|.,..^...p.Gg^g.p.g^.gpgp^.g.^g.g.p...............^...a.^aaappppppppappppa^a.........,.,..|.|.",
        ",|.|,.....^..g..^^.gpgp^gp^..G.g.^.G...^............^^......^appppppppppaapa.^.^..........,.,|.|.",
        ".|,|.,,.,^...^..Gg.g..p^..g.^.g..g........................a..^pppppppppa^.a^.............,.,.|,|,",
        ",|,|.,.,.^..p..g...p.g^g..Gp.pg^.^g..p.^.....................^pppapppaa^................,.,.,|.|.",
        ",|.|,.,......^...g..G.^.g.^.g.^.g....................^.....a.apppaapaa^..................,.,.|,|,",
        ",|.|.,.,.^.........^.g....gp^g^.p^gp................^^^....a.^apaaaaa^.a................,...,|.|.",
        ".|,|..,....^...^.......g..g.g.....p...^..............^........aa^.^a....................,.,,.|,|,",
        ",|,|.,.,,...^......g......g...p....p......................^.....aa....a................,..,..|.|.",
        ".|.|.,,,......^......^.........^.........................^^^....aa..a...................,.,.,|,|.",
        ",|.|.,..,.................^.^....p........................^..............................,.,.|.|,",
        ".|,|..,......................p...........p...................^^.....^^..................,.,.,|,|.",
        ",|.|..,.,.................p..................p................^....^^^^...................,.,|.|,",
        ".|.|.,,,.................................p...........,....,..,......^^....................,..|,|.",
        ",|.|.,,..,......,...........,.,...,....,...,..,...,.......,....,..,..,..,..,,.,.,....,..,...,|.|.",
        ".|,|.,.,.,.,.,...,.,.,....,.,.,.,.,.,....,.,.,....,..,.,...,.,.,.,..,..,...,.,..,..,.,.,..,..|,|,",
        ",|.|.,.,.,,..,.,.,,,.,,,,.,.,...,.,...,....,.,..,..,.,...,...,...,..,.,.,.,,.,..,........,.,,|,|.",
        ".|,-------------------------------------------------------------------------------------------.|,",
        ",|.,..,..,.,...,,..,..,...,,.,..,...,....,...,.,...,.,.,.,..,...,...,.,.,.,.,.,..,..,...,.,.,.,|.",
        ",-----------------------------------------------------------------------------------------------,",
        "..,....,,..,,..,...,..,..2.,..,,,..,,,,,..,...,.,2,.,.,..,,,...,,,..,,..,2.,..,..,...,...,..,.,.,"
      ],
      "palettes": [ "regional_dump" ],
      "items": {
        ".": { "item": "trash", "chance": 5 },
        "^": { "item": "trash", "chance": 2 },
        "g": { "item": "oa_ig_rd_glass_trash", "chance": 10 },
        "G": { "item": "oa_ig_rd_glass_trash", "chance": 5 },
        "p": { "item": "trash", "chance": 5 },
        "a": { "item": "oa_ig_ash_pile", "chance": 40 }
      },
      "place_vehicles": [
        { "vehicle": "oa_vg_wreck", "x": [ 10, 16 ], "y": [ 8, 12 ], "rotation": [ 0, 90, 180, 270 ], "chance": 100 },
        { "vehicle": "oa_vg_wreck", "x": [ 10, 16 ], "y": [ 8, 12 ], "rotation": [ 0, 90, 180, 270 ], "chance": 100 },
        { "vehicle": "oa_vg_wreck", "x": [ 10, 16 ], "y": [ 8, 12 ], "rotation": [ 0, 90, 180, 270 ], "chance": 100 },
        { "vehicle": "oa_vg_wreck", "x": [ 10, 16 ], "y": [ 8, 12 ], "rotation": [ 0, 90, 180, 270 ], "chance": 100 },
        { "vehicle": "oa_vg_wreck", "x": [ 10, 16 ], "y": [ 8, 12 ], "rotation": [ 0, 90, 180, 270 ], "chance": 100 },
        { "vehicle": "oa_vg_wreck", "x": [ 10, 16 ], "y": [ 8, 12 ], "rotation": [ 0, 90, 180, 270 ], "chance": 100 },
        { "vehicle": "oa_vg_wreck", "x": [ 32, 16 ], "y": [ 8, 12 ], "rotation": [ 0, 90, 180, 270 ], "chance": 100 },
        { "vehicle": "oa_vg_wreck", "x": [ 32, 16 ], "y": [ 8, 12 ], "rotation": [ 0, 90, 180, 270 ], "chance": 100 },
        { "vehicle": "oa_vg_wreck", "x": [ 32, 16 ], "y": [ 8, 12 ], "rotation": [ 0, 90, 180, 270 ], "chance": 100 },
        { "vehicle": "oa_vg_wreck", "x": [ 32, 16 ], "y": [ 8, 12 ], "rotation": [ 0, 90, 180, 270 ], "chance": 100 },
        { "vehicle": "oa_vg_wreck", "x": [ 32, 16 ], "y": [ 8, 12 ], "rotation": [ 0, 90, 180, 270 ], "chance": 100 },
        { "vehicle": "oa_vg_wreck", "x": [ 32, 16 ], "y": [ 8, 12 ], "rotation": [ 0, 90, 180, 270 ], "chance": 100 },
        { "vehicle": "oa_vg_wreck", "x": [ 56, 16 ], "y": [ 8, 12 ], "rotation": [ 0, 90, 180, 270 ], "chance": 100 },
        { "vehicle": "oa_vg_wreck", "x": [ 56, 16 ], "y": [ 8, 12 ], "rotation": [ 0, 90, 180, 270 ], "chance": 100 },
        { "vehicle": "oa_vg_wreck", "x": [ 56, 16 ], "y": [ 8, 12 ], "rotation": [ 0, 90, 180, 270 ], "chance": 100 },
        { "vehicle": "oa_vg_wreck", "x": [ 56, 16 ], "y": [ 8, 12 ], "rotation": [ 0, 90, 180, 270 ], "chance": 100 },
        { "vehicle": "oa_vg_wreck", "x": [ 56, 16 ], "y": [ 8, 12 ], "rotation": [ 0, 90, 180, 270 ], "chance": 100 },
        { "vehicle": "oa_vg_wreck", "x": [ 56, 16 ], "y": [ 8, 12 ], "rotation": [ 0, 90, 180, 270 ], "chance": 100 },
        { "vehicle": "oa_vg_wreck", "x": [ 80, 12 ], "y": [ 8, 12 ], "rotation": [ 0, 90, 180, 270 ], "chance": 100 },
        { "vehicle": "oa_vg_wreck", "x": [ 80, 12 ], "y": [ 8, 12 ], "rotation": [ 0, 90, 180, 270 ], "chance": 100 },
        { "vehicle": "oa_vg_wreck", "x": [ 80, 12 ], "y": [ 8, 12 ], "rotation": [ 0, 90, 180, 270 ], "chance": 100 },
        { "vehicle": "oa_vg_wreck", "x": [ 80, 12 ], "y": [ 8, 12 ], "rotation": [ 0, 90, 180, 270 ], "chance": 100 },
        { "vehicle": "oa_vg_wreck", "x": [ 80, 12 ], "y": [ 8, 12 ], "rotation": [ 0, 90, 180, 270 ], "chance": 100 },
        { "vehicle": "oa_vg_wreck", "x": [ 80, 12 ], "y": [ 8, 12 ], "rotation": [ 0, 90, 180, 270 ], "chance": 100 }
      ],
      "place_monsters": [
        { "monster": "DUMP_ANIMALS", "x": 12, "y": 12 },
        { "monster": "DUMP_ANIMALS", "x": 36, "y": 5 },
        { "monster": "DUMP_ZOMBIES", "x": 36, "y": 12 },
        { "monster": "DUMP_ANIMALS", "x": 60, "y": 5 },
        { "monster": "DUMP_ZOMBIES", "x": 60, "y": 12 },
        { "monster": "DUMP_ANIMALS", "x": 84, "y": 12 }
      ]
    }
  }
]
