[
  {
    "name": "GROUP_BEARS",
    "type": "monstergroup",
    "default": "mon_bear",
    "monsters": [
      { "monster": "mon_bear", "freq": 50, "cost_multiplier": 1 },
      { "monster": "mon_zombear", "freq": 50, "cost_multiplier": 1 }
    ]
  },
  {
    "name": "GROUP_MOOSE",
    "type": "monstergroup",
    "default": "mon_moose",
    "monsters": [
      { "monster": "mon_moose", "freq": 50, "cost_multiplier": 1 },
      { "monster": "mon_zoose", "freq": 50, "cost_multiplier": 1 }
    ]
  },
  {
    "method": "json",
    "om_terrain": "zoo_0_0",
    "type": "mapgen",
    "weight": 100,
    "object": {
      "rows": [
        "___......______......___",
        "___......______......___",
        "___......______......___",
        "___......______......___",
        "_.......................",
        "_.......................",
        "_.......................",
        "_.......................",
        "_.......p...p...p.......",
        "_.......p...p...p.......",
        "_.......ppppppppp.......",
        "_.......p...p...p.......",
        "_.......p...p...p.......",
        "_.......................",
        "_.......................",
        "_.......................",
        "_....p....p....p....p...",
        "_....p....p....p....p...",
        "_....p....p....p....p...",
        "_....p....p....p....p...",
        "_sssssssssssssssssssssss",
        "____d____________d____ss",
        "___d7d__________d4d___ss",
        "____d____________d____ss"
      ],
      "terrain": {
        ".": "t_pavement",
        "4": "t_tree_pine",
        "7": "t_tree_apple_harvested",
        "_": "t_grass",
        "d": "t_dirt",
        "p": "t_pavement_y",
        "s": "t_sidewalk"
      }
    }
  },
  {
    "method": "json",
    "om_terrain": "zoo_0_1",
    "type": "mapgen",
    "weight": 100,
    "object": {
      "fill_ter": "t_floor",
      "rows": [
        "----------------------ss",
        "-__________________|vsss",
        "-__________________|vsss",
        "-__|||||||||||||||||ssss",
        "-__|...{{..........wssss",
        "-__|...............wssss",
        "-__|......{.{.||ww||+|+|",
        "-__|......{.{.|.........",
        "-__|..c.......+.........",
        "-__|..c.......|.........",
        "-__|.Cc......&w.........",
        "-__|ccc...{..Hw....|||++",
        "-__|......{..Hw....|__ss",
        "-__|.........H|....|f_ss",
        "-__|||||||||||||..||D_ss",
        "-__|cS|hh.r..&|....|b_ss",
        "-__|..d...r...|...#|f_ss",
        "-__|..|...r.......#|__ss",
        "-__|..|^h.r.......#r__ss",
        "-__|..||||r..#|...#r__ss",
        "-__|..|...r..#|...#r__ss",
        "-__|..d...r...|...#r__ss",
        "-__|..|0..r..#|...#|__ss",
        "-__|..|i..r..#|....|__ss"
      ],
      "terrain": {
        "+": "t_reinforced_door_glass_c",
        "-": "t_brick_wall",
        "D": "t_dirt",
        "_": "t_grass",
        "b": "t_dirt",
        "d": "t_door_metal_c",
        "f": "t_dirt",
        "r": "t_reinforced_glass",
        "s": "t_sidewalk",
        "v": "t_sidewalk",
        "w": "t_reinforced_glass",
        ".": "t_floor",
        "|": "t_brick_wall"
      },
      "furniture": {
        "#": "f_bench",
        "&": "f_trashcan",
        "0": "f_boulder_medium",
        "C": "f_chair",
        "D": "f_dandelion",
        "H": "f_sofa",
        "S": "f_sink",
        "^": "f_indoor_plant_y",
        "b": "f_bluebell",
        "c": "f_counter",
        "f": "f_dahlia",
        "h": "f_hay",
        "i": "f_indoor_plant",
        "v": "f_vending_c",
        "{": "f_rack"
      },
      "place_item": [ { "item": "rock", "repeat": 1, "x": 9, "y": 15 }, { "item": "pine_bough", "repeat": 1, "x": 9, "y": 21 } ],
      "place_items": [
        { "chance": 55, "item": "toy_store", "x": 12, "y": [ 6, 7 ] },
        { "chance": 75, "item": "vending_food", "x": 20, "y": 2 },
        { "chance": 55, "item": "trash", "x": 13, "y": 15 },
        { "chance": 55, "item": "trash", "x": 13, "y": 10 },
        { "chance": 55, "item": "snacks", "x": 10, "y": 11 },
        { "chance": 55, "item": "snacks", "x": [ 7, 8 ], "y": 4 },
        { "chance": 55, "item": "candy_shop", "x": 10, "y": [ 6, 7 ] },
        { "chance": 75, "item": "shirts", "x": 10, "y": 12 },
        { "chance": 75, "item": "shirts", "x": 4, "y": 11 },
        { "chance": 75, "item": "vending_drink", "x": 20, "y": 1 }
      ],
      "place_monster": [
        { "monster": "mon_coyote", "x": 8, "y": 16 },
        { "monster": "mon_coyote", "x": 9, "y": 17 },
        { "monster": "mon_bear", "x": 8, "y": 20 }
      ]
    }
  },
  {
    "method": "json",
    "om_terrain": "zoo_0_1",
    "//": "variant of zoo_0_1 with broken open bear cage",
    "type": "mapgen",
    "weight": 100,
    "object": {
      "fill_ter": "t_floor",
      "rows": [
        "----------------------ss",
        "-__________________|vsss",
        "-__________________|vsss",
        "-__|||||||||||||||||ssss",
        "-__|...{{..........wssss",
        "-__|...............wssss",
        "-__|......{.{.||ww||+|+|",
        "-__|......{.{.|.........",
        "-__|..c.......+.........",
        "-__|..c.......|.........",
        "-__|.Cc......&w.........",
        "-__|ccc...{..Hw....|||++",
        "-__|......{..Hw....|__ss",
        "-__|.........H|....|f_ss",
        "-__|||||||||||||..||D_ss",
        "-__|cS|hh.r..&|....|b_ss",
        "-__|..d...r...|...#|f_ss",
        "-__|..|...r.......#|__ss",
        "-__|..|^h.r.......#r__ss",
        "-__|..||||r..#|...#r__ss",
        "-__|..|...r..#|...#r__ss",
        "-__|..d...w...|...#r__ss",
        "-__|..|0.....#|...#|__ss",
        "-__|..|i..w..#|....|__ss"
      ],
      "terrain": {
        "+": "t_reinforced_door_glass_c",
        "-": "t_brick_wall",
        "D": "t_dirt",
        "_": "t_grass",
        "b": "t_dirt",
        "d": "t_door_metal_c",
        "f": "t_dirt",
        "r": "t_reinforced_glass",
        "s": "t_sidewalk",
        "v": "t_sidewalk",
        "w": "t_reinforced_glass",
        "|": "t_brick_wall"
      },
      "furniture": {
        "#": "f_bench",
        "&": "f_trashcan",
        "0": "f_boulder_medium",
        "C": "f_chair",
        "D": "f_dandelion",
        "H": "f_sofa",
        "S": "f_sink",
        "^": "f_indoor_plant_y",
        "b": "f_bluebell",
        "c": "f_counter",
        "f": "f_dahlia",
        "h": "f_hay",
        "i": "f_indoor_plant",
        "v": "f_vending_c",
        "{": "f_rack"
      },
      "place_items": [
        { "chance": 55, "item": "toy_store", "x": 12, "y": [ 6, 7 ] },
        { "chance": 75, "item": "vending_food", "x": 20, "y": 2 },
        { "chance": 55, "item": "trash", "x": 13, "y": 15 },
        { "chance": 55, "item": "trash", "x": 13, "y": 10 },
        { "chance": 55, "item": "snacks", "x": 10, "y": 11 },
        { "chance": 55, "item": "snacks", "x": [ 7, 8 ], "y": 4 },
        { "chance": 55, "item": "candy_shop", "x": 10, "y": [ 6, 7 ] },
        { "chance": 75, "item": "shirts", "x": 10, "y": 12 },
        { "chance": 75, "item": "shirts", "x": 4, "y": 11 },
        { "chance": 75, "item": "vending_drink", "x": 20, "y": 1 }
      ],
      "place_item": [
        { "item": "rock", "repeat": 1, "x": 9, "y": 15 },
        { "item": "pine_bough", "repeat": 1, "x": 9, "y": 21 },
        { "item": "glass_shard", "repeat": [ 42, 84 ], "x": 10, "y": 22 },
        { "item": "glass_shard", "repeat": [ 42, 84 ], "x": 11, "y": [ 21, 23 ] }
      ],
      "place_monster": [ { "monster": "mon_coyote", "x": 8, "y": 16 }, { "monster": "mon_coyote", "x": 9, "y": 17 } ],
      "place_monsters": [ { "monster": "GROUP_BEARS", "x": 8, "y": 20 } ]
    }
  },
  {
    "type": "mapgen",
    "method": "json",
    "om_terrain": "zoo_0_1_roof",
    "object": {
      "fill_ter": "t_flat_roof",
      "rows": [
        "QQQQQQQQQQQQQQQQQQQQQQ  ",
        "Q                  Q    ",
        "Q                  Q    ",
        "Q  |2222222222222223    ",
        "Q  |...............3    ",
        "Q  |...............3    ",
        "Q  |...............3----",
        "Q  |....................",
        "Q  |....................",
        "Q  |.....A..............",
        "Q  |.....A..............",
        "Q  |...............3----",
        "Q  |...............3    ",
        "Q  |...............3    ",
        "Q  |..........:....3    ",
        "Q  |...............3    ",
        "Q  |...............3    ",
        "Q  |...&...........3    ",
        "Q  |...............3    ",
        "Q  |...............3    ",
        "Q  |........=......3    ",
        "Q  |...............3    ",
        "Q  |...............3    ",
        "Q  |...............3    "
      ],
      "palettes": [ "roof_palette" ],
      "terrain": { "Q": "t_open_air_rooved" }
    }
  },
  {
    "method": "json",
    "om_terrain": "zoo_0_2",
    "type": "mapgen",
    "weight": 100,
    "object": {
      "fill_ter": "t_floor",
      "rows": [
        "-__|..|...r...|....|__ss",
        "-__|..|...r...|....|__ss",
        "-__|..|...r........|__ss",
        "-_M|..|h..|........Dssss",
        "-_7|..|||||........Dssss",
        "-__|..|...r........|&_ss",
        "-__|..a...r...|....|__ss",
        "-#_|..|...r...|^bb^|__ss",
        "-__+..|...r...||||||__ss",
        "-__|..|.hhr......r.|__ss",
        "-__|..|||||......r.|__ss",
        "-#_|..|...r...b..|||__ss",
        "-__|..a...r...b..r.|__ss",
        "-7_|..|...r......r.|__ss",
        "-__|..|...r......|||__ss",
        "-_#|c.|..h|rr|...r.|__ss",
        "B__|..|..h|..|...r.|__ss",
        "___|..|||||||||+||||____",
        "B#_|.....{{c.......|____",
        "-_#|...............|__d_",
        "-#_|||||||||||+|||||_d4d",
        "-#__#7___#_________|__d_",
        "-_#____#____#_____7|____",
        "------------------------"
      ],
      "terrain": {
        "#": "t_underbrush",
        "&": "t_grass",
        "+": "t_door_metal_pickable",
        "-": "t_brick_wall",
        ".": "t_floor",
        "4": "t_tree_pine",
        "7": "t_tree_maple_tapped",
        "B": "t_brick_wall_halfway",
        "D": "t_reinforced_door_glass_c",
        "^": "t_floor",
        "_": "t_grass",
        "a": "t_door_metal_c",
        "b": "t_floor",
        "c": "t_floor",
        "d": "t_dirt",
        "h": "t_floor",
        "r": "t_reinforced_glass",
        "s": "t_sidewalk",
        "{": "t_floor",
        "|": "t_brick_wall",
        "M": "t_gutter_downspout"
      },
      "furniture": { "&": "f_trashcan", "^": "f_indoor_plant", "b": "f_bench", "c": "f_chair", "h": "f_hay", "{": "f_locker" },
      "place_item": [
        { "item": "stick", "repeat": 1, "x": 9, "y": 2 },
        { "item": "stick", "repeat": 1, "x": 9, "y": 5 },
        { "item": "pine_bough", "repeat": 1, "x": 9, "y": 7 },
        { "item": "pine_bough", "repeat": 1, "x": 7, "y": 8 },
        { "item": "stick", "repeat": 1, "x": 18, "y": 10 },
        { "item": "stick", "repeat": 1, "x": 7, "y": 11 },
        { "item": "rock", "repeat": 1, "x": 18, "y": 13 },
        { "item": "pine_bough", "repeat": 1, "x": 7, "y": 14 },
        { "item": "stick", "repeat": 1, "x": 9, "y": 14 },
        { "item": "stick", "repeat": 1, "x": 18, "y": 15 },
        { "item": "rock", "repeat": 1, "x": 12, "y": 16 }
      ],
      "place_items": [
        { "chance": 45, "item": "trash", "x": 20, "y": 5 },
        { "chance": 65, "item": "vet_softdrug", "x": 10, "y": 18 },
        { "chance": 45, "item": "vet_hardrug", "x": 9, "y": 18 }
      ],
      "place_monster": [
        { "monster": "mon_bobcat", "x": 8, "y": 5 },
        { "monster": "mon_spider_jumping", "x": 18, "y": 9 },
        { "monster": "mon_bat", "x": 18, "y": 12 },
        { "monster": "mon_opossum", "x": 9, "y": 13 },
        { "monster": "mon_opossum", "x": 8, "y": 16 },
        { "monster": "mon_rattlesnake", "x": 11, "y": 16 },
        { "monster": "mon_chipmunk", "x": 18, "y": 16 }
      ]
    }
  },
  {
    "type": "mapgen",
    "method": "json",
    "om_terrain": "zoo_0_2_roof",
    "object": {
      "fill_ter": "t_flat_roof",
      "rows": [
        "Q  |...............3    ",
        "Q  |...............3    ",
        "Q  |...............3    ",
        "Q  5...............3    ",
        "Q  |...............3    ",
        "Q  |...............3    ",
        "Q  |...............3    ",
        "Q  |...............3    ",
        "Q  |...............3    ",
        "Q  |...............3    ",
        "Q  |...............3    ",
        "Q  |...............3    ",
        "Q  |...............3    ",
        "Q  |...............3    ",
        "Q  |...............3    ",
        "Q  |...............3    ",
        "   |...............3    ",
        "   |...............3    ",
        "   |...............3    ",
        "Q  |...............3    ",
        "Q  |---------------3    ",
        "Q                  Q    ",
        "Q                  Q    ",
        "QQQQQQQQQQQQQQQQQQQQQQQQ"
      ],
      "palettes": [ "roof_palette" ],
      "terrain": { "Q": "t_open_air_rooved" }
    }
  },
  {
    "method": "json",
    "om_terrain": "zoo_1_0",
    "type": "mapgen",
    "weight": 100,
    "object": {
      "rows": [
        "___......______......___",
        "___......______......___",
        "___......______......___",
        "___......______......___",
        ".....................___",
        ".....................___",
        ".....................___",
        ".....................___",
        "........p...p...p....___",
        "........p...p...p....___",
        "........ppppppppp....___",
        "........p...p...p....___",
        "........p...p...p....___",
        ".....................___",
        ".....................___",
        ".....................___",
        ".....p....p....p....p___",
        ".....p....p....p....p___",
        ".....p....p....p....p___",
        ".....p....p....p....p___",
        "sssssssssssssssssssss___",
        "ss__d____________d______",
        "ss_d7d__________d4d_____",
        "ss__d____________d______"
      ],
      "terrain": {
        ".": "t_pavement",
        "4": "t_tree_pine",
        "7": "t_tree_apple_harvested",
        "_": "t_grass",
        "d": "t_dirt",
        "p": "t_pavement_y",
        "s": "t_sidewalk"
      }
    }
  },
  {
    "method": "json",
    "om_terrain": "zoo_1_1",
    "type": "mapgen",
    "weight": 100,
    "object": {
      "fill_ter": "t_floor",
      "rows": [
        "..----------------------",
        "...#||||||||{..|dc_ddd_|",
        "...#|&|&|HT|{..+d+dd_dd|",
        "....|a|a|ff|...bcc_ddud|",
        "...#|fffffC|...bsddd__d|",
        "...#|fffffS|...bssd____|",
        "|||||f||||||t..bsuud___|",
        "ffffff|&|&&|...||bbb||||",
        "ffff|||a|ff|...+d+dd_dd|",
        "ffffff|fffC|...bcc__dd_|",
        "ffff|fffffS|...bddddd_d|",
        "|ww|||||||||...|||||||||",
        ".._e|sd__c_b...wsssdff||",
        ".._d|s7d_+_+...wWWs_c+||",
        ".._D|_d__ggb...wWssdcf||",
        ".._d|______b...wsssdc+||",
        "..__|bbbbbb|...|www||.||",
        "........................",
        "........................",
        "..__.##.t##....##.._____",
        "..__..............._hD__",
        "..__________..._________",
        "..__eDBDh___..______DB__",
        "..__________..__________"
      ],
      "terrain": {
        "#": "t_sidewalk",
        "&": "t_floor",
        "+": "t_chaingate_c",
        "-": "t_brick_wall",
        ".": "t_sidewalk",
        "7": "t_tree_dead",
        "B": "t_dirt",
        "D": "t_dirt",
        "W": "t_water_sh",
        "_": "t_grass",
        "a": "t_door_c",
        "b": "t_bars",
        "c": "t_chainfence_v",
        "d": "t_dirt",
        "e": "t_dirt",
        "f": "t_floor",
        "g": "t_chainfence_h",
        "h": "t_dirt",
        "s": "t_swater_sh",
        "t": "t_sidewalk",
        "u": "t_underbrush",
        "w": "t_reinforced_glass",
        "{": "t_sidewalk",
        "|": "t_brick_wall"
      },
      "furniture": {
        "#": "f_bench",
        "&": "f_toilet",
        "B": "f_bluebell",
        "C": "f_counter",
        "D": "f_dahlia",
        "H": "f_armchair",
        "S": "f_sink",
        "T": "f_trashcan",
        "e": "f_chamomile",
        "h": "f_dandelion",
        "t": "f_trashcan",
        "{": "f_vending_c"
      },
      "place_item": [
        { "item": "stick", "repeat": 1, "x": 19, "y": 1 },
        { "item": "stick", "repeat": 1, "x": 20, "y": 4 },
        { "item": "rock", "repeat": 1, "x": 20, "y": 6 },
        { "item": "pine_bough", "repeat": 1, "x": 21, "y": 8 },
        { "item": "pine_bough", "repeat": 1, "x": 16, "y": 10 },
        { "item": "stick", "repeat": 1, "x": 6, "y": 15 }
      ],
      "place_items": [
        { "chance": 55, "item": "vending_drink", "x": 12, "y": 2 },
        { "chance": 65, "item": "vending_food", "x": 12, "y": 1 },
        { "chance": 55, "item": "trash", "x": 8, "y": 19 },
        { "chance": 55, "item": "trash", "x": 12, "y": 6 },
        { "chance": 55, "item": "trash", "x": 10, "y": 2 }
      ],
      "place_monster": [
        { "monster": "mon_deer", "x": 20, "y": 2 },
        { "monster": "mon_deer", "x": 18, "y": 5 },
        { "monster": "mon_coyote_wolf", "x": 19, "y": 8 },
        { "monster": "mon_coyote_wolf", "x": 21, "y": 9 },
        { "monster": "mon_coyote_wolf", "x": 18, "y": 10 },
        { "monster": "mon_otter", "x": 19, "y": 12 },
        { "monster": "mon_otter", "x": 17, "y": 13 },
        { "monster": "mon_moose", "x": 7, "y": 14 },
        { "monster": "mon_otter", "x": 19, "y": 14 },
        { "monster": "mon_otter", "x": 19, "y": 15 }
      ],
      "place_toilets": [ { "x": 5, "y": 2 }, { "x": 7, "y": 2 }, { "x": 7, "y": 7 } ]
    }
  },
  {
    "method": "json",
    "om_terrain": "zoo_1_1",
    "//": "variant of zoo_1_1 with broken open moose cage",
    "type": "mapgen",
    "weight": 100,
    "object": {
      "fill_ter": "t_floor",
      "rows": [
        "..----------------------",
        "...#||||||||{..|dc_ddd_|",
        "...#|&|&|HT|{..+d+dd_dd|",
        "....|a|a|ff|...bcc_ddud|",
        "...#|fffffC|...bsddd__d|",
        "...#|fffffS|...bssd____|",
        "|||||f||||||t..bsuud___|",
        "ffffff|&|&&|...||bbb||||",
        "ffff|||a|ff|...+d+dd_dd|",
        "ffffff|fffC|...bcc__dd_|",
        "ffff|fffffS|...bddddd_d|",
        "|ww|||||||||...|||||||||",
        ".._e|sd__c_b...wsssdff||",
        ".._d|s7d_+_+...wWWs_c+||",
        ".._D|_d__ggb...wWssdcf||",
        ".._d|______b...wsssdc+||",
        "..__|bb_bbb|...|www||.||",
        "........................",
        "........................",
        "..__.##.t##....##.._____",
        "..__..............._hD__",
        "..__________..._________",
        "..__eDBDh___..______DB__",
        "..__________..__________"
      ],
      "terrain": {
        "#": "t_sidewalk",
        "+": "t_chaingate_c",
        "-": "t_brick_wall",
        ".": "t_sidewalk",
        "7": "t_tree_dead",
        "B": "t_dirt",
        "D": "t_dirt",
        "W": "t_water_sh",
        "_": "t_grass",
        "a": "t_door_c",
        "b": "t_bars",
        "c": "t_chainfence_v",
        "d": "t_dirt",
        "e": "t_dirt",
        "f": "t_floor",
        "g": "t_chainfence_h",
        "h": "t_dirt",
        "s": "t_swater_sh",
        "t": "t_sidewalk",
        "u": "t_underbrush",
        "w": "t_reinforced_glass",
        "{": "t_sidewalk",
        "|": "t_brick_wall"
      },
      "furniture": {
        "#": "f_bench",
        "&": "f_toilet",
        "B": "f_bluebell",
        "C": "f_counter",
        "D": "f_dahlia",
        "H": "f_armchair",
        "S": "f_sink",
        "T": "f_trashcan",
        "e": "f_chamomile",
        "h": "f_dandelion",
        "t": "f_trashcan",
        "{": "f_vending_c"
      },
      "place_items": [
        { "chance": 55, "item": "vending_drink", "x": 12, "y": 2 },
        { "chance": 65, "item": "vending_food", "x": 12, "y": 1 },
        { "chance": 55, "item": "trash", "x": 8, "y": 19 },
        { "chance": 55, "item": "trash", "x": 12, "y": 6 },
        { "chance": 55, "item": "trash", "x": 10, "y": 2 }
      ],
      "place_item": [
        { "item": "stick", "repeat": 1, "x": 19, "y": 1 },
        { "item": "stick", "repeat": 1, "x": 20, "y": 4 },
        { "item": "rock", "repeat": 1, "x": 20, "y": 6 },
        { "item": "pine_bough", "repeat": 1, "x": 21, "y": 8 },
        { "item": "pine_bough", "repeat": 1, "x": 16, "y": 10 },
        { "item": "stick", "repeat": 1, "x": 6, "y": 15 },
        { "item": "steel_lump", "chance": 25, "x": 7, "y": 16 },
        { "item": "steel_chunk", "repeat": [ 1, 3 ], "x": 7, "y": 16 },
        { "item": "scrap", "repeat": [ 1, 4 ], "x": 7, "y": 16 },
        { "item": "steel_chunk", "repeat": [ 1, 2 ], "x": [ 6, 8 ], "y": 17 },
        { "item": "scrap", "repeat": [ 1, 2 ], "x": [ 6, 8 ], "y": 17 }
      ],
      "place_monster": [
        { "monster": "mon_deer", "x": 20, "y": 2 },
        { "monster": "mon_deer", "x": 18, "y": 5 },
        { "monster": "mon_coyote_wolf", "x": 19, "y": 8 },
        { "monster": "mon_coyote_wolf", "x": 21, "y": 9 },
        { "monster": "mon_coyote_wolf", "x": 18, "y": 10 },
        { "monster": "mon_otter", "x": 19, "y": 12 },
        { "monster": "mon_otter", "x": 17, "y": 13 },
        { "monster": "mon_otter", "x": 19, "y": 14 },
        { "monster": "mon_otter", "x": 19, "y": 15 }
      ],
      "place_monsters": [ { "monster": "GROUP_MOOSE", "x": 7, "y": 14 } ],
      "place_toilets": [ { "x": 5, "y": 2 }, { "x": 7, "y": 2 }, { "x": 7, "y": 7 } ]
    }
  },
  {
    "type": "mapgen",
    "method": "json",
    "om_terrain": "zoo_1_1_roof",
    "object": {
      "fill_ter": "t_flat_roof",
      "rows": [
        "  QQQQQQQQQQQQQQQQQQQQQQ",
        "    22222223   Q       |",
        "    |......3           |",
        "    |......3           |",
        "    |......3           |",
        "    |......3           |",
        "----|...=..3           |",
        "...........3   QQQQQQQQ|",
        "...........3           |",
        "....AA.....3           |",
        "...........3           |",
        "-----------3   QQQQQQQQ|",
        "    Q          Q      Q|",
        "    Q          Q      Q|",
        "    Q          Q      Q|",
        "    Q          Q      Q|",
        "    Q      Q   QQQQQQ Q|",
        "                        ",
        "                        ",
        "                        ",
        "                        ",
        "                        ",
        "                        ",
        "                        "
      ],
      "palettes": [ "roof_palette" ],
      "terrain": { "Q": "t_open_air_rooved" }
    }
  },
  {
    "method": "json",
    "om_terrain": "zoo_1_2",
    "type": "mapgen",
    "weight": 100,
    "object": {
      "fill_ter": "t_floor",
      "rows": [
        "________________________",
        "________________________",
        "||||||||||||||||||||||||",
        "-.####&-..#...h+..|..hh|",
        "-......-.^.....-..-...h|",
        "-......|-------|..-....|",
        "|||...............-...#|",
        "..+......#####....-....|",
        "..+......#####....-....|",
        "|||...............-...^|",
        "-......|-------|..-..^^|",
        "-......-h....^.-..+...^|",
        "-.####&-h..^#..+..|....|",
        "||||||||||||||||||||||||",
        "|i.ctc..i|............&|",
        "+........C............C|",
        "+........C.....ooo|...C|",
        "|i.......||||||||||...s|",
        "|||.......&CC.|.......s|",
        "gg-...........d.......C|",
        "gg-.ctc.ctc...|.......C|",
        "gg-.ctc.ctc.ct|{{t{{..C|",
        "gU||||||||||||||||||||||",
        "bbbbbbbbbbbbbbbbbbbbbbbb"
      ],
      "terrain": {
        "+": "t_reinforced_door_glass_c",
        "-": "t_reinforced_glass",
        ".": "t_floor",
        "_": "t_sidewalk",
        "b": "t_brick_wall",
        "d": "t_door_c",
        "g": "t_grass",
        "|": "t_brick_wall",
        "U": "t_gutter_downspout"
      },
      "furniture": {
        "#": "f_bench",
        "&": "f_trashcan",
        "C": "f_counter",
        "c": "f_chair",
        "h": "f_hay",
        "i": "f_indoor_plant",
        "o": "f_oven",
        "s": "f_sink",
        "t": "f_table",
        "{": "f_fridge"
      },
      "place_items": [
        { "chance": 65, "item": "cannedfood", "x": 22, "y": 21 },
        { "chance": 65, "item": "cannedfood", "x": 22, "y": 19 },
        { "chance": 55, "item": "bowling_food", "x": 5, "y": 21 },
        { "chance": 55, "item": "bowling_food", "x": 15, "y": 16 },
        { "chance": 55, "item": "bowling_food", "x": 9, "y": 15 },
        { "chance": 55, "item": "trash", "x": 10, "y": 18 },
        { "chance": 55, "item": "trash", "x": 22, "y": 14 },
        { "chance": 55, "item": "trash", "x": 6, "y": 12 },
        { "chance": 55, "item": "trash", "x": 6, "y": 3 },
        { "chance": 55, "item": "fridgesnacks", "x": [ 15, 16 ], "y": 21 },
        { "chance": 35, "item": "fridge", "x": [ 18, 19 ], "y": 21 }
      ],
      "sealed_item": { "^": { "item": { "item": "seed_sugar_beet" }, "furniture": "f_plant_seed" } },
      "place_monster": [
        { "monster": "mon_crow", "x": 9, "y": 3 },
        { "monster": "mon_crow", "x": 11, "y": 3 },
        { "monster": "mon_crow", "x": 12, "y": 4 },
        { "monster": "mon_duck", "x": 20, "y": 4 },
        { "monster": "mon_duck", "x": 19, "y": 5 },
        { "monster": "mon_turkey", "x": 21, "y": 7 },
        { "monster": "mon_chicken", "x": 19, "y": 10 },
        { "monster": "mon_bat", "x": 9, "y": 12 },
        { "monster": "mon_bat", "x": 10, "y": 12 }
      ]
    }
  },
  {
    "type": "mapgen",
    "method": "json",
    "om_terrain": "zoo_1_2_roof",
    "object": {
      "fill_ter": "t_tar_flat_roof",
      "rows": [
        "                        ",
        "                        ",
        "|22222222222222222222223",
        "|......................3",
        "|......................3",
        "|......................3",
        "|......................3",
        "|......................3",
        "|......................3",
        "|......................3",
        "|.........AA...........3",
        "|.............X........3",
        "|......................3",
        "|......................3",
        "|......................3",
        "|......................3",
        "|.............=........3",
        "|......................3",
        "|-|....................3",
        "  |.......&............3",
        "  |....................3",
        "  |....................3",
        "  5--------------------3",
        "QQQQQQQQQQQQQQQQQQQQQQQQ"
      ],
      "palettes": [ "roof_palette" ],
      "terrain": { "Q": "t_open_air_rooved" }
    }
  },
  {
    "method": "json",
    "om_terrain": "zoo_2_0",
    "type": "mapgen",
    "weight": 100,
    "object": {
      "fill_ter": "t_grass",
      "rows": [
        "........................",
        "........................",
        "........................",
        "...............#t#......",
        "......##.......#t#......",
        "......tt.......#t#......",
        "......##.......#t#......",
        ".....................d..",
        "....................d7d.",
        ".....................d..",
        "............&...........",
        "......##................",
        "......tt................",
        "......##......._____....",
        ".............._______...",
        "..............________..",
        "..............________..",
        "............&..______...",
        "......##........___._...",
        "......tt................",
        "...d..##................",
        "..dTd...................",
        "...d....................",
        "........................"
      ],
      "terrain": { ".": "t_grass", "7": "t_tree_hickory", "T": "t_tree", "_": "t_sand", "d": "t_dirt" },
      "furniture": { "#": "f_bench", "&": "f_trashcan", "t": "f_table" },
      "place_items": [
        { "chance": 15, "item": "glasses", "x": 6, "y": 12 },
        { "chance": 55, "item": "trash", "x": 12, "y": 17 },
        { "chance": 55, "item": "trash", "x": 12, "y": 10 },
        { "chance": 55, "item": "trash", "x": 17, "y": 4 }
      ]
    }
  },
  {
    "method": "json",
    "om_terrain": "zoo_2_1",
    "type": "mapgen",
    "weight": 100,
    "object": {
      "fill_ter": "t_floor",
      "rows": [
        "------------------------",
        "|||||||||||||||||||||||-",
        "sssw........wsss|&.|.&|-",
        "sssw........wsss||.|.||-",
        "sssw..|ww|..wsss|&.|.&|-",
        "sssw..wssw..wsss||.|.||-",
        "sssw..wssw..wsss|&.|.&|-",
        "sssw..wssw..wsss||.|.||-",
        "sssw..wssw..wsss|a.|.a|-",
        "||||..wssw..wsss|c.|.c|-",
        "sssw..|ww|..||||||.|.||-",
        "sssw........wsss|..|..|-",
        "sssw........wsss|.|||.|-",
        "sssw........wsss|SSSSSS-",
        "sssw........wsss|SSSSSS-",
        "sssw...bb...wsss|#SSSS#-",
        "|||||++||++||||||#SSSS#-",
        "SSSSSSSSSSSSSSSSSSSSSSS-",
        "SSSSSSSSSSSSSSSSSSSSSSS-",
        "_______________________-",
        "________d_________d____-",
        "_______d7d_fBDfC_d4d___-",
        "________d_________d____-",
        "_______________________-"
      ],
      "terrain": {
        "#": "t_sidewalk",
        "+": "t_reinforced_door_glass_c",
        "-": "t_brick_wall",
        ".": "t_floor",
        "4": "t_tree_pine",
        "7": "t_tree",
        "B": "t_dirt",
        "C": "t_dirt",
        "D": "t_dirt",
        "S": "t_sidewalk",
        "_": "t_grass",
        "d": "t_dirt",
        "f": "t_dirt",
        "s": "t_swater_sh",
        "w": "t_reinforced_glass",
        "|": "t_brick_wall"
      },
      "furniture": {
        "#": "f_bench",
        "&": "f_toilet",
        "B": "f_bluebell",
        "C": "f_chamomile",
        "D": "f_dandelion",
        "a": "f_sink",
        "b": "f_bench",
        "c": "f_counter",
        "f": "f_dahlia"
      },
      "place_monster": [
        { "monster": "mon_fish_sbass", "x": 0, "y": 2 },
        { "monster": "mon_fish_sbass", "x": 1, "y": 3 },
        { "monster": "mon_fish_lobster", "x": 14, "y": 3 },
        { "monster": "mon_fish_lbass", "x": 1, "y": 5 },
        { "monster": "mon_fish_crayfish", "x": 15, "y": 5 },
        { "monster": "mon_fish_eel", "x": 8, "y": 6 },
        { "monster": "mon_fish_crayfish", "x": 14, "y": 6 },
        { "monster": "mon_fish_lbass", "x": 2, "y": 7 },
        { "monster": "mon_fish_eel", "x": 7, "y": 8 },
        { "monster": "mon_fish_pickerel", "x": 14, "y": 8 },
        { "monster": "mon_fish_carp", "x": 1, "y": 11 },
        { "monster": "mon_fish_carp", "x": 2, "y": 11 },
        { "monster": "mon_fish_bluegill", "x": 13, "y": 11 },
        { "monster": "mon_fish_carp", "x": 1, "y": 13 },
        { "monster": "mon_fish_bluegill", "x": 15, "y": 13 },
        { "monster": "mon_fish_carp", "x": 1, "y": 14 },
        { "monster": "mon_fish_bluegill", "x": 13, "y": 15 }
      ],
      "place_monsters": [
        { "chance": 6, "density": 0, "monster": "GROUP_FOREST", "x": 15, "y": 19 },
        { "chance": 6, "density": 0, "monster": "GROUP_FOREST", "x": 4, "y": 19 }
      ],
      "place_toilets": [
        { "x": 17, "y": 2 },
        { "x": 21, "y": 2 },
        { "x": 17, "y": 4 },
        { "x": 21, "y": 4 },
        { "x": 17, "y": 6 },
        { "x": 21, "y": 6 },
        { "x": 17, "y": 8 },
        { "x": 21, "y": 8 }
      ]
    }
  },
  {
    "type": "mapgen",
    "method": "json",
    "om_terrain": "zoo_2_1_roof",
    "object": {
      "fill_ter": "t_flat_roof",
      "rows": [
        "QQQQQQQQQQQQQQQQQQQQQQQQ",
        "22222222222222222222223Q",
        "......................3Q",
        "...................=..3Q",
        "......................3Q",
        "........&..........A..3Q",
        "......................3Q",
        "......................3Q",
        ".......AA.............3Q",
        "...................=..3Q",
        "......................3Q",
        "......................3Q",
        "......................3Q",
        "................3      Q",
        ".........:......3      Q",
        "................3      Q",
        "----------------3      Q",
        "                       Q",
        "                       Q",
        "                       Q",
        "                       Q",
        "                       Q",
        "                       Q",
        "                       Q"
      ],
      "palettes": [ "roof_palette" ],
      "terrain": { "Q": "t_open_air_rooved" }
    }
  },
  {
    "method": "json",
    "om_terrain": "zoo_2_2",
    "type": "mapgen",
    "weight": 100,
    "object": {
      "fill_ter": "t_floor",
      "rows": [
        "___________________gggg-",
        "___________________gggg-",
        "____rrrrrrrrrrrrrr|||||-",
        "____r.......gggggg|###|-",
        "____r..gg.....ggg.|###|-",
        "____r.cccccccccccc|#f#|-",
        "&___rgcggg...g..g.|fff|-",
        "____r.cgg.........|#ff|-",
        "____r.c.....g...g.|fff|-",
        "____r.c....ggg.....fff|-",
        "____r.c............ff#|-",
        "____..+.g..........fff|-",
        "____..+.........g..fff|-",
        "____r.c...........|fff|-",
        "____r.c.....gg....|#ff|-",
        "____r.c....gggg...|||||-",
        "____r.c.....gg........|-",
        "____r.c......g........|-",
        "____r.cg..............|-",
        "____r.cg..g.......g...|-",
        "____rgcgg.............|-",
        "____rgcggg.gg.ggg..ggg|-",
        "&__&|||||||||||||||||||-",
        "------------------------"
      ],
      "terrain": {
        "&": "t_sidewalk",
        "+": "t_chaingate_c",
        "-": "t_brick_wall",
        ".": "t_dirt",
        "_": "t_sidewalk",
        "c": "t_chainfence_v",
        "f": "t_floor",
        "g": "t_grass",
        "r": "t_railing_v",
        "|": "t_brick_wall"
      },
      "furniture": { "#": "f_hay", "&": "f_trashcan" },
      "place_item": [
        { "item": "rock", "repeat": 1, "x": 8, "y": 9 },
        { "item": "rock", "repeat": 1, "x": 16, "y": 15 },
        { "item": "stick", "repeat": 1, "x": 8, "y": 17 },
        { "item": "stick", "repeat": 1, "x": 21, "y": 18 },
        { "item": "stick", "repeat": 1, "x": 21, "y": 20 }
      ],
      "place_items": [
        { "chance": 55, "item": "trash", "x": 3, "y": 22 },
        { "chance": 55, "item": "trash", "x": 0, "y": 22 },
        { "chance": 55, "item": "trash", "x": 0, "y": 6 }
      ],
      "place_monster": [
        { "monster": "mon_zombie_pig", "x": 10, "y": 7 },
        { "monster": "mon_chicken", "x": 14, "y": 7 },
        { "monster": "mon_zombie_pig", "x": 15, "y": 10 },
        { "monster": "mon_duck", "x": 11, "y": 11 },
        { "monster": "mon_zombie_pig", "x": 15, "y": 12 },
        { "monster": "mon_pig", "x": 20, "y": 12 },
        { "monster": "mon_sheep", "x": 10, "y": 17 },
        { "monster": "mon_rabbit", "x": 15, "y": 17 },
        { "monster": "mon_sheep", "x": 19, "y": 17 },
        { "monster": "mon_sheep", "x": 9, "y": 19 },
        { "monster": "mon_sheep", "x": 12, "y": 19 },
        { "monster": "mon_rabbit", "x": 15, "y": 19 },
        { "monster": "mon_pig", "x": 17, "y": 20 },
        { "monster": "mon_pig", "x": 19, "y": 20 }
      ]
    }
  },
  {
    "type": "mapgen",
    "method": "json",
    "om_terrain": "zoo_2_2_roof",
    "object": {
      "fill_ter": "t_shingle_flat_roof",
      "rows": [
        "                       Q",
        "                       Q",
        "                  .....Q",
        "                  .....Q",
        "                  .....Q",
        "                  .....Q",
        "                  .....Q",
        "                  .....Q",
        "                  .....Q",
        "                  .....Q",
        "                  .....Q",
        "                  .....Q",
        "                  .....Q",
        "                  .....Q",
        "                  .....Q",
        "                  .....Q",
        "                      QQ",
        "                      QQ",
        "                      QQ",
        "                      QQ",
        "                      QQ",
        "                      QQ",
        "    QQQQQQQQQQQQQQQQQQQQ",
        "QQQQQQQQQQQQQQQQQQQQQQQQ"
      ],
      "palettes": [ "roof_palette" ],
      "terrain": { "Q": "t_open_air_rooved", ".": "t_shingle_flat_roof" }
    }
  }
]
