[
  {
    "method": "json",
    "object": {
      "furniture": {
        "#": "f_table",
        "D": "f_table",
        "&": "f_sink",
        "+": "f_null",
        ".": "f_null",
        "C": "f_counter",
        "P": "f_mailbox",
        "^": "f_indoor_plant",
        "_": "f_null",
        "a": "f_cupboard",
        "b": "f_bed",
        "T": "f_trashcan",
        "c": "f_chair",
        "d": "f_null",
        "f": "f_fridge",
        "o": "f_oven",
        "r": "f_rack",
        "s": "f_null",
        "t": "f_toilet",
        "w": "f_null",
        "{": "f_dresser",
        "|": "f_null"
      },
      "place_items": [
        { "chance": 40, "item": "nightstand", "x": 18, "y": 16 },
        { "chance": 40, "item": "nightstand", "x": 5, "y": 16 },
        { "chance": 35, "item": "oven", "x": 13, "y": 17 },
        { "chance": 35, "item": "oven", "x": 11, "y": 17 },
        { "chance": 35, "item": "cleaning", "x": 10, "y": 5 },
        { "chance": 20, "item": "sports", "x": 13, "y": 5 },
        { "chance": 40, "item": "camping", "x": 12, "y": 5 },
        { "chance": 30, "item": "child_items", "x": 17, "y": 10 },
        { "chance": 30, "item": "child_items", "x": 5, "y": 10 },
        { "chance": 30, "item": "child_items", "x": 6, "y": 10 },
        { "chance": 40, "item": "pantry", "x": 13, "y": 15 },
        { "chance": 40, "item": "pantry", "x": 11, "y": 15 },
        { "chance": 65, "item": "dresser_male", "x": 18, "y": 13 },
        { "chance": 65, "item": "dresser_male", "x": 5, "y": 13 },
        { "chance": 65, "item": "dresser_male", "x": 20, "y": 12 },
        { "chance": 30, "item": "light_reading", "x": 19, "y": 5 },
        { "chance": 30, "item": "light_reading", "x": 4, "y": 5 },
        { "chance": 35, "item": "fridge", "x": 13, "y": 16 },
        { "chance": 35, "item": "fridge", "x": 11, "y": 16 },
        { "chance": 65, "item": "dresser_female", "x": 17, "y": 13 },
        { "chance": 65, "item": "dresser_female", "x": 6, "y": 13 },
        { "chance": 65, "item": "dresser_female", "x": 3, "y": 12 }
      ],
      "items": {
        "b": { "item": "bed", "chance": 15, "repeat": 2 },
        "D": { "item": "dining", "chance": 20 },
        "P": { "item": "mail", "chance": 30, "repeat": [ 2, 5 ] }
      },
      "place_toilets": [ { "x": 3, "y": 5 }, { "x": 20, "y": 5 } ],
      "rows": [
        ".......ss......ss.......",
        ".......ss......ss.......",
        ".......ss......ss.......",
        ".......ssP....Pss.......",
        "..|||||ss||||||ss|||||..",
        "..|t#&|ss|r|r_|ss|&#t|..",
        "..|___|w+|d||d|+w|___|..",
        "..|||d|____|^____|d|||..",
        "..w^_____cc|_cc______w..",
        "..||||||_DD|_DD_||||||..",
        "..|bb__|_DD|_DD_|__bb|..",
        "..w____d_cc|^cc_d____w..",
        "..|{||||___||___||||{|..",
        "..|||{{|___^|___|{{|||..",
        "..|____d___T|T__d____|..",
        "..wbb__|_C_a|a_C|__bbw..",
        "..|bb#_|cC_f|f_C|_#bb|..",
        "..||w||||C_o|o_||||w||..",
        "........+__&|&_+........",
        "........|ww|||w|........",
        "........................",
        "........................",
        "........................",
        "........................"
      ],
      "terrain": {
        "#": "t_floor",
        "&": "t_floor",
        "T": "t_floor",
        "+": "t_door_c",
        ".": [ "t_grass", "t_grass", "t_grass", "t_grass", "t_dirt" ],
        "C": "t_floor",
        "D": "t_floor",
        "^": "t_floor",
        "_": "t_floor",
        "P": "t_grass",
        "a": "t_floor",
        "b": "t_floor",
        "c": "t_floor",
        "d": [ "t_door_o", "t_door_c" ],
        "f": "t_floor",
        "o": "t_floor",
        "r": "t_floor",
        "s": "t_sidewalk",
        "t": "t_floor",
        "w": "t_window_domestic",
        "{": "t_floor",
        "|": "t_wall"
      }
    },
    "om_terrain": "duplex",
    "type": "mapgen",
    "weight": 100
  },
  {
    "method": "json",
    "object": {
      "furniture": {
        "#": "f_bed",
        "&": "f_sink",
        "+": "f_null",
        "-": "f_null",
        ".": "f_null",
        "C": "f_cupboard",
        "H": "f_sofa",
        "P": "f_mailbox",
        "T": "f_toilet",
        "^": "f_indoor_plant",
        "_": "f_null",
        "a": "f_counter",
        "b": "f_trashcan",
        "c": "f_chair",
        "d": "f_null",
        "e": "f_table",
        "f": "f_fridge",
        "o": "f_oven",
        "s": "f_null",
        "t": "f_table",
        "w": "f_null",
        "{": "f_dresser",
        "|": "f_null"
      },
      "place_items": [
        { "chance": 30, "item": "trash", "x": 16, "y": 15 },
        { "chance": 30, "item": "trash", "x": 7, "y": 5 },
        { "chance": 35, "item": "oven", "x": 17, "y": 16 },
        { "chance": 35, "item": "oven", "x": 6, "y": 4 },
        { "chance": 20, "item": "homebooks", "x": 7, "y": 12 },
        { "chance": 35, "item": "fridge", "x": 19, "y": 15 },
        { "chance": 35, "item": "fridge", "x": 4, "y": 5 }
      ],
      "items": {
        "#": { "item": "bed", "chance": 15, "repeat": 2 },
        "t": { "item": "dining", "chance": 20 },
        "{": { "item": "dresser", "chance": 30, "repeat": 2 },
        "P": { "item": "mail", "chance": 30, "repeat": [ 2, 5 ] }
      },
      "place_toilets": [ { "x": 19, "y": 4 }, { "x": 13, "y": 12 } ],
      "rows": [
        "........s......s........",
        "........s......s........",
        ".......Ps......sP.......",
        "...||w||+||ww||+|||||...",
        "...|C&oa_-{##{-_^-_T|...",
        "...|f__b_-_##_-__-__|...",
        "...|C__a_-____d__d_&|...",
        "...|_____------__---|...",
        "...wcttc_-{#_-___HHH|...",
        "...wcttc_-_#_d______|...",
        "...|_____-___-^_____|...",
        "...|_____------_cttcw...",
        "...|HHHe__d__T-_cttcw...",
        "...|----_^-&__-_____|...",
        "...|___d_------_a__C|...",
        "...w_#_-_d____-_b__f|...",
        "...|{#_-_-_##_-_ao&C|...",
        "...||w||_-{##{-_||w||...",
        ".......|+||ww||+|.......",
        "........................",
        "........................",
        "........................",
        "........................",
        "........................"
      ],
      "terrain": {
        "#": "t_floor",
        "&": "t_floor",
        "+": "t_door_c",
        "-": "t_wall",
        ".": [ "t_grass", "t_grass", "t_grass", "t_grass", "t_grass", "t_dirt" ],
        "C": "t_floor",
        "H": "t_floor",
        "T": "t_floor",
        "P": "t_grass",
        "^": "t_floor",
        "_": "t_floor",
        "a": "t_floor",
        "b": "t_floor",
        "c": "t_floor",
        "d": [ "t_door_o", "t_door_c" ],
        "e": "t_floor",
        "f": "t_floor",
        "o": "t_floor",
        "s": "t_sidewalk",
        "t": "t_floor",
        "w": "t_window_domestic",
        "{": "t_floor",
        "|": "t_brick_wall"
      }
    },
    "om_terrain": "duplex",
    "type": "mapgen",
    "weight": 100
  },
  {
    "method": "json",
    "object": {
      "furniture": {
        "#": "f_bed",
        "&": "f_sink",
        "+": "f_null",
        ".": "f_null",
        "A": "f_armchair",
        "C": "f_counter",
        "F": "f_fridge",
        "P": "f_mailbox",
        "H": "f_sofa",
        "T": "f_toilet",
        "_": "f_null",
        "a": "f_cupboard",
        "b": "f_trashcan",
        "c": "f_chair",
        "d": "f_null",
        "f": "f_fireplace",
        "o": "f_oven",
        "s": "f_null",
        "l": "f_table",
        "t": "f_table",
        "w": "f_null",
        "{": "f_dresser",
        "|": "f_null"
      },
      "place_items": [
        { "chance": 35, "item": "light_reading", "x": 3, "y": 4 },
        { "chance": 35, "item": "light_reading", "x": 3, "y": [ 18, 19 ] }
      ],
      "items": {
        "#": { "item": "bed", "chance": 15, "repeat": 2 },
        "t": { "item": "dining", "chance": 20 },
        "{": { "item": "dresser", "chance": 45, "repeat": 2 },
        "b": { "item": "trash", "chance": 35, "repeat": 2 },
        "F": { "item": "fridge", "chance": 35, "repeat": 2 },
        "o": { "item": "oven", "chance": 30, "repeat": 2 },
        "a": { "item": "pantry", "chance": 35, "repeat": 2 },
        "P": { "item": "mail", "chance": 30, "repeat": [ 2, 5 ] }
      },
      "place_toilets": [ { "x": 10, "y": 10 }, { "x": 13, "y": 10 } ],
      "rows": [
        ".......s........s.......",
        ".......s........s.......",
        ".......sP......Ps.......",
        "..||ww|+|w||||w|+|ww||..",
        "..|lA______||_____ll_|..",
        "..|A____H_f||f_______|..",
        "..w_____H_f||f___HHHHw..",
        "..w_____H_f||f_______w..",
        "..|________||________|..",
        "..|a___||||||||||___a|..",
        "..|a___|&CT||TC&|___a|..",
        "..wF___d___||___d___Fw..",
        "..|&___||||||||||___&|..",
        "..wo__b|_#{||{__|b__ow..",
        "..|C___|_#_||##_|___C|..",
        "..|C___d___||___d___C|..",
        "..|____||||||||||__cc|..",
        "..wctt_d__{||{__d__ttw..",
        "..wctt_|__{||##_|__ttw..",
        "..|_cc_|_##||##_|__cc|..",
        "..||w|+|_##||{__|+|w||..",
        ".......||w||||w||.......",
        "........................",
        "........................"
      ],
      "terrain": {
        "#": "t_floor",
        "&": "t_floor",
        "+": "t_door_c",
        ".": [ "t_grass", "t_grass", "t_grass", "t_grass", "t_grass", "t_dirt" ],
        "A": "t_floor",
        "C": "t_floor",
        "F": "t_floor",
        "H": "t_floor",
        "P": "t_grass",
        "l": "t_floor",
        "T": "t_floor",
        "_": "t_floor",
        "a": "t_floor",
        "b": "t_floor",
        "c": "t_floor",
        "d": [ "t_door_o", "t_door_c" ],
        "f": "t_floor",
        "o": "t_floor",
        "s": "t_sidewalk",
        "t": "t_floor",
        "w": "t_window_domestic",
        "{": "t_floor",
        "|": "t_wall"
      }
    },
    "om_terrain": "duplex",
    "type": "mapgen",
    "weight": 100
  },
  {
    "method": "json",
    "object": {
      "furniture": {
        "#": "f_bed",
        "&": "f_sink",
        "+": "f_null",
        ".": "f_null",
        "A": "f_armchair",
        "B": "f_bookcase",
        "C": "f_cupboard",
        "H": "f_sofa",
        "P": "f_mailbox",
        "T": "f_trashcan",
        "^": "f_indoor_plant",
        "_": "f_null",
        "a": "f_counter",
        "b": "f_toilet",
        "c": "f_chair",
        "d": "f_null",
        "f": "f_fridge",
        "h": "f_rack_coat",
        "o": "f_oven",
        "s": "f_null",
        "l": "f_table",
        "t": "f_table",
        "w": "f_null",
        "{": "f_dresser",
        "|": "f_null"
      },
      "place_items": [
        { "chance": 30, "item": "light_reading", "x": 10, "y": 15 },
        { "chance": 30, "item": "light_reading", "x": 13, "y": [ 12, 14 ] }
      ],
      "items": {
        "#": { "item": "bed", "chance": 15, "repeat": 2 },
        "t": { "item": "dining", "chance": 20 },
        "{": { "item": "dresser", "chance": 45, "repeat": 2 },
        "T": { "item": "trash", "chance": 35, "repeat": 2 },
        "f": { "item": "fridge", "chance": 35, "repeat": 2 },
        "o": { "item": "oven", "chance": 30, "repeat": 2 },
        "C": { "item": "pantry", "chance": 35, "repeat": 2 },
        "B": { "item": "homebooks", "chance": 35, "repeat": 3 },
        "h": { "item": "coat_rack", "chance": 35, "repeat": 2 },
        "P": { "item": "mail", "chance": 30, "repeat": [ 2, 5 ] }
      },
      "place_toilets": [ { "x": 9, "y": 20 }, { "x": 14, "y": 20 } ],
      "rows": [
        ".......s........s.......",
        ".......s........s.......",
        "......Ps|w||||w|sP......",
        ".......s+_h||^_+s.......",
        "..|||ww||__||__||ww|||..",
        "..|Cf&_____||____^&fC|..",
        "..wo_______||cc_____ow..",
        "..|CaaTcc__||tt__TaaC|..",
        "..|||||tt__||tt__|||||..",
        "..|##_|tt__||cc__|___|..",
        "..w##_|cc__||____|_##w..",
        "..w___|____||____|_##w..",
        "..|___d___^||l_H_d___|..",
        "..|{{_|___B||l_H_|{_{|..",
        "..|||||___A||l_H_|||||..",
        "..|{__d__Al||____d___|..",
        "..w##_|____||____|___w..",
        "..|##_|____||____|{##|..",
        "..||w||_|d||||d|_||w||..",
        ".....+__|_&||&_|__+.....",
        ".....|^_|bT||_b|__|.....",
        ".....||w||||||||w||.....",
        "........................",
        "........................"
      ],
      "terrain": {
        "#": "t_floor",
        "&": "t_floor",
        "+": "t_door_c",
        ".": [ "t_grass", "t_grass", "t_grass", "t_grass", "t_grass", "t_dirt" ],
        "A": "t_floor",
        "B": "t_floor",
        "C": "t_floor",
        "H": "t_floor",
        "T": "t_floor",
        "P": "t_grass",
        "l": "t_floor",
        "^": "t_floor",
        "_": "t_floor",
        "a": "t_floor",
        "b": "t_floor",
        "c": "t_floor",
        "d": [ "t_door_o", "t_door_c" ],
        "f": "t_floor",
        "h": "t_floor",
        "o": "t_floor",
        "s": "t_sidewalk",
        "t": "t_floor",
        "w": "t_window_domestic",
        "{": "t_floor",
        "|": "t_wall"
      }
    },
    "om_terrain": "duplex",
    "type": "mapgen",
    "weight": 100
  },
  {
    "method": "json",
    "object": {
      "place_item": [ { "item": "holybook_bible3", "x": 15, "y": 12 } ],
      "furniture": {
        "#": "f_bed",
        "&": "f_sink",
        "+": "f_null",
        ".": "f_null",
        "A": "f_armchair",
        "B": "f_bookcase",
        "C": "f_counter",
        "H": "f_sofa",
        "P": "f_mailbox",
        "S": "f_statue",
        "T": "f_trashcan",
        "^": "f_indoor_plant",
        "_": "f_null",
        "a": "f_cupboard",
        "b": "f_toilet",
        "c": "f_chair",
        "d": "f_null",
        "f": "f_fridge",
        "h": "f_rack_coat",
        "o": "f_oven",
        "r": "f_rack",
        "s": "f_null",
        "w": "f_null",
        "t": "f_table",
        "l": "f_table",
        "{": "f_dresser",
        "|": "f_null"
      },
      "place_items": [
        { "chance": 35, "item": "bags_trip", "x": 3, "y": 20 },
        { "chance": 30, "item": "light_reading", "x": 20, "y": 11 },
        { "chance": 30, "item": "light_reading", "x": 5, "y": [ 10, 11 ] },
        { "chance": 35, "item": "tools_home", "x": 20, "y": 20 }
      ],
      "items": {
        "#": { "item": "bed", "chance": 15, "repeat": 2 },
        "t": { "item": "dining", "chance": 20 },
        "{": { "item": "dresser", "chance": 45, "repeat": 2 },
        "T": { "item": "trash", "chance": 35, "repeat": 2 },
        "f": { "item": "fridge", "chance": 35, "repeat": 2 },
        "o": { "item": "oven", "chance": 30, "repeat": 2 },
        "a": { "item": "pantry", "chance": 35, "repeat": 2 },
        "B": { "item": "homebooks", "chance": 35, "repeat": 3 },
        "h": { "item": "coat_rack", "chance": 35, "repeat": 2 },
        "P": { "item": "mail", "chance": 30, "repeat": [ 2, 5 ] }
      },
      "place_toilets": [ { "x": 3, "y": 17 }, { "x": 20, "y": 17 } ],
      "rows": [
        "....s..............s....",
        "....s..............s....",
        "....sP............Ps....",
        "..||+|||ww||||ww|||+||..",
        "..|^_|af&oa||ao&fa|_h|..",
        "..|__|C___C||C___C|__|..",
        "..|__|T___C||C___T|__|..",
        "..w________||________w..",
        "..|______cc||cttc____|..",
        "..|H_____tt||cttc____|..",
        "..wH_l___tt||_______Aw..",
        "..wH_l___cc||_______lw..",
        "..|H______^||_Sr____A|..",
        "..|^___||||||||||___B|..",
        "..|||__|___||#__|__|||..",
        "..|&|__d_#_||#__d__|&|..",
        "..|_d_^|{#_||{__|__d_|..",
        "..|b|_||||||||||||_|b|..",
        "..|||_d____||____d_|||..",
        "..|_d_|_##_||##_{|_d_|..",
        "..|r|_|{##{||##_{|_|r|..",
        "..|||+||ww||||ww||+|||..",
        "........................",
        "........................"
      ],
      "terrain": {
        "#": "t_floor",
        "&": "t_floor",
        "+": "t_door_c",
        ".": [ "t_grass", "t_grass", "t_grass", "t_grass", "t_grass", "t_dirt" ],
        "A": "t_floor",
        "B": "t_floor",
        "C": "t_floor",
        "H": "t_floor",
        "S": "t_floor",
        "P": "t_grass",
        "T": "t_floor",
        "l": "t_floor",
        "^": "t_floor",
        "_": "t_floor",
        "a": "t_floor",
        "b": "t_floor",
        "c": "t_floor",
        "d": [ "t_door_o", "t_door_c" ],
        "f": "t_floor",
        "h": "t_floor",
        "o": "t_floor",
        "r": "t_floor",
        "s": "t_sidewalk",
        "t": "t_floor",
        "w": "t_window_domestic",
        "{": "t_floor",
        "|": "t_wall"
      }
    },
    "om_terrain": "duplex",
    "type": "mapgen",
    "weight": 100
  },
  {
    "method": "json",
    "object": {
      "furniture": {
        "#": "f_table",
        "l": "f_table",
        "&": "f_sink",
        "+": "f_null",
        ".": "f_null",
        "A": "f_armchair",
        "B": "f_bench",
        "C": "f_counter",
        "F": "f_fridge",
        "H": "f_sofa",
        "P": "f_mailbox",
        "S": "f_statue",
        "T": "f_toilet",
        "^": "f_indoor_plant",
        "_": "f_null",
        "a": "f_cupboard",
        "b": "f_bed",
        "c": "f_chair",
        "d": "f_null",
        "e": "f_null",
        "f": "f_fireplace",
        "g": "f_null",
        "h": "f_rack_coat",
        "i": "f_null",
        "j": "f_bookcase",
        "o": "f_oven",
        "p": "f_pool_table",
        "r": "f_rack",
        "s": "f_null",
        "t": "f_trashcan",
        "w": "f_null",
        "{": "f_dresser",
        "|": "f_null"
      },
      "place_items": [
        { "chance": 35, "repeat": 2, "item": "cleaning", "x": 17, "y": 4 },
        { "chance": 40, "item": "bags_trip", "x": 6, "y": 20 }
      ],
      "items": {
        "b": { "item": "bed", "chance": 15, "repeat": 2 },
        "#": { "item": "dining", "chance": 20 },
        "{": { "item": "dresser", "chance": 45, "repeat": 2 },
        "t": { "item": "trash", "chance": 35, "repeat": 2 },
        "F": { "item": "fridge", "chance": 35, "repeat": 2 },
        "o": { "item": "oven", "chance": 30, "repeat": 2 },
        "a": { "item": "pantry", "chance": 35, "repeat": 2 },
        "j": { "item": "homebooks", "chance": 35, "repeat": 3 },
        "h": { "item": "coat_rack", "chance": 35, "repeat": 2 },
        "p": { "item": "pool_table", "chance": 10, "repeat": 2 },
        "P": { "item": "mail", "chance": 30, "repeat": [ 2, 5 ] }
      },
      "place_item": [
        { "item": "pillow", "chance": 30, "repeat": 3, "x": 2, "y": [ 11, 13 ] },
        { "item": "pillow", "chance": 30, "repeat": 3, "x": 21, "y": [ 11, 13 ] }
      ],
      "place_toilets": [ { "x": 11, "y": 8 }, { "x": 12, "y": 16 } ],
      "rows": [
        "....s..............s....",
        "....s..............s....",
        "...Ps..............sP...",
        "..||+|||ww|||ww||||+||..",
        "..|hg^CC&oa|___{|r|ih|..",
        "..w___C___F|bb__|d|__w..",
        "..|______ta|bb__|____|..",
        "..|___c__||||||d|___^|..",
        "..w_c##__d_T|S______jw..",
        "..|__##c_|&||__l____j|..",
        ".||__c___|||f__A_____||.",
        ".wB_______^|f__A____eBw.",
        ".wB_____H__||__l____eBw.",
        ".wB_____H__f|S____c_eBw.",
        ".||_____H__f|||_c##__||.",
        "..|_pp__H__||&|__##c_|..",
        "..w_pp____^|T_d__c___w..",
        "..|_pp_|d||||||______|..",
        "..|____|____|at______|..",
        "..w__|d|_bb_|F___C___w..",
        "..|^g|r|{bb{|ao&CC_i^|..",
        "..||+||||ww|||ww|||+||..",
        "........................",
        "........................"
      ],
      "terrain": {
        "#": "t_floor",
        "&": "t_floor",
        "+": "t_door_c",
        ".": [ "t_grass", "t_grass", "t_grass", "t_grass", "t_grass", "t_dirt" ],
        "A": "t_floor",
        "B": "t_floor",
        "C": "t_floor",
        "F": "t_floor",
        "l": "t_floor",
        "H": "t_floor",
        "P": "t_grass",
        "S": "t_floor",
        "T": "t_floor",
        "^": "t_floor",
        "_": "t_floor",
        "a": "t_floor",
        "b": "t_floor",
        "c": "t_floor",
        "d": [ "t_door_o", "t_door_c" ],
        "e": "t_carpet_purple",
        "f": "t_floor",
        "g": "t_carpet_red",
        "h": "t_floor",
        "i": "t_carpet_green",
        "j": "t_floor",
        "o": "t_floor",
        "p": "t_floor",
        "r": "t_floor",
        "s": "t_sidewalk",
        "t": "t_floor",
        "w": "t_window_domestic",
        "{": "t_floor",
        "|": "t_wall"
      }
    },
    "om_terrain": "duplex",
    "type": "mapgen",
    "weight": 100
  },
  {
    "method": "json",
    "object": {
      "furniture": {
        "#": "f_table",
        "l": "f_table",
        "&": "f_sink",
        "+": "f_null",
        ".": "f_null",
        "A": "f_armchair",
        "B": "f_bookcase",
        "C": "f_counter",
        "H": "f_sofa",
        "P": "f_mailbox",
        "S": "f_null",
        "T": "f_toilet",
        "_": "f_null",
        "a": "f_cupboard",
        "b": "f_bed",
        "c": "f_chair",
        "d": "f_null",
        "f": "f_fridge",
        "h": "f_rack_coat",
        "o": "f_oven",
        "p": "f_pool_table",
        "s": "f_null",
        "t": "f_trashcan",
        "w": "f_null",
        "{": "f_dresser",
        "|": "f_null"
      },
      "items": {
        "b": { "item": "bed", "chance": 15, "repeat": 2 },
        "#": { "item": "dining", "chance": 20 },
        "{": { "item": "dresser", "chance": 45, "repeat": 2 },
        "t": { "item": "trash", "chance": 35, "repeat": 2 },
        "f": { "item": "fridge", "chance": 35, "repeat": 2 },
        "o": { "item": "oven", "chance": 30, "repeat": 2 },
        "a": { "item": "pantry", "chance": 35, "repeat": 2 },
        "B": { "item": "homebooks", "chance": 35, "repeat": 3 },
        "h": { "item": "coat_rack", "chance": 35, "repeat": 2 },
        "p": { "item": "pool_table", "chance": 10, "repeat": 2 },
        "P": { "item": "mail", "chance": 30, "repeat": [ 2, 5 ] }
      },
      "place_toilets": [ { "x": 10, "y": 20 }, { "x": 13, "y": 20 } ],
      "rows": [
        "......s..........s......",
        "......s..........s......",
        ".....Ps..........sP.....",
        "..|ww|s.SS.SS.SS.s|ww|..",
        "..|CC|s..........s|CC|..",
        "..wo_|+|ww||||ww|+|_ow..",
        "..w&_____cc||_cc____&w..",
        "..|f_____##||c##____f|..",
        "..|aat___##||c##__taa|..",
        "..|||||__cc||____|||||..",
        "..|_bb||__||||__||__{|..",
        "..w_bb|____||____|_bbw..",
        "..w___d____||l___d_bbw..",
        "..|_{{|_pp_||H___|__{|..",
        "..|||||_pp_||H___|||||..",
        "..|___d_pp_||H___d___|..",
        "..wbb_|____||l___|__bw..",
        "..|{__|____||____|{_b|..",
        "..|||||_|d||||d|_|||||..",
        "..|AlA__|_&||&_|__B_l|..",
        "..w____h|_T||T_|____Aw..",
        "..||ww+||||||||||+ww||..",
        "........................",
        "........................"
      ],
      "terrain": {
        "#": "t_floor",
        "&": "t_floor",
        "+": "t_door_c",
        ".": [ "t_grass", "t_grass", "t_grass", "t_grass", "t_grass", "t_dirt" ],
        "A": "t_floor",
        "B": "t_floor",
        "l": "t_floor",
        "C": "t_floor",
        "H": "t_floor",
        "P": "t_grass",
        "S": "t_shrub",
        "T": "t_floor",
        "_": "t_floor",
        "a": "t_floor",
        "b": "t_floor",
        "c": "t_floor",
        "d": [ "t_door_o", "t_door_c" ],
        "f": "t_floor",
        "h": "t_floor",
        "o": "t_floor",
        "p": "t_floor",
        "s": "t_sidewalk",
        "t": "t_floor",
        "w": "t_window_domestic",
        "{": "t_floor",
        "|": "t_brick_wall"
      }
    },
    "om_terrain": "duplex",
    "type": "mapgen",
    "weight": 100
  },
  {
    "method": "json",
    "object": {
      "furniture": {
        "#": "f_bed",
        "&": "f_sink",
        "+": "f_null",
        ".": "f_null",
        "A": "f_armchair",
        "B": "f_bookcase",
        "C": "f_counter",
        "F": "f_fridge",
        "H": "f_sofa",
        "P": "f_mailbox",
        "S": "f_null",
        "T": "f_toilet",
        "Y": "f_rack_coat",
        "^": "f_indoor_plant",
        "_": "f_null",
        "a": "f_cupboard",
        "b": "f_trashcan",
        "c": "f_chair",
        "d": "f_null",
        "f": "f_fireplace",
        "o": "f_oven",
        "s": "f_null",
        "t": "f_table",
        "l": "f_table",
        "w": "f_null",
        "{": "f_dresser",
        "|": "f_null"
      },
      "items": {
        "#": { "item": "bed", "chance": 15, "repeat": 2 },
        "t": { "item": "dining", "chance": 20 },
        "{": { "item": "dresser", "chance": 45, "repeat": 2 },
        "b": { "item": "trash", "chance": 35, "repeat": 2 },
        "F": { "item": "fridge", "chance": 35, "repeat": 2 },
        "o": { "item": "oven", "chance": 30, "repeat": 2 },
        "a": { "item": "pantry", "chance": 35, "repeat": 2 },
        "B": { "item": "homebooks", "chance": 35, "repeat": 3 },
        "Y": { "item": "coat_rack", "chance": 30, "repeat": 2 },
        "P": { "item": "mail", "chance": 30, "repeat": [ 2, 5 ] }
      },
      "place_toilets": [ { "x": 12, "y": 5 }, { "x": 11, "y": 19 } ],
      "rows": [
        "........s......s........",
        "........s......s........",
        "........s......s........",
        "......SSsP....PsSS......",
        "..||ww||+||||||+||ww||..",
        "..|f__H|__Y|T&|_|A__f|..",
        "..|f__H|__^|__|_|l__f|..",
        "..|f__H|___||d|_|A__f|..",
        "..||_____C_F|_______||..",
        "...|_____C_o|ctt___l|...",
        "...wctt____&|ctt___Hw...",
        "...|ctt__baa|_cc___H|...",
        "...w_cc____||______Hw...",
        "...|^_____B|aab____l|...",
        "...|||||__B|&___|||||...",
        "...|{__|___|o_C_|##{|...",
        "...w##_d___|F_C_d___w...",
        "..||||||_|d||___||||||..",
        "..|____d_|__|___d____|..",
        "..w##_{|_|&T|^__|{##_w..",
        "..|##{||+||||||+||##{|..",
        "..||w||..........||w||..",
        "........................",
        "........................"
      ],
      "terrain": {
        "#": "t_floor",
        "&": "t_floor",
        "+": "t_door_c",
        ".": [ "t_grass", "t_grass", "t_grass", "t_grass", "t_grass", "t_dirt" ],
        "A": "t_floor",
        "B": "t_floor",
        "C": "t_floor",
        "F": "t_floor",
        "H": "t_floor",
        "P": "t_grass",
        "S": "t_shrub",
        "T": "t_floor",
        "Y": "t_floor",
        "^": "t_floor",
        "l": "t_floor",
        "_": "t_floor",
        "a": "t_floor",
        "b": "t_floor",
        "c": "t_floor",
        "d": [ "t_door_o", "t_door_c" ],
        "f": "t_floor",
        "o": "t_floor",
        "s": "t_sidewalk",
        "t": "t_floor",
        "w": "t_window_domestic",
        "{": "t_floor",
        "|": "t_wall"
      }
    },
    "om_terrain": "duplex",
    "type": "mapgen",
    "weight": 100
  },
  {
    "method": "json",
    "object": {
      "furniture": {
        "#": "f_table",
        "&": "f_sink",
        "+": "f_null",
        ".": "f_null",
        "6": "f_null",
        "C": "f_counter",
        "D": "f_dresser",
        "F": "f_fridge",
        "H": "f_armchair",
        "P": "f_mailbox",
        "O": "f_table",
        "T": "f_trashcan",
        "W": "f_washer",
        "Y": "f_rack_coat",
        "^": "f_indoor_plant",
        "_": "f_null",
        "a": "f_null",
        "b": "f_bed",
        "c": "f_chair",
        "d": "f_null",
        "e": "f_cupboard",
        "f": "f_dryer",
        "g": "f_desk",
        "h": "f_toilet",
        "o": "f_oven",
        "r": "f_rack",
        "s": "f_null",
        "t": "f_null",
        "w": "f_null",
        "{": "f_rack",
        "|": "f_null"
      },
      "place_items": [
        { "chance": 35, "item": "textbooks", "x": 17, "y": 11 },
        { "chance": 50, "item": "clothing_male", "x": 11, "y": 17 },
        { "chance": 50, "item": "clothing_male", "x": 12, "y": 14 },
        { "chance": 50, "item": "tools_home", "x": 11, "y": 7 },
        { "chance": 50, "item": "tools_home", "x": 11, "y": 8 },
        { "chance": 50, "item": "tools_home", "x": 12, "y": 5 },
        { "chance": 20, "item": "kitchen", "x": 21, "y": 15 },
        { "chance": 30, "item": "knifeblock", "x": 2, "y": 18 },
        { "chance": 30, "item": "supplies_fuel", "x": 11, "y": 9 },
        { "chance": 30, "item": "supplies_fuel", "x": 12, "y": 3 },
        { "chance": 30, "item": "supplies_fuel", "x": 12, "y": 4 },
        { "chance": 50, "item": "clothing_female", "x": 10, "y": 17 },
        { "chance": 50, "item": "clothing_female", "x": 12, "y": 11 },
        { "chance": 25, "item": "chem_home", "x": 15, "y": 20 },
        { "chance": 25, "item": "chem_home", "x": 8, "y": 11 }
      ],
      "items": {
        "b": { "item": "bed", "chance": 15, "repeat": 2 },
        "#": { "item": "dining", "chance": 20 },
        "T": { "item": "trash", "chance": 35, "repeat": 2 },
        "F": { "item": "fridge", "chance": 35, "repeat": 2 },
        "o": { "item": "oven", "chance": 30, "repeat": 2 },
        "e": { "item": "pantry", "chance": 35, "repeat": 2 },
        "Y": { "item": "coat_rack", "chance": 30, "repeat": 2 },
        "P": { "item": "mail", "chance": 30, "repeat": [ 2, 5 ] },
        "W": { "item": "laundry", "chance": 25, "repeat": 4 },
        "f": { "item": "laundry", "chance": 25, "repeat": 4 }
      },
      "place_toilets": [ { "x": 10, "y": 15 }, { "x": 13, "y": 16 } ],
      "place_vehicles": [
        { "chance": 35, "fuel": 10, "rotation": 90, "status": -1, "vehicle": "car", "x": 8, "y": 7 },
        { "chance": 30, "fuel": 10, "rotation": 90, "status": -1, "vehicle": "car_sports", "x": 16, "y": 7 }
      ],
      "rows": [
        "..s..................s..",
        "..s.6..............6.s..",
        ".Ps.|++++++||++++++|.sP.",
        ".|dw|tttttt|{tttttt|wd|.",
        ".|_^|tttttt|{tttttt|Y_|.",
        ".w__|tttttt|{tttttt|__w.",
        ".|__|tttttt||tttttt|__|.",
        ".|__|tttttt{|tttttt|__|.",
        ".|__dtttttt{|ttttttd__|.",
        ".|__|tttttt{|tttttt|__|.",
        ".|__||||||||||||||||__|.",
        ".w__HOH_rfW|D___|gg___w.",
        ".w_________|bb__|c____w.",
        ".|______||||bb__|_____|.",
        ".|T_cc__|_&|D___a____T|.",
        ".|C_##__a_h||||||____C|.",
        ".wo_##_||||||h_a_____ow.",
        ".w&_cc_a__DD|&_|_##c_&w.",
        ".|C____|____||||_##c_C|.",
        ".|F____|_bb_|____cc__F|.",
        ".|ee___|_bb_|Wfr____ee|.",
        ".|||ww|||ww|||||||ww|||.",
        "........................",
        "........................"
      ],
      "terrain": {
        "#": "t_floor",
        "&": "t_floor",
        "+": "t_door_metal_locked",
        ".": [ "t_grass", "t_grass", "t_grass", "t_grass", "t_grass", "t_dirt" ],
        "6": "t_gates_mech_control",
        "C": "t_floor",
        "D": "t_floor",
        "F": "t_floor",
        "H": "t_floor",
        "O": "t_floor",
        "P": "t_grass",
        "T": "t_floor",
        "W": "t_floor",
        "Y": "t_floor",
        "^": "t_floor",
        "_": "t_floor",
        "a": [ "t_door_o", "t_door_c" ],
        "b": "t_floor",
        "c": "t_floor",
        "d": [ "t_door_locked", "t_door_c" ],
        "e": "t_floor",
        "f": "t_floor",
        "g": "t_floor",
        "h": "t_floor",
        "o": "t_floor",
        "r": "t_floor",
        "s": "t_sidewalk",
        "t": "t_thconc_floor",
        "w": "t_window_domestic",
        "{": "t_thconc_floor",
        "|": "t_wall"
      }
    },
    "om_terrain": "duplex",
    "type": "mapgen",
    "weight": 100
  },
  {
    "method": "json",
    "object": {
      "furniture": {
        "#": "f_chair",
        "&": "f_sink",
        "+": "f_null",
        ".": "f_null",
        "6": "f_null",
        "B": "f_bench",
        "C": "f_counter",
        "D": "f_null",
        "G": "f_table",
        "H": "f_armchair",
        "P": "f_mailbox",
        "T": "f_table",
        "W": "f_washer",
        "Y": "f_rack_coat",
        "^": "f_indoor_plant",
        "_": "f_null",
        "a": "f_trashcan",
        "b": "f_bed",
        "c": "f_cupboard",
        "d": "f_null",
        "e": "f_desk",
        "f": "f_fridge",
        "g": "f_toilet",
        "h": "f_dryer",
        "o": "f_oven",
        "s": "f_null",
        "t": "f_null",
        "w": "f_null",
        "{": "f_dresser",
        "|": "f_null"
      },
      "place_items": [
        { "chance": 35, "item": "textbooks", "x": 2, "y": 17 },
        { "chance": 20, "item": "kitchen", "x": 10, "y": 14 },
        { "chance": 30, "item": "knifeblock", "x": 13, "y": 14 },
        { "chance": 30, "item": "homebooks", "x": 21, "y": 17 }
      ],
      "items": {
        "b": { "item": "bed", "chance": 15, "repeat": 2 },
        "#": { "item": "dining", "chance": 20 },
        "{": { "item": "dresser", "chance": 45, "repeat": 2 },
        "a": { "item": "trash", "chance": 35, "repeat": 2 },
        "f": { "item": "fridge", "chance": 35, "repeat": 2 },
        "o": { "item": "oven", "chance": 30, "repeat": 2 },
        "c": { "item": "pantry", "chance": 35, "repeat": 2 },
        "Y": { "item": "coat_rack", "chance": 30, "repeat": 2 },
        "P": { "item": "mail", "chance": 30, "repeat": [ 2, 5 ] },
        "W": { "item": "laundry", "chance": 25, "repeat": 4 },
        "h": { "item": "laundry", "chance": 25, "repeat": 4 }
      },
      "place_toilets": [ { "x": 2, "y": 21 }, { "x": 21, "y": 21 } ],
      "place_vehicles": [
        { "chance": 30, "fuel": 10, "rotation": 90, "status": -1, "vehicle": "car_sports", "x": 9, "y": 7 },
        { "chance": 35, "fuel": 10, "rotation": 90, "status": -1, "vehicle": "car", "x": 16, "y": 7 }
      ],
      "rows": [
        "__s__________________s__",
        "__s________66________s__",
        "_Ps_|++++++||++++++|_sP_",
        "_|dw|tttttt66tttttt|wd|_",
        "_|.Y|tttttttttttttt|^.|_",
        "_w.B|tttttttttttttt|..w_",
        "_|.B|tttttttttttttt|..|_",
        "_|..|tttttttttttttt|..|_",
        "_|..dttttttttttttttd..|_",
        "_|..|tttttttttttttt|..|_",
        "_|..||||||||||||||||..|_",
        "_|..#TT#..c||c........|_",
        "_w..#TT#..f||f..##....w_",
        "_w........o||o..TT....w_",
        "_w........C||C..TT....w_",
        "_w........&||&..##....w_",
        "_|#.......a||a.......H|_",
        "_|ee......c||c......HG|_",
        "_|||..||||||||||||..|||_",
        "_|&|..D....||....D..|&|_",
        "_|.D..|.bb.||bb.{|..D.|_",
        "_|g|hW|{bb{||bb.{|hW|g|_",
        "_|||||||ww||||ww|||||||_",
        "________________________"
      ],
      "terrain": {
        "#": "t_floor",
        "&": "t_floor",
        "+": "t_door_metal_locked",
        ".": "t_floor",
        "6": "t_gates_mech_control",
        "B": "t_floor",
        "C": "t_floor",
        "D": [ "t_door_o", "t_door_c" ],
        "G": "t_floor",
        "H": "t_floor",
        "P": "t_grass",
        "T": "t_floor",
        "W": "t_floor",
        "Y": "t_floor",
        "^": "t_floor",
        "_": [ "t_grass", "t_grass", "t_grass", "t_grass", "t_grass", "t_dirt" ],
        "a": "t_floor",
        "b": "t_floor",
        "c": "t_floor",
        "d": [ "t_door_locked", "t_door_c" ],
        "e": "t_floor",
        "f": "t_floor",
        "g": "t_floor",
        "h": "t_floor",
        "o": "t_floor",
        "s": "t_sidewalk",
        "t": "t_thconc_floor",
        "w": "t_window_domestic",
        "{": "t_floor",
        "|": "t_wall"
      }
    },
    "om_terrain": "duplex",
    "type": "mapgen",
    "weight": 100
  },
  {
    "type": "mapgen",
    "method": "json",
    "om_terrain": "duplex",
    "weight": 100,
    "object": {
      "fill_ter": "t_floor",
      "rows": [
        "....s###############s...",
        "...ss--v---------v--ss..",
        "..pss;     0|0 nP  ;ssp.",
        ".------  K n|      ---|D",
        ".|B         |      |tS|.",
        ".|o         |K     |  |.",
        ".|         o|  ??  --+|.",
        ".|P        o|o        |.",
        ".vk         |o   B    |.",
        ".vk     cccc|-------  |.",
        ".|P        F|O c     P|.",
        ".|  hn     S|c c  h   v.",
        ".|   h      |S c hnh  v.",
        ".|      ccOC|C c  h   |.",
        "T|  --------|C        |.",
        ".|  +    + d|f        |.",
        ".|  |    |--|-------  |.",
        ".|  |   @|S +  @@|:|  |.",
        ".|  |   @|  |  @@|+|  |.",
        ".|- |-+--|  |    |   -|.",
        ".|W |   $|  |    |   W|.",
        ".|Y |SS t|t$|    +   Y|.",
        ".-------v-v------------.",
        ".......................T"
      ],
      "terrain": {
        "#": "t_shrub",
        "$": "t_floor",
        "+": "t_door_c",
        "-": "t_wall",
        ".": "t_grass",
        "0": "t_floor",
        ":": "t_floor",
        ";": "t_door_locked",
        "?": "t_floor",
        "@": "t_floor",
        "B": "t_floor",
        "C": "t_floor",
        "D": "t_grass",
        "p": "t_grass",
        "F": "t_floor",
        "K": "t_floor",
        "O": "t_floor",
        "P": "t_floor",
        "S": "t_floor",
        "T": "t_tree_young",
        "c": "t_floor",
        "d": "t_floor",
        "f": "t_floor",
        "h": "t_floor",
        "k": "t_floor",
        "n": "t_floor",
        "o": "t_floor",
        "s": "t_sidewalk",
        "v": "t_window_domestic",
        "|": "t_wall"
      },
      "furniture": {
        "$": "f_shower",
        ":": "f_rack",
        "0": "f_fireplace",
        "?": "f_sofa",
        "@": "f_bed",
        "B": "f_rack_coat",
        "p": "f_mailbox",
        "C": "f_cupboard",
        "D": "f_trashcan",
        "F": "f_glass_fridge",
        "K": "f_armchair",
        "O": "f_oven",
        "P": "f_indoor_plant",
        "S": "f_sink",
        "W": "f_washer",
        "Y": "f_dryer",
        "c": "f_counter",
        "d": "f_dresser",
        "f": "f_fridge",
        "h": "f_chair",
        "k": "f_desk",
        "n": "f_table",
        "o": "f_bookcase"
      },
      "toilets": { "t": {  } },
      "items": {
        "B": { "item": "coat_rack", "chance": 35, "repeat": [ 1, 4 ] },
        "p": { "item": "mail", "chance": 30, "repeat": [ 2, 5 ] },
        "W": { "item": "laundry", "chance": 50, "repeat": [ 1, 10 ] },
        "Y": { "item": "laundry", "chance": 50, "repeat": [ 1, 10 ] }
      },
      "place_loot": [
        { "group": "bed", "x": [ 15, 16 ], "y": [ 17, 18 ], "chance": 90, "repeat": [ 1, 3 ] },
        { "group": "homebooks", "x": [ 14, 14 ], "y": [ 5, 6 ], "chance": 75, "repeat": [ 1, 2 ] },
        { "group": "bedroom", "x": [ 13, 16 ], "y": [ 17, 21 ], "chance": 80, "repeat": [ 1, 4 ] },
        { "group": "livingroom", "x": [ 13, 18 ], "y": [ 2, 8 ], "chance": 90, "repeat": [ 1, 5 ] },
        { "group": "dresser", "x": [ 18, 18 ], "y": [ 17, 17 ], "chance": 85, "repeat": [ 1, 4 ] },
        { "group": "fridge", "x": [ 13, 13 ], "y": [ 15, 15 ], "chance": 90, "repeat": [ 1, 5 ] },
        { "group": "oven", "x": [ 13, 13 ], "y": [ 10, 10 ], "chance": 75, "repeat": [ 1, 3 ] },
        { "group": "kitchen", "x": [ 13, 21 ], "y": [ 10, 15 ], "chance": 75, "repeat": [ 1, 3 ] },
        { "group": "bed", "x": [ 8, 8 ], "y": [ 17, 18 ], "chance": 90, "repeat": [ 1, 3 ] },
        { "group": "homebooks", "x": [ 11, 11 ], "y": [ 6, 7 ], "chance": 75, "repeat": [ 1, 2 ] },
        { "group": "novels", "x": [ 2, 2 ], "y": [ 5, 5 ], "chance": 85, "repeat": [ 1, 3 ] },
        { "group": "bedroom", "x": [ 5, 8 ], "y": [ 15, 18 ], "chance": 80, "repeat": [ 1, 4 ] },
        { "group": "livingroom", "x": [ 2, 11 ], "y": [ 4, 8 ], "chance": 90, "repeat": [ 1, 5 ] },
        { "group": "office", "x": [ 2, 3 ], "y": [ 7, 10 ], "chance": 75, "repeat": [ 1, 3 ] },
        { "group": "dresser", "x": [ 11, 11 ], "y": [ 15, 15 ], "chance": 85, "repeat": [ 1, 4 ] },
        { "group": "fridge", "x": [ 11, 11 ], "y": [ 10, 10 ], "chance": 90, "repeat": [ 1, 5 ] },
        { "group": "oven", "x": [ 10, 10 ], "y": [ 13, 13 ], "chance": 75, "repeat": [ 1, 3 ] },
        { "group": "kitchen", "x": [ 7, 11 ], "y": [ 10, 13 ], "chance": 75, "repeat": [ 1, 3 ] },
        { "item": "television", "x": [ 15, 15 ], "y": [ 2, 2 ], "chance": 75 },
        { "item": "television", "x": [ 11, 11 ], "y": [ 3, 3 ], "chance": 75 }
      ]
    }
  }
]
