[
  {
    "method": "json",
    "object": {
      "place_item": [
        { "chance": 50, "item": "2x4", "repeat": 1, "x": 3, "y": 7 },
        { "chance": 50, "item": "2x4", "repeat": 1, "x": 3, "y": 8 },
        { "chance": 30, "item": "textbook_carpentry", "repeat": 1, "x": 11, "y": 10 },
        { "chance": 50, "item": "shovel", "repeat": 1, "x": 3, "y": 18 }
      ],
      "furniture": {
        "#": "f_null",
        ".": "f_null",
        "0": "f_null",
        "D": "f_null",
        "W": "f_null",
        "^": "f_null",
        "_": "f_null",
        "c": "f_null",
        "d": "f_null",
        "f": "f_null",
        "g": "f_null",
        "p": "f_null",
        "r": "f_rubble_rock",
        "s": "f_null",
        "w": "f_null",
        "{": "f_dumpster",
        "|": "f_null"
      },
      "place_items": [
        { "chance": 5, "item": "construction_worker", "x": 17, "y": 12 },
        { "chance": 5, "item": "construction_worker", "x": 18, "y": 5 },
        { "chance": 20, "item": "coffee_trash", "x": 5, "y": 9 },
        { "chance": 20, "item": "hardware_bulk", "x": 8, "y": 9 },
        { "chance": 20, "item": "tools_common", "x": 8, "y": 5 },
        { "chance": 15, "item": "tools_lighting_industrial", "x": 8, "y": 4 },
        { "chance": 30, "item": "hardware_trash", "x": 3, "y": 9 },
        { "chance": 20, "item": "pizza_trash", "x": 4, "y": 9 },
        { "chance": 20, "item": "hardware_bulk", "x": 12, "y": 9 },
        { "chance": 30, "item": "hardware_bulk", "x": 7, "y": 6 },
        { "chance": 15, "item": "power_tools", "x": 4, "y": 6 },
        { "chance": 20, "item": "tools_carpentry", "x": 8, "y": 7 },
        { "chance": 10, "item": "hardware_trash", "x": 3, "y": 10 },
        { "chance": 10, "item": "hardware_trash", "x": 4, "y": 10 },
        { "chance": 10, "item": "hardware_trash", "x": 5, "y": 10 },
        { "chance": 10, "item": "hardware_trash", "x": 17, "y": 5 },
        { "chance": 10, "item": "hardware_trash", "x": 1, "y": 2 },
        { "chance": 30, "item": "construction_worker", "x": 10, "y": 10 },
        { "chance": 20, "item": "hardware_bulk", "x": 5, "y": 1 },
        { "chance": 20, "item": "plumbing_bulk", "x": 5, "y": 13 },
        { "chance": 15, "item": "plumbing_bulk", "x": 10, "y": 7 },
        { "chance": 10, "item": "tools_construction", "x": 8, "y": 6 },
        { "chance": 10, "item": "tools_construction", "x": [ 3, 4 ], "y": 5 },
        { "chance": 20, "item": "hardware_bulk", "x": 1, "y": 5 },
        { "chance": 20, "item": "paint", "x": 3, "y": 4 },
        { "chance": 20, "item": "power_tools", "x": 8, "y": 8 }
      ],
      "rows": [
        "...^^^^^^.g._..........g",
        "gr.^^^^^^ssssss...0..._.",
        "...^^^^^^0..#.s.g..#....",
        ".g|dddddd||W||D||WW||_0g",
        ".r|dddddd|fffwf|ffff|#__",
        "._|dddddd|fffwfDffffW.._",
        "..|dddddd|fffDf|ffffW...",
        "..|dddddd|fffwf|ffff|g#.",
        ".#|dddddd|wwwwf||||||.__",
        "0.|dddddd|fffffwffff|0._",
        "_.|d{dddd|fffffwffffW__g",
        ".#||||||D|fffffDffff|._#",
        ".#|fffDffwfffffwffffW.__",
        "..|fffwffDfffffwffff|_0_",
        "g.||||||D||WWW|||WW||.__",
        "......_......g.._._.____",
        "..##.0....#..__._._____g",
        ".####........._.#__0____",
        ".###.._#.0_#_.0.____.c__",
        "..##.00....._..#_0_c..__",
        "._...p0..__#._._________",
        "g.._.0..#_._0#____.0.c__",
        ".0#...#._._0.#_0#_..0___",
        "_...gg__..___._.g_______"
      ],
      "terrain": {
        "#": "t_dirtmound",
        ".": "t_dirt",
        "0": "t_pit_shallow",
        "D": "t_door_frame",
        "W": "t_window_frame",
        "^": "t_railroad_rubble",
        "_": "t_dirt",
        "c": "t_dirtmound",
        "d": "t_dirtfloor",
        "f": "t_floor",
        "g": "t_grass",
        "p": "t_pit",
        "r": "t_dirt",
        "s": "t_sidewalk",
        "w": "t_wall_half",
        "{": "t_dirtfloor",
        "|": "t_wall_wood"
      }
    },
    "om_terrain": "house",
    "type": "mapgen",
    "weight": 80
  },
  {
    "method": "json",
    "object": {
      "place_item": [
        { "chance": 40, "item": "2x4", "repeat": 2, "x": 3, "y": 7 },
        { "chance": 40, "item": "2x4", "repeat": 1, "x": 3, "y": 8 }
      ],
      "furniture": {
        "#": "f_null",
        "&": "f_sink",
        "+": "f_null",
        ".": "f_null",
        "0": "f_null",
        "7": "f_null",
        "C": "f_counter",
        "D": "f_null",
        "T": "f_toilet",
        "_": "f_null",
        "a": "f_cupboard",
        "b": "f_dumpster",
        "c": "f_null",
        "d": "f_null",
        "f": "f_null",
        "g": "f_null",
        "o": "f_oven",
        "p": "f_null",
        "s": "f_null",
        "t": "f_null",
        "w": "f_null",
        "{": "f_fridge",
        "|": "f_null"
      },
      "place_items": [
        { "chance": 30, "item": "construction_worker", "x": 12, "y": 13 },
        { "chance": 30, "item": "construction_worker", "x": 10, "y": 11 },
        { "chance": 35, "item": "hardware", "x": 11, "y": 9 },
        { "chance": 20, "item": "tools_home", "x": 8, "y": 8 },
        { "chance": 35, "item": "hardware_trash", "x": 4, "y": 10 },
        { "chance": 20, "item": "pizza_trash", "x": 4, "y": 9 },
        { "chance": 20, "item": "tools_carpentry", "x": 8, "y": [ 6, 7 ] },
        { "chance": 25, "item": "paint", "x": 18, "y": 9 },
        { "chance": 15, "item": "construction_worker", "x": 3, "y": 6 },
        { "chance": 15, "item": "construction_worker", "x": 4, "y": 5 },
        { "chance": 35, "item": "floor_trash", "x": 3, "y": 10 },
        { "chance": 20, "item": "tools_construction", "x": 3, "y": 4 },
        { "chance": 20, "item": "power_tools", "x": 3, "y": 5 },
        { "chance": 40, "item": "paint", "x": 17, "y": 7 },
        { "chance": 40, "item": "paint", "x": 18, "y": 7 },
        { "chance": 20, "item": "hardware_bulk", "x": 12, "y": 9 },
        { "chance": 20, "item": "hardware_plumbing", "x": 5, "y": 13 }
      ],
      "rows": [
        "...pppppp.g._..g....g..g",
        "g..ppppppssssss..g.g.._.",
        "..gpppppp0....s.g....g..",
        ".g|tttttt||w||D||ww||_.g",
        "..|tttttt|CCC|f|ffff|.__",
        "g_|tttttt|&ff|fdffffw.._",
        "g.|tttttt|offdf|ffffwg..",
        "..|tttttt|a{a|f|ffff|g_.",
        ".#|tttttt|||||f||||||.__",
        "0.|tttttt|fffff|ffff|_._",
        "_.|ttbttt|fffff|ffffw__g",
        ".#||||||+|fffffdffff|g_g",
        ".#|&ffdff|fffff|ffffw.__",
        "..|Tff|ffdfffff|ffff|___",
        "g.||||||+||www|||ww||.__",
        "g....._......g.._._g____",
        "g..#.0....#..__._._____g",
        "..###........._.._______",
        "...#.._..._._._.____cc__",
        ".g.........._..____ccc__",
        "._...7...___._._________",
        "g.._....._._._____000c__",
        "......g._._.._____000___",
        "_g..gg__..___g_gg_______"
      ],
      "terrain": {
        "#": "t_dirtmound",
        "&": "t_floor",
        "+": "t_door_c",
        ".": "t_dirt",
        "0": "t_pit_shallow",
        "7": "t_tree_maple",
        "C": "t_floor",
        "D": "t_door_c_peep",
        "T": "t_floor",
        "_": "t_dirt",
        "a": "t_floor",
        "b": "t_thconc_floor",
        "c": "t_dirtmound",
        "d": "t_door_o",
        "f": "t_floor",
        "g": "t_grass",
        "o": "t_floor",
        "p": "t_pavement",
        "s": "t_sidewalk",
        "t": "t_thconc_floor",
        "w": "t_window",
        "{": "t_floor",
        "|": "t_wall_wood"
      }
    },
    "om_terrain": "house",
    "type": "mapgen",
    "weight": 80
  },
  {
    "method": "json",
    "object": {
      "place_item": [
        { "chance": 30, "item": "2x4", "repeat": 1, "x": 4, "y": 3 },
        { "chance": 30, "item": "2x4", "repeat": 1, "x": 8, "y": 3 },
        { "chance": 30, "item": "2x4", "repeat": 1, "x": 9, "y": 3 },
        { "chance": 30, "item": "2x4", "repeat": 1, "x": 11, "y": 3 },
        { "chance": 30, "item": "2x4", "repeat": 2, "x": 17, "y": 3 },
        { "chance": 30, "item": "glass_sheet", "repeat": 4, "x": 17, "y": 7 },
        { "chance": 30, "item": "glass_sheet", "repeat": 4, "x": 19, "y": 7 },
        { "chance": 30, "item": "glass_sheet", "repeat": 1, "x": 19, "y": 13 },
        { "chance": 30, "item": "glass_sheet", "repeat": 1, "x": 17, "y": 14 },
        { "chance": 30, "item": "glass_sheet", "repeat": 3, "x": 18, "y": 14 },
        { "chance": 30, "item": "glass_sheet", "repeat": 2, "x": 19, "y": 14 },
        { "chance": 30, "item": "manual_carpentry", "repeat": 1, "x": 8, "y": 17 }
      ],
      "furniture": {
        ".": "f_null",
        "0": "f_null",
        "A": "f_mailbox",
        "P": "f_null",
        "_": "f_null",
        "c": "f_null",
        "d": "f_null",
        "g": "f_null",
        "m": "f_null",
        "p": "f_null",
        "s": "f_null",
        "t": "f_null",
        "{": "f_dumpster",
        "|": "f_null"
      },
      "place_items": [
        { "chance": 30, "item": "coffee_trash", "x": 8, "y": 20 },
        { "chance": 35, "item": "building_rubble", "x": 20, "y": 17 },
        { "chance": 20, "item": "tools_common", "x": 4, "y": 20 },
        { "chance": 10, "item": "tools_common", "x": 6, "y": 8 },
        { "chance": 10, "item": "bar_trash", "x": 19, "y": 18 },
        { "chance": 10, "item": "snacks", "x": 7, "y": 20 },
        { "chance": 10, "item": "pizza_trash", "x": 16, "y": 17 },
        { "chance": 20, "item": "power_tools", "x": 11, "y": 21 },
        { "chance": 20, "item": "tools_carpentry", "x": 3, "y": 8 },
        { "chance": 10, "item": "tools_carpentry", "x": 7, "y": 7 },
        { "chance": 10, "item": "trash", "x": 20, "y": 19 },
        { "chance": 10, "item": "trash", "x": 13, "y": 19 },
        { "chance": 10, "item": "trash", "x": 21, "y": 17 },
        { "chance": 10, "item": "trash", "x": 9, "y": 4 },
        { "chance": 20, "item": "hand_tools", "x": 16, "y": 4 },
        { "chance": 20, "item": "hardware_trash", "x": 20, "y": 18 },
        { "chance": 10, "item": "hardware_trash", "x": 7, "y": 9 },
        { "chance": 35, "item": "floor_trash", "x": 19, "y": 17 },
        { "chance": 25, "item": "hardware_bulk", "x": 13, "y": 20 },
        { "chance": 25, "item": "hardware_bulk", "x": 14, "y": 21 },
        { "chance": 15, "item": "hardware_bulk", "x": 6, "y": 19 },
        { "chance": 15, "item": "hardware_bulk", "x": 13, "y": 17 },
        { "chance": 15, "item": "hardware_bulk", "x": 10, "y": 4 },
        { "chance": 15, "item": "hardware_bulk", "x": 11, "y": 4 },
        { "chance": 10, "item": "beer_selection", "x": 19, "y": 21 },
        { "chance": 25, "item": "plumbing_bulk", "x": 12, "y": 15 },
        { "chance": 15, "item": "plumbing_bulk", "x": 14, "y": 15 },
        { "chance": 15, "item": "plumbing_bulk", "x": 8, "y": 7 },
        { "chance": 20, "item": "hand_tools", "x": 11, "y": 19 },
        { "chance": 10, "item": "hand_tools", "x": 3, "y": 9 },
        { "chance": 20, "item": "tools_construction", "x": 12, "y": 21 },
        { "chance": 10, "item": "tools_construction", "x": [ 11, 12 ], "y": 17 }
      ],
      "rows": [
        "...gc.c.c...psp.c......g",
        "gc.......c.APsp.....g.c.",
        "...p.p..cppcPsp.p..pcp..",
        "...........cpsPc..c...c.",
        "...c..c..c..psp.c...g...",
        "gc.....c.g..sss.........",
        "..||00||00||0m0||000||.c",
        "..|________|___|_____|.g",
        ".c|________|___|_____0..",
        "..|________|___|_____0.c",
        "c.||dwwwwd||___d_____|g.",
        "gc|____________|wwwww|..",
        ".c0____________d_____|c.",
        "..0_______wwwww|_____0cg",
        "g.0_______d____|_____0..",
        "..|_______w____|_____|c.",
        "g.|ww___ww|||||||000||..",
        "..|_______|tttt.p.c.....",
        ".c0_______dtttt.....{c..",
        ".g0_______|tttt.........",
        "..|_______|tttt..c...gc.",
        "g.|||000|||tttt....p...g",
        "....c..g..c..c..c..cc.c.",
        "cgc.......gc.......g..g."
      ],
      "terrain": {
        ".": "t_dirt",
        "0": "t_window_frame",
        "A": "t_dirt",
        "P": "t_pit",
        "_": "t_floor",
        "c": "t_dirt",
        "d": "t_door_frame",
        "g": "t_grass",
        "m": "t_mdoor_frame",
        "p": "t_pit_shallow",
        "s": "t_sidewalk",
        "w": "t_wall_half",
        "t": "t_thconc_floor",
        "{": "t_dirt",
        "|": "t_wall_wood"
      }
    },
    "om_terrain": "house",
    "type": "mapgen",
    "weight": 80
  },
  {
    "method": "json",
    "object": {
      "place_item": [
        { "chance": 50, "item": "2x4", "repeat": 1, "x": 9, "y": 19 },
        { "chance": 30, "item": "101_carpentry", "repeat": 1, "x": 9, "y": 17 },
        { "chance": 50, "item": "2x4", "repeat": 4, "x": 9, "y": 20 }
      ],
      "furniture": {
        "#": "f_cupboard",
        "&": "f_sink",
        "+": "f_null",
        "-": "f_null",
        ".": "f_null",
        "C": "f_counter",
        "D": "f_null",
        "P": "f_mailbox",
        "T": "f_toilet",
        "W": "f_null",
        "_": "f_null",
        "a": "f_dumpster",
        "b": "f_bluebell",
        "c": "f_null",
        "d": "f_null",
        "f": "f_dahlia",
        "g": "f_null",
        "o": "f_oven",
        "s": "f_null",
        "t": "f_null",
        "w": "f_null",
        "{": "f_fridge",
        "|": "f_null"
      },
      "place_items": [
        { "chance": 40, "item": "coffee_trash", "x": 19, "y": 17 },
        { "chance": 20, "item": "tools_common", "x": 8, "y": 14 },
        { "chance": 25, "item": "hardware_trash", "x": 20, "y": 17 },
        { "chance": 15, "item": "hardware_trash", "x": 16, "y": 22 },
        { "chance": 20, "item": "pizza_trash", "x": 21, "y": 18 },
        { "chance": 30, "item": "paint", "x": 3, "y": 18 },
        { "chance": 30, "item": "paint", "x": 3, "y": 19 },
        { "chance": 20, "item": "paint", "x": 3, "y": 20 },
        { "chance": 20, "item": "paint", "x": 4, "y": 19 },
        { "chance": 10, "item": "power_tools", "x": 12, "y": 17 },
        { "chance": 15, "item": "tools_carpentry", "x": 16, "y": 17 },
        { "chance": 10, "item": "hardware_trash", "x": 19, "y": 21 },
        { "chance": 10, "item": "hardware_trash", "x": 15, "y": 21 },
        { "chance": 15, "item": "bar_trash", "x": 20, "y": 18 },
        { "chance": 10, "item": "plumbing_bulk", "x": 9, "y": 15 },
        { "chance": 20, "item": "hardware_trash", "x": 22, "y": 18 },
        { "chance": 25, "item": "floor_trash", "x": 19, "y": 18 },
        { "chance": 15, "item": "hardware_bulk", "x": 11, "y": 17 },
        { "chance": 20, "item": "hand_tools", "x": 8, "y": 15 },
        { "chance": 20, "item": "tools_construction", "x": 11, "y": 20 },
        { "chance": 10, "item": "tools_construction", "x": [ 13, 15 ], "y": 17 },
        { "chance": 25, "item": "hardware", "x": 11, "y": 19 },
        { "chance": 20, "item": "hardware_plumbing", "x": 11, "y": 15 }
      ],
      "rows": [
        "...gc.c.cg.gfsfgc.g...gg",
        "g.....g..c.Pbsb..g..g.c.",
        "..----------fsf-------.g",
        ".g.c..g...gcbsbc.....gc.",
        "...cg....c..fsfgc.g.g...",
        "gc.....c.g.gsss........g",
        "g.||ww||ww||W+W||www||.c",
        "..|#CC{o&C#|___|_____|.g",
        "gc|#______#|___|_____wg.",
        ".g|#______#|___|_____w.c",
        "c.||d||||d||___d_____|gg",
        "gc|____________|||||||.g",
        ".gw____________d_____|c.",
        "..w_______||||||_____w.g",
        "g.w_______d____|_____w..",
        ".g|_______|_&_T|_____|cg",
        "g.|||___|||||||||www||g.",
        "..|_______|tttt.c.c.....",
        "gcw_______Dttttg....ac..",
        "ggw_______|tttt..g.g...g",
        "..|_______|tttt..c...gc.",
        "g.|||www|||tttt........g",
        "..g.c..g.....c.gc..cg.c.",
        "cgc.gg.g.ggc....g..g..g."
      ],
      "terrain": {
        "#": "t_floor",
        "&": "t_floor",
        "+": "t_door_metal_c_peep",
        "-": "t_fence_v",
        ".": "t_dirt",
        "C": "t_floor",
        "D": "t_door_c",
        "P": "t_grass",
        "T": "t_floor",
        "W": "t_wall_glass_alarm",
        "_": "t_floor",
        "a": "t_dirt",
        "b": "t_shrub",
        "c": "t_grass",
        "d": "t_door_o",
        "f": "t_shrub",
        "g": "t_grass",
        "o": "t_floor",
        "s": "t_sidewalk",
        "t": "t_thconc_floor",
        "w": "t_window",
        "{": "t_floor",
        "|": "t_wall_wood"
      }
    },
    "om_terrain": "house",
    "type": "mapgen",
    "weight": 80
  },
  {
    "method": "json",
    "object": {
      "place_item": [
        { "chance": 50, "item": "2x4", "repeat": 1, "x": 17, "y": 8 },
        { "chance": 50, "item": "2x4", "repeat": 3, "x": 18, "y": 8 },
        { "chance": 50, "item": "2x4", "repeat": 1, "x": 19, "y": 8 },
        { "chance": 50, "item": "2x4", "repeat": 1, "x": 20, "y": 8 }
      ],
      "furniture": {
        "#": "f_null",
        "-": "f_null",
        ".": "f_null",
        "0": "f_null",
        "D": "f_dumpster",
        "P": "f_mailbox",
        "_": "f_null",
        "b": "f_null",
        "c": "f_null",
        "d": "f_null",
        "g": "f_null",
        "m": "f_null",
        "p": "f_null",
        "s": "f_null",
        "{": "f_dumpster",
        "|": "f_null"
      },
      "place_items": [
        { "chance": 30, "item": "floor_trash", "x": 6, "y": 2 },
        { "chance": 10, "item": "tools_common", "x": 5, "y": 11 },
        { "chance": 10, "item": "tools_common", "x": 12, "y": 10 },
        { "chance": 10, "item": "tools_common", "x": 10, "y": 6 },
        { "chance": 10, "item": "bar_trash", "x": 5, "y": 2 },
        { "chance": 15, "item": "tools_lighting_industrial", "x": 5, "y": 8 },
        { "chance": 20, "item": "pizza_trash", "x": 10, "y": 10 },
        { "chance": 15, "item": "misc_smoking", "x": 5, "y": 3 },
        { "chance": 10, "item": "tools_carpentry", "x": [ 9, 10 ], "y": 4 },
        { "chance": 20, "item": "hardware_trash", "x": 9, "y": 16 },
        { "chance": 20, "item": "hardware_trash", "x": 7, "y": 7 },
        { "chance": 10, "item": "hand_tools", "x": 3, "y": 10 },
        { "chance": 15, "item": "power_tools", "x": 8, "y": 4 },
        { "chance": 10, "item": "coffee_trash", "x": 14, "y": 4 },
        { "chance": 15, "item": "stoner", "x": 6, "y": 3 },
        { "chance": 20, "item": "hardware_trash", "x": 7, "y": 2 },
        { "chance": 15, "item": "hardware_trash", "x": 6, "y": 1 },
        { "chance": 15, "item": "hardware_bulk", "x": 18, "y": 6 },
        { "chance": 15, "item": "hardware_bulk", "x": 13, "y": 6 },
        { "chance": 15, "item": "hardware_bulk", "x": 14, "y": 6 },
        { "chance": 15, "item": "hardware_bulk", "x": 9, "y": 1 },
        { "chance": 15, "item": "hardware_bulk", "x": 9, "y": 2 },
        { "chance": 25, "item": "hardware_bulk", "x": 10, "y": 1 },
        { "chance": 15, "item": "hardware_bulk", "x": 10, "y": 2 },
        { "chance": 25, "item": "plumbing_bulk", "x": 17, "y": 11 },
        { "chance": 15, "item": "plumbing_bulk", "x": [ 17, 18 ], "y": 10 },
        { "chance": 15, "item": "book_military", "x": [ 6, 7 ], "y": 11 },
        { "chance": 15, "item": "hardware_bulk", "x": 3, "y": 11 },
        { "chance": 10, "item": "tools_construction", "x": 10, "y": 7 },
        { "chance": 10, "item": "tools_construction", "x": 9, "y": 6 },
        { "chance": 15, "item": "hardware", "x": 4, "y": 11 }
      ],
      "rows": [
        "...gc.c.c...s...c......g",
        "gg..........sP.g....g.cg",
        ".gg.p{D..g..s.....g...g.",
        "g..g.p.....cs.g..g...gcg",
        ".g..g.c.gssssss.....g.gg",
        "gc||000|||0|m||||000||..",
        "g.|_____#______#_____|gc",
        ".g|_____#______d_____0.g",
        "gg0____________#_____|.g",
        "g.0____________######|.c",
        "c.|_____#______d_____|gg",
        "gc|_____#_####_#_____|..",
        ".c|------______------|gg",
        "g.|_____d______d_____|cg",
        "gg0_____-______-_____0.g",
        "..0_____|||dd|b|_____0cg",
        "g.|_____b....g.b_____|..",
        "..||000bb.g....||000||.g",
        "gg....g......g.......g.g",
        "gg........g.g...g.g...gg",
        ".gg.g.g..gg......c...gc.",
        "gggg.g.....g...gg.g....g",
        "gg.gc.gg..g..g.gcg.gcgg.",
        "cgggggg.g.gg.gg.g.ggg.gg"
      ],
      "terrain": {
        "#": "t_wall_half",
        "-": "t_wall_wood",
        ".": "t_dirt",
        "0": "t_window_frame",
        "D": "t_grass",
        "P": "t_dirt",
        "_": "t_floor",
        "b": "t_brick_wall_halfway",
        "c": "t_grass",
        "d": "t_door_frame",
        "g": "t_grass",
        "m": "t_mdoor_frame",
        "p": "t_pit_shallow",
        "s": "t_sidewalk",
        "{": "t_dirt",
        "|": "t_brick_wall"
      }
    },
    "om_terrain": "house",
    "type": "mapgen",
    "weight": 80
  },
  {
    "method": "json",
    "object": {
      "place_item": [ { "chance": 20, "item": "mag_carpentry", "repeat": 1, "x": 5, "y": 3 } ],
      "furniture": {
        "#": "f_counter",
        "&": "f_sink",
        "+": "f_null",
        "-": "f_null",
        ".": "f_null",
        "0": "f_null",
        "C": "f_cupboard",
        "D": "f_null",
        "F": "f_fridge",
        "P": "f_mailbox",
        "S": "f_shower",
        "^": "f_rubble",
        "_": "f_null",
        "a": "f_dumpster",
        "b": "f_null",
        "c": "f_null",
        "d": "f_null",
        "f": "f_fireplace",
        "o": "f_oven",
        "s": "f_null",
        "t": "f_toilet",
        "w": "f_null",
        "{": "f_dumpster",
        "|": "f_null"
      },
      "place_items": [
        { "chance": 10, "item": "power_tools", "x": 14, "y": 6 },
        { "chance": 40, "item": "clothing_work_boots", "x": 5, "y": 2 },
        { "chance": 35, "item": "pizza_trash", "x": 16, "y": 16 },
        { "chance": 20, "item": "tools_construction", "x": 17, "y": 8 },
        { "chance": 10, "item": "tools_construction", "x": [ 9, 10 ], "y": 7 },
        { "chance": 10, "item": "tools_construction", "x": [ 8, 9 ], "y": 4 },
        { "chance": 25, "item": "floor_trash", "x": 9, "y": 2 },
        { "chance": 30, "item": "floor_trash", "x": 5, "y": 1 },
        { "chance": 10, "item": "hand_tools", "x": 7, "y": 15 },
        { "chance": 10, "item": "hand_tools", "x": 11, "y": 6 },
        { "chance": 10, "item": "construction_worker", "x": 9, "y": 14 },
        { "chance": 10, "item": "construction_worker", "x": 13, "y": 12 },
        { "chance": 10, "item": "construction_worker", "x": 10, "y": 10 },
        { "chance": 10, "item": "construction_worker", "x": 10, "y": 3 },
        { "chance": 69, "item": "stoner", "x": 16, "y": 15 },
        { "chance": 30, "item": "hardware", "x": 3, "y": 10 },
        { "chance": 30, "item": "hardware", "x": 13, "y": 4 },
        { "chance": 10, "item": "tools_common", "x": 7, "y": 11 },
        { "chance": 10, "item": "tools_common", "x": [ 9, 10 ], "y": 6 },
        { "chance": 20, "item": "tools_common", "x": 9, "y": 3 },
        { "chance": 25, "item": "hardware_bulk", "x": 14, "y": 3 },
        { "chance": 25, "item": "hardware_bulk", "x": 15, "y": 3 },
        { "chance": 25, "item": "hardware_bulk", "x": 15, "y": 4 },
        { "chance": 25, "item": "hardware_trash", "x": 6, "y": 2 },
        { "chance": 25, "item": "hardware_trash", "x": 4, "y": 2 },
        { "chance": 10, "item": "coffee_shop", "x": 6, "y": 10 },
        { "chance": 10, "item": "snacks", "x": 16, "y": 14 },
        { "chance": 10, "item": "tools_lighting", "x": 8, "y": 3 },
        { "chance": 25, "item": "trash", "x": 10, "y": 14 },
        { "chance": 25, "item": "trash", "x": 13, "y": 8 },
        { "chance": 15, "item": "trash", "x": 19, "y": 6 },
        { "chance": 10, "item": "construction_worker", "x": 17, "y": 13 },
        { "chance": 35, "item": "magazines", "x": 17, "y": 14 },
        { "chance": 50, "item": "clothing_work_gloves", "x": 16, "y": 8 },
        { "chance": 20, "item": "tools_carpentry", "x": 10, "y": 4 },
        { "chance": 10, "item": "paint", "x": 20, "y": 15 },
        { "chance": 20, "item": "paint", "x": 4, "y": 15 },
        { "chance": 10, "item": "paint", "x": 6, "y": 13 },
        { "chance": 20, "item": "paint", "x": 4, "y": 13 },
        { "chance": 15, "item": "paint", "x": 20, "y": 16 },
        { "chance": 15, "item": "paint", "x": 5, "y": 15 },
        { "chance": 15, "item": "paint", "x": 5, "y": 13 },
        { "chance": 10, "item": "trash", "x": 4, "y": 6 },
        { "chance": 10, "item": "trash", "x": 4, "y": 3 },
        { "chance": 20, "item": "trash", "x": 1, "y": 3 }
      ],
      "place_toilets": [ { "x": 20, "y": 11 } ],
      "rows": [
        "d.d.cdcdcd.ds.Pdcd..d.d.",
        "..d.^^.dd.d.s.....dd.dc.",
        "d..d0{a...dds..d.....d.d",
        ".d..d0.ddd.cs.........c.",
        "d.dd.dcd.s.ssss.d.dd.d..",
        ".c||www|||w|b||||www||dd",
        ".d|C#&&C-______-_____|.c",
        "d.|F____-______D_____w..",
        "..wo_##________-_____|..",
        ".dw#_##________------|dc",
        "cd|C_##_-__ff__D____S|..",
        ".c|C____-_----_-#&#_t|dd",
        "dc|------______------|..",
        ".d|_____D______D_____|..",
        "..w_____-______-_____w..",
        "ddw_____|||++|||_____wc.",
        ".d|_____|.ddd.d|_____|dd",
        "dd||www||d..dd.||www||d.",
        "..ddd...d..dd.dd.dd.d.d.",
        "..d.ddd......d.d....dd..",
        "d..d.d.d....dd..dcdd...d",
        "....d..d.dd.d....d.d....",
        "..d..d..d..dd.d.c...c...",
        "c......d.d.....d.....d.."
      ],
      "terrain": {
        "#": "t_floor",
        "&": "t_floor",
        "+": "t_reinforced_door_glass_c",
        "-": "t_wall_wood",
        ".": "t_grass",
        "0": "t_pit_shallow",
        "C": "t_floor",
        "D": "t_door_o",
        "F": "t_floor",
        "P": "t_grass",
        "S": "t_floor",
        "^": "t_grass",
        "_": "t_floor",
        "a": "t_grass",
        "b": "t_door_metal_pickable",
        "c": "t_grass",
        "d": "t_dirt",
        "f": "t_floor",
        "o": "t_floor",
        "s": "t_sidewalk",
        "t": "t_floor",
        "w": "t_window",
        "{": "t_dirt",
        "|": "t_brick_wall"
      }
    },
    "om_terrain": "house",
    "type": "mapgen",
    "weight": 80
  },
  {
    "method": "json",
    "object": {
      "place_item": [
        { "chance": 30, "item": "2x4", "repeat": 3, "x": 21, "y": 4 },
        { "chance": 30, "item": "glass_sheet", "repeat": 2, "x": 19, "y": 5 },
        { "chance": 30, "item": "2x4", "repeat": 6, "x": 21, "y": 5 },
        { "chance": 30, "item": "manual_carpentry", "repeat": 1, "x": 8, "y": 6 },
        { "chance": 30, "item": "glass_sheet", "repeat": 1, "x": 19, "y": 6 },
        { "chance": 30, "item": "2x4", "repeat": 3, "x": 21, "y": 6 },
        { "chance": 30, "item": "2x4", "repeat": 1, "x": 17, "y": 8 },
        { "chance": 30, "item": "glass_sheet", "repeat": 1, "x": 10, "y": 13 },
        { "chance": 30, "item": "2x4", "repeat": 2, "x": 16, "y": 13 },
        { "chance": 30, "item": "2x4", "repeat": 6, "x": 17, "y": 13 },
        { "chance": 30, "item": "2x4", "repeat": 3, "x": 18, "y": 13 },
        { "chance": 30, "item": "glass_sheet", "repeat": 1, "x": 10, "y": 14 },
        { "chance": 30, "item": "2x4", "repeat": 1, "x": 13, "y": 14 },
        { "chance": 60, "item": "bucket", "repeat": 1, "x": 3, "y": 15 },
        { "chance": 30, "item": "nailboard", "repeat": 1, "x": 17, "y": 18 },
        { "chance": 30, "item": "2x4", "repeat": 2, "x": 16, "y": 19 },
        { "chance": 30, "item": "2x4", "repeat": 1, "x": 18, "y": 20 },
        { "chance": 30, "item": "2x4", "repeat": 1, "x": 19, "y": 20 },
        { "chance": 30, "item": "2x4", "repeat": 3, "x": 20, "y": 20 }
      ],
      "furniture": {
        "#": "f_null",
        ".": "f_null",
        "0": "f_null",
        "A": "f_mailbox",
        "P": "f_null",
        "^": "f_rubble",
        "_": "f_null",
        "c": "f_null",
        "d": "f_null",
        "g": "f_null",
        "m": "f_null",
        "p": "f_null",
        "s": "f_null",
        "t": "f_null",
        "{": "f_dumpster",
        "|": "f_null"
      },
      "place_items": [
        { "chance": 10, "item": "hardware_bulk", "x": 5, "y": 18 },
        { "chance": 10, "item": "hardware_bulk", "x": 5, "y": 19 },
        { "chance": 10, "item": "hardware_bulk", "x": 19, "y": 10 },
        { "chance": 10, "item": "hardware_bulk", "x": 13, "y": 10 },
        { "chance": 10, "item": "power_tools", "x": 3, "y": 5 },
        { "chance": 30, "item": "construction_worker", "x": 15, "y": 15 },
        { "chance": 20, "item": "construction_worker", "x": 7, "y": 11 },
        { "chance": 20, "item": "construction_worker", "x": 8, "y": 11 },
        { "chance": 20, "item": "magazines", "x": 4, "y": 14 },
        { "chance": 15, "item": "tools_construction", "x": 4, "y": 9 },
        { "chance": 15, "item": "tools_construction", "x": 3, "y": 7 },
        { "chance": 10, "item": "plumbing_bulk", "x": 23, "y": 12 },
        { "chance": 30, "item": "hardware_plumbing", "x": 3, "y": 10 },
        { "chance": 10, "item": "hardware_plumbing", "x": 16, "y": 8 },
        { "chance": 10, "item": "tools_common", "x": 3, "y": 13 },
        { "chance": 15, "item": "tools_common", "x": 10, "y": 9 },
        { "chance": 15, "item": "book_martial", "x": 8, "y": 8 },
        { "chance": 10, "item": "hardware_plumbing", "x": 10, "y": 8 },
        { "chance": 40, "item": "pizza_trash", "x": 3, "y": 14 },
        { "chance": 20, "item": "floor_trash", "x": 8, "y": 1 },
        { "chance": 20, "item": "floor_trash", "x": 4, "y": 1 },
        { "chance": 35, "item": "hardware_trash", "x": 7, "y": 2 },
        { "chance": 25, "item": "hardware_trash", "x": 4, "y": 2 },
        { "chance": 25, "item": "hardware_trash", "x": 3, "y": 1 },
        { "chance": 30, "item": "coffee_trash", "x": 7, "y": 3 },
        { "chance": 55, "item": "trash", "x": 3, "y": 2 },
        { "chance": 15, "item": "hardware_bulk", "x": 1, "y": 22 },
        { "chance": 15, "item": "hardware_bulk", "x": 2, "y": 22 },
        { "chance": 15, "item": "hardware_bulk", "x": 22, "y": 16 },
        { "chance": 25, "item": "hardware_bulk", "x": 22, "y": 19 },
        { "chance": 25, "item": "hardware_bulk", "x": 1, "y": 9 },
        { "chance": 25, "item": "hardware_bulk", "x": 1, "y": 11 },
        { "chance": 25, "item": "hardware_bulk", "x": 1, "y": 14 },
        { "chance": 25, "item": "hardware_bulk", "x": 21, "y": 8 },
        { "chance": 15, "item": "hardware_bulk", "x": 19, "y": 3 },
        { "chance": 15, "item": "hardware_bulk", "x": 20, "y": 3 },
        { "chance": 10, "item": "snacks", "x": 5, "y": 13 },
        { "chance": 20, "item": "plumbing_bulk", "x": 18, "y": 11 },
        { "chance": 20, "item": "plumbing_bulk", "x": 17, "y": 10 },
        { "chance": 10, "item": "plumbing_bulk", "x": 18, "y": 10 },
        { "chance": 20, "item": "tools_carpentry", "x": 3, "y": [ 8, 9 ] },
        { "chance": 25, "item": "trash", "x": 1, "y": 5 },
        { "chance": 25, "item": "trash", "x": 10, "y": 3 },
        { "chance": 25, "item": "trash", "x": 2, "y": 2 },
        { "chance": 10, "item": "hand_tools", "x": 4, "y": 11 },
        { "chance": 10, "item": "hand_tools", "x": 4, "y": 8 },
        { "chance": 40, "item": "clothing_work_hat", "x": 18, "y": 14 },
        { "chance": 15, "item": "book_school", "x": 4, "y": 13 },
        { "chance": 20, "item": "tools_lighting_industrial", "x": 11, "y": 7 },
        { "chance": 10, "item": "manuals", "x": 17, "y": 14 },
        { "chance": 15, "item": "manuals", "x": 5, "y": 14 },
        { "chance": 10, "item": "manuals", "x": 5, "y": 9 },
        { "chance": 10, "item": "manuals", "x": 12, "y": 5 },
        { "chance": 15, "item": "hardware_bulk", "x": 2, "y": 18 },
        { "chance": 15, "item": "hardware_bulk", "x": 2, "y": 19 },
        { "chance": 15, "item": "hardware_bulk", "x": 3, "y": 18 },
        { "chance": 15, "item": "hardware_bulk", "x": 7, "y": 13 },
        { "chance": 15, "item": "hardware_bulk", "x": 8, "y": 13 },
        { "chance": 15, "item": "hardware_bulk", "x": 8, "y": 14 },
        { "chance": 35, "item": "clothing_work_gloves", "x": 4, "y": 15 },
        { "chance": 15, "item": "trash", "x": 7, "y": 20 },
        { "chance": 15, "item": "trash", "x": 21, "y": 19 },
        { "chance": 15, "item": "trash", "x": 16, "y": 18 },
        { "chance": 15, "item": "trash", "x": 17, "y": 6 },
        { "chance": 20, "item": "hardware", "x": 10, "y": 11 },
        { "chance": 10, "item": "hardware", "x": 10, "y": 7 },
        { "chance": 10, "item": "hardware", "x": 10, "y": 5 },
        { "chance": 10, "item": "hardware", "x": 10, "y": 6 }
      ],
      "rows": [
        ".g.pppppp.Acg...cg...cg.",
        "g..pppp^^ssssss..gc.g..g",
        "gg.{{pp^^.c..ss..c..gc.g",
        "...pppppp..c.ssg........",
        "g.|tttttt||00|m||00||.gg",
        "..|tttttt|__________|...",
        "g.|tttttt|__________|ssg",
        "gg|tttttt|____#_____mss.",
        "..|tttttt|____#_____|ssc",
        "g.|tttttt|____#_####|ssg",
        "gc|ttttttm____#_#___|ssg",
        "g.|tttttt|______d___|ssg",
        "g.||||d|||###d#d####|ssg",
        "cg|tttttt|____#_____|ssg",
        "gc|tttttt|____#_____|ssg",
        "g.|tttttt|____#_____|ss.",
        "g.||||d||||00|||000||ssg",
        "gP.gPssssssssssssssssssc",
        "ggPgPsssssssssssssssssgg",
        "g..ggc....g....g....gg.g",
        "gg.g........gg..c..cg.c.",
        "g.ggc.cg..c.gggc..g.gcgg",
        "gc...........c..c..c.gc.",
        "gg.g.g..g..gcg.gc.g...cg"
      ],
      "terrain": {
        "#": "t_wall_half",
        ".": "t_dirt",
        "0": "t_window_frame",
        "A": "t_grass",
        "P": "t_palisade_gate_o",
        "^": "t_pavement",
        "_": "t_floor",
        "c": "t_grass",
        "d": "t_door_frame",
        "g": "t_grass",
        "m": "t_mdoor_frame",
        "p": "t_pavement",
        "s": "t_sidewalk",
        "t": "t_thconc_floor",
        "{": "t_pavement",
        "|": "t_wall_wood"
      }
    },
    "om_terrain": "house",
    "type": "mapgen",
    "weight": 80
  },
  {
    "method": "json",
    "object": {
      "place_item": [ { "chance": 60, "item": "bucket", "repeat": 1, "x": 3, "y": 13 } ],
      "furniture": {
        "#": "f_counter",
        "&": "f_sink",
        "+": "f_null",
        "-": "f_null",
        ".": "f_null",
        "A": "f_mailbox",
        "C": "f_null",
        "D": "f_null",
        "F": "f_flower_marloss",
        "H": "f_ladder",
        "P": "f_null",
        "T": "f_toilet",
        "X": "f_crate_c",
        "_": "f_null",
        "a": "f_cupboard",
        "b": "f_null",
        "c": "f_null",
        "d": "f_null",
        "e": "f_null",
        "f": "f_dahlia",
        "g": "f_fridge",
        "o": "f_oven",
        "p": "f_null",
        "s": "f_null",
        "t": "f_null",
        "w": "f_null",
        "{": "f_dumpster",
        "|": "f_null"
      },
      "place_items": [
        { "chance": 80, "item": "crate_parts", "x": 3, "y": 8 },
        { "chance": 20, "item": "shoes", "x": 8, "y": 7 },
        { "chance": 80, "item": "crate_kitchen", "x": 3, "y": 9 },
        { "chance": 80, "item": "crate_kitchen", "x": 3, "y": 10 },
        { "chance": 80, "item": "crate_kitchen", "x": 12, "y": 5 },
        { "chance": 20, "item": "livingroom", "x": 4, "y": 10 },
        { "chance": 10, "item": "dresses", "x": 8, "y": 6 },
        { "chance": 10, "item": "tools_common", "x": 3, "y": 14 },
        { "chance": 10, "item": "tools_common", "x": 8, "y": 5 },
        { "chance": 10, "item": "hardware_trash", "x": 7, "y": 1 },
        { "chance": 80, "item": "crate_sports", "x": 3, "y": 11 },
        { "chance": 30, "item": "cannedfood", "x": 10, "y": 5 },
        { "chance": 30, "item": "cannedfood", "x": 10, "y": 6 },
        { "chance": 80, "item": "crate_cleaning", "x": 17, "y": 7 },
        { "chance": 80, "item": "crate_cleaning", "x": 5, "y": 7 },
        { "chance": 35, "item": "bags", "x": 6, "y": 6 },
        { "chance": 5, "item": "crate_creepy", "x": 1, "y": 13 },
        { "chance": 5, "item": "crate_creepy", "x": 1, "y": 14 },
        { "chance": 10, "item": "hardware_bulk", "x": 4, "y": 1 },
        { "chance": 10, "item": "hardware_bulk", "x": 4, "y": 2 },
        { "chance": 10, "item": "floor_trash", "x": 8, "y": 2 },
        { "chance": 10, "item": "floor_trash", "x": 6, "y": 1 },
        { "chance": 10, "item": "floor_trash", "x": 8, "y": 0 },
        { "chance": 70, "item": "crate_clothes", "x": 15, "y": 14 },
        { "chance": 70, "item": "crate_clothes", "x": 11, "y": 14 },
        { "chance": 40, "item": "dining", "x": 5, "y": 10 },
        { "chance": 40, "item": "suits", "x": 8, "y": 8 },
        { "chance": 35, "item": "novels", "x": 6, "y": 11 },
        { "chance": 25, "item": "clothing_work_boots", "x": 7, "y": 2 },
        { "chance": 10, "item": "hand_tools", "x": 8, "y": 13 },
        { "chance": 10, "item": "hand_tools", "x": 4, "y": 13 },
        { "chance": 50, "item": "crate_toys", "x": 10, "y": 13 },
        { "chance": 40, "item": "crate_toys", "x": 6, "y": 8 },
        { "chance": 70, "item": "crate_linens", "x": 12, "y": 14 },
        { "chance": 70, "item": "crate_linens", "x": 18, "y": 13 },
        { "chance": 80, "item": "crate_linens", "x": 5, "y": 8 },
        { "chance": 40, "item": "camping", "x": 3, "y": 7 },
        { "chance": 30, "item": "homebooks", "x": 6, "y": 10 },
        { "chance": 50, "item": "bedroom", "x": 4, "y": 11 },
        { "chance": 25, "item": "book_school", "x": 5, "y": 15 },
        { "chance": 40, "item": "bags_trip", "x": 5, "y": 6 },
        { "chance": 50, "item": "bags_trip", "x": 3, "y": 6 },
        { "chance": 30, "item": "dresser", "x": 5, "y": 11 }
      ],
      "place_toilets": [ { "x": 19, "y": 10 } ],
      "rows": [
        "d.dppppppddA.dddC.dddC.d",
        "..dpppp{psss...d...d.dd.",
        "...pppp{pd.ddssd...d.Cd.",
        "dd.ppppppd.Cdss..dddd..d",
        "..|tttttt||ww|e||ww||d..",
        "dd|tttttt|#_____X_X_|---",
        "..|tXXttt|#______X__wcc-",
        "d.|ttXttt|&__g|_____+cc-",
        ".d|ttXttt|&__o|_____|cc-",
        "..|tttttX|#__a|_|||||cc-",
        ".C|tttttt+____|_|&#T|cc-",
        ".d|tttttH|aaa___D___|cc-",
        "--||||b||||||D|D|||||cc-",
        "-d|tttttt|_XX_|_____|cc-",
        "-C|tttttt|X__X|_____|cc-",
        "-d|tttttt|____|_____|cc-",
        "-d||||b||||ww|||www||cc-",
        "-Pd.Psccccccccccccccccc-",
        "-...Pcccccccccccccccccc-",
        "-.d..Cdddd.dddd.dd.....-",
        "-...dfF.FfdffdfFdFfd.d.-",
        "-d..CFf.fFdffdFfdfFd...-",
        "-C......d..dd..........-",
        "------------------------"
      ],
      "terrain": {
        "#": "t_floor",
        "&": "t_floor",
        "+": "t_door_metal_pickable",
        "-": "t_fence_v",
        ".": "t_grass",
        "A": "t_grass",
        "C": "t_grass",
        "D": "t_door_o",
        "F": "t_shrub",
        "H": "t_thconc_floor",
        "P": "t_palisade_gate_o",
        "T": "t_floor",
        "X": "t_floor",
        "_": "t_floor",
        "a": "t_floor",
        "b": "t_door_c",
        "c": "t_concrete",
        "d": "t_dirt",
        "e": "t_door_metal_c_peep",
        "f": "t_shrub",
        "g": "t_floor",
        "o": "t_floor",
        "p": "t_pavement",
        "s": "t_sidewalk",
        "t": "t_thconc_floor",
        "w": "t_window",
        "{": "t_pavement",
        "|": "t_wall_wood"
      }
    },
    "om_terrain": "house",
    "type": "mapgen",
    "weight": 80
  },
  {
    "method": "json",
    "object": {
      "place_item": [
        { "chance": 20, "item": "toolbox", "x": 14, "y": 10 },
        { "chance": 30, "item": "glass_sheet", "x": 5, "y": 18 },
        { "chance": 30, "item": "glass_sheet", "x": 6, "y": 18 },
        { "chance": 30, "item": "101_carpentry", "x": 8, "y": 7 },
        { "chance": 30, "item": "glass_sheet", "x": 7, "y": 18 },
        { "chance": 30, "item": "glass_sheet", "x": 5, "y": 19 },
        { "chance": 30, "item": "glass_sheet", "x": 6, "y": 19 },
        { "chance": 30, "item": "glass_sheet", "x": 7, "y": 19 }
      ],
      "furniture": {
        "#": "f_null",
        ".": "f_null",
        "0": "f_null",
        "C": "f_null",
        "D": "f_dumpster",
        "P": "f_mailbox",
        "_": "f_null",
        "c": "f_null",
        "d": "f_null",
        "g": "f_null",
        "m": "f_null",
        "s": "f_null",
        "t": "f_null",
        "{": "f_dumpster",
        "|": "f_null"
      },
      "place_items": [
        { "chance": 30, "item": "building_rubble", "x": 4, "y": 10 },
        { "chance": 30, "item": "building_rubble", "x": [ 13, 14 ], "y": 4 },
        { "chance": 30, "item": "building_rubble", "x": [ 12, 13 ], "y": 3 },
        { "chance": 10, "item": "hardware_plumbing", "x": 16, "y": 15 },
        { "chance": 20, "item": "hardware_plumbing", "x": [ 11, 12 ], "y": 13 },
        { "chance": 10, "item": "tools_construction", "x": 10, "y": 10 },
        { "chance": 20, "item": "tools_construction", "x": 8, "y": 10 },
        { "chance": 10, "item": "tools_construction", "x": 19, "y": 8 },
        { "chance": 35, "item": "floor_trash", "x": 14, "y": 16 },
        { "chance": 35, "item": "floor_trash", "x": 14, "y": 2 },
        { "chance": 10, "item": "manuals", "x": 17, "y": 15 },
        { "chance": 10, "item": "manuals", "x": 10, "y": 13 },
        { "chance": 10, "item": "manuals", "x": 6, "y": 10 },
        { "chance": 10, "item": "manuals", "x": 7, "y": 10 },
        { "chance": 10, "item": "manuals", "x": 18, "y": 9 },
        { "chance": 40, "item": "floor_trash", "x": 15, "y": 2 },
        { "chance": 20, "item": "plumbing_bulk", "x": [ 16, 18 ], "y": 16 },
        { "chance": 20, "item": "plumbing_bulk", "x": [ 10, 11 ], "y": 14 },
        { "chance": 10, "item": "tools_common", "x": 19, "y": 10 },
        { "chance": 20, "item": "tools_common", "x": 11, "y": 10 },
        { "chance": 20, "item": "tools_common", "x": 12, "y": 10 },
        { "chance": 20, "item": "tools_lighting_industrial", "x": 5, "y": 13 },
        { "chance": 30, "item": "magazines", "x": 18, "y": 13 },
        { "chance": 10, "item": "coffee_trash", "x": 15, "y": 4 },
        { "chance": 30, "item": "pizza_trash", "x": 19, "y": 13 },
        { "chance": 30, "item": "clothing_work_gloves", "x": 10, "y": 17 },
        { "chance": 25, "item": "clothing_work_mask", "x": 19, "y": 12 },
        { "chance": 15, "item": "hardware", "x": 14, "y": 14 },
        { "chance": 20, "item": "hardware", "x": 12, "y": 14 },
        { "chance": 10, "item": "trash", "x": 5, "y": 20 },
        { "chance": 10, "item": "trash", "x": 19, "y": 5 },
        { "chance": 15, "item": "trash", "x": 16, "y": 3 },
        { "chance": 20, "item": "hardware_bulk", "x": 12, "y": 18 },
        { "chance": 20, "item": "hardware_bulk", "x": 12, "y": 19 },
        { "chance": 20, "item": "hardware_bulk", "x": 7, "y": 5 },
        { "chance": 20, "item": "hardware_bulk", "x": 7, "y": 6 },
        { "chance": 20, "item": "hardware_bulk", "x": 7, "y": 7 },
        { "chance": 20, "item": "hardware_bulk", "x": 8, "y": 5 },
        { "chance": 20, "item": "hardware_bulk", "x": 8, "y": 6 },
        { "chance": 20, "item": "hardware_bulk", "x": 8, "y": 7 },
        { "chance": 20, "item": "hardware_trash", "x": 19, "y": 15 },
        { "chance": 20, "item": "hardware_trash", "x": 14, "y": 3 },
        { "chance": 20, "item": "hardware_trash", "x": 15, "y": 3 },
        { "chance": 10, "item": "tools_carpentry", "x": 10, "y": 16 },
        { "chance": 10, "item": "tools_carpentry", "x": 19, "y": 9 },
        { "chance": 20, "item": "construction_worker", "x": 4, "y": [ 17, 18 ] },
        { "chance": 10, "item": "construction_worker", "x": 11, "y": 16 },
        { "chance": 20, "item": "construction_worker", "x": 16, "y": 10 }
      ],
      "rows": [
        "g........s..........c.gg",
        "g..gg.cg.s.P.g.c.....g..",
        ".gcg..c..sg......g.g.g..",
        ".g.......s...{D.......g.",
        "cg....g..s.........c.g.g",
        "gg.g.c...s...c..c.g..g.g",
        "g..g..c..scg....g..c...g",
        "g...c....s...||0|00||.gg",
        ".........ssttm______|..g",
        ".gc||000|||00|##____|.c.",
        "gcg|_____#_____#____0.gg",
        ".g.|________________0.gg",
        "gg.0________________|.g.",
        "g..0________________|c..",
        ".cg|_____#_____##d##|..g",
        "gg.|_____|||0d||____|.gg",
        "g..|##d##|CCCCC|____|cgg",
        ".g.|_____|CCCCC||||||...",
        "ggg0_____0.............g",
        "g.c0_____0.cg..g.c.c..gg",
        ".g.|_____|c......g...g..",
        "ggg||000||.g..cgggg.g.gg",
        "gg.g..gggc...g...gg.g.cg",
        ".cgg.ggggg.gggg.g.gggg.g"
      ],
      "terrain": {
        "#": "t_wall_half",
        ".": "t_dirt",
        "0": "t_window_frame",
        "C": "t_concrete",
        "D": "t_dirt",
        "P": "t_grass",
        "_": "t_floor",
        "c": "t_grass",
        "d": "t_door_frame",
        "g": "t_grass",
        "m": "t_mdoor_frame",
        "s": "t_sidewalk",
        "t": "t_thconc_floor",
        "{": "t_dirt",
        "|": "t_wall"
      }
    },
    "om_terrain": "house",
    "type": "mapgen",
    "weight": 80
  },
  {
    "method": "json",
    "object": {
      "furniture": {
        "#": "f_counter",
        "&": "f_sink",
        "+": "f_null",
        ".": "f_null",
        "C": "f_null",
        "D": "f_dumpster",
        "F": "f_fridge",
        "P": "f_mailbox",
        "T": "f_toilet",
        "_": "f_null",
        "a": "f_cupboard",
        "c": "f_null",
        "d": "f_null",
        "X": "f_crate_c",
        "f": "f_null",
        "o": "f_oven",
        "s": "f_null",
        "t": "f_null",
        "w": "f_null",
        "{": "f_dumpster",
        "|": "f_null"
      },
      "place_items": [
        { "chance": 20, "item": "kitchen_nonfood", "x": 13, "y": 10 },
        { "chance": 10, "item": "bags_trip", "x": 17, "y": 10 },
        { "chance": 10, "item": "bags_trip", "x": 8, "y": 10 },
        { "chance": 15, "item": "bags_trip", "x": 4, "y": 20 },
        { "chance": 80, "item": "crate_linens", "x": 5, "y": 18 },
        { "chance": 80, "item": "crate_linens", "x": 19, "y": 13 },
        { "chance": 30, "item": "dining", "x": 5, "y": 13 },
        { "chance": 30, "item": "paint", "x": 7, "y": 20 },
        { "chance": 30, "item": "paint", "x": 8, "y": 20 },
        { "chance": 30, "item": "paint", "x": 4, "y": 15 },
        { "chance": 30, "item": "paint", "x": 5, "y": 15 },
        { "chance": 40, "item": "bath_linens", "x": 18, "y": 13 },
        { "chance": 35, "item": "clothing_work_boots", "x": 17, "y": 2 },
        { "chance": 80, "item": "crate_winter", "x": 19, "y": 9 },
        { "chance": 80, "item": "crate_clothes", "x": 4, "y": 18 },
        { "chance": 80, "item": "crate_clothes", "x": 4, "y": 17 },
        { "chance": 80, "item": "crate_clothes", "x": 19, "y": 8 },
        { "chance": 80, "item": "crate_sports", "x": 17, "y": 12 },
        { "chance": 80, "item": "crate_sports", "x": 5, "y": 12 },
        { "chance": 80, "item": "crate_toys", "x": 19, "y": 12 },
        { "chance": 80, "item": "crate_toys", "x": 6, "y": 11 },
        { "chance": 20, "item": "pantry", "x": 14, "y": 10 },
        { "chance": 30, "item": "tools_home", "x": 18, "y": 8 },
        { "chance": 30, "item": "misc_smoking", "x": 17, "y": 1 },
        { "chance": 20, "item": "kitchen", "x": 10, "y": 10 },
        { "chance": 10, "item": "tools_construction", "x": 15, "y": 1 },
        { "chance": 10, "item": "tools_construction", "x": 15, "y": 2 },
        { "chance": 80, "item": "crate_kitchen", "x": 11, "y": 12 },
        { "chance": 80, "item": "crate_kitchen", "x": 12, "y": 12 },
        { "chance": 80, "item": "crate_cleaning", "x": 6, "y": 12 },
        { "chance": 80, "item": "crate_cleaning", "x": 17, "y": 11 },
        { "chance": 35, "item": "toy_box", "x": 6, "y": 13 }
      ],
      "place_toilets": [ { "x": 19, "y": 15 } ],
      "rows": [
        "_._._..._s......._..c.__",
        "_____.cP.s.c._.c.{..._..",
        "._c_..c..s_......D._._._",
        "._._.....s._..c..._..._.",
        "c_...._._s_....._..c._._",
        "__.___...s..._._c._.__._",
        "_.._._c_.sc_...._._c..._",
        "_...__._.s._.||w|ww||___",
        "._.......sstt+ffffXX|.._",
        "._c||www|||ww|||fffX|.c.",
        "_c_|fffff|#&&##|ffffw.__",
        "._.|XXffffffffffffXfw___",
        "___wfXfffffXXXffffXf|._.",
        "__.wfXffffffffffffff|c._",
        ".c_|fffff|aFofa||d|||.._",
        "__.|ffffX|||w+||&ffT|.__",
        "_._|||d|||XCCCC|ffff|c__",
        "._.|Xffff|CCCCC||||||...",
        "___wfXfffw........_._.._",
        "__cwfffffw_c_.__.c._..__",
        "._.|Xffff|c._...._..._._",
        "___||www||._..c____._.__",
        "__._..___c_.._...__._.__",
        ".c_____________._.____._"
      ],
      "terrain": {
        "#": "t_floor",
        "&": "t_floor",
        "+": "t_rdoor_c",
        ".": "t_dirt",
        "C": "t_concrete",
        "D": "t_grass",
        "F": "t_floor",
        "P": "t_dirt",
        "X": "t_floor",
        "T": "t_floor",
        "_": "t_grass",
        "a": "t_floor",
        "c": "t_clay",
        "d": "t_door_o",
        "f": "t_floor",
        "o": "t_floor",
        "s": "t_sidewalk",
        "t": "t_thconc_floor",
        "w": "t_window",
        "{": "t_dirt",
        "|": "t_wall"
      }
    },
    "om_terrain": "house",
    "type": "mapgen",
    "weight": 80
  },
  {
    "method": "json",
    "object": {
      "place_item": [
        { "chance": 30, "item": "nail", "repeat": 1, "x": 7, "y": 4 },
        { "chance": 30, "item": "concrete", "repeat": 1, "x": 2, "y": 6 },
        { "chance": 30, "item": "concrete", "repeat": 4, "x": 1, "y": 7 },
        { "chance": 30, "item": "concrete", "repeat": 1, "x": 2, "y": 7 },
        { "chance": 30, "item": "rebar", "repeat": 2, "x": 2, "y": 8 },
        { "chance": 30, "item": "rebar", "repeat": 1, "x": 2, "y": 9 },
        { "chance": 30, "item": "nailgun", "repeat": 1, "x": 15, "y": 11 },
        { "chance": 30, "item": "2x4", "repeat": 1, "x": 4, "y": 15 },
        { "chance": 30, "item": "nailboard", "repeat": 1, "x": 3, "y": 18 }
      ],
      "furniture": {
        "#": "f_null",
        ".": "f_null",
        "0": "f_null",
        "D": "f_dumpster",
        "_": "f_null",
        "c": "f_null",
        "d": "f_null",
        "p": "f_null",
        "{": "f_dumpster",
        "|": "f_null"
      },
      "place_items": [
        { "chance": 20, "item": "hand_tools", "x": 14, "y": 3 },
        { "chance": 10, "item": "power_tools", "x": 13, "y": 11 },
        { "chance": 10, "item": "power_tools", "x": 11, "y": 5 },
        { "chance": 15, "item": "tools_common", "x": 12, "y": 5 },
        { "chance": 25, "item": "trash", "x": 17, "y": 13 },
        { "chance": 30, "item": "trash", "x": 4, "y": 13 },
        { "chance": 25, "item": "trash", "x": 16, "y": 8 },
        { "chance": 30, "item": "trash", "x": 9, "y": 3 },
        { "chance": 30, "item": "floor_trash", "x": 12, "y": 16 },
        { "chance": 20, "item": "floor_trash", "x": 4, "y": 4 },
        { "chance": 10, "item": "floor_trash", "x": 9, "y": 2 },
        { "chance": 20, "item": "tools_carpentry", "x": 13, "y": 12 },
        { "chance": 10, "item": "tools_carpentry", "x": 13, "y": 5 },
        { "chance": 20, "item": "tools_construction", "x": 17, "y": 6 },
        { "chance": 15, "item": "clothing_work_gloves", "x": 4, "y": 3 },
        { "chance": 20, "item": "clothing_work_boots", "x": 8, "y": 14 },
        { "chance": 50, "item": "hardware_bulk", "x": 1, "y": 11 },
        { "chance": 30, "item": "hardware_bulk", "x": 1, "y": 14 },
        { "chance": 30, "item": "hardware_bulk", "x": 1, "y": 15 },
        { "chance": 30, "item": "hardware_bulk", "x": 7, "y": 3 },
        { "chance": 30, "item": "hardware_bulk", "x": 8, "y": 2 },
        { "chance": 30, "item": "hardware_trash", "x": 6, "y": 10 },
        { "chance": 30, "item": "hardware_trash", "x": 18, "y": [ 7, 8 ] },
        { "chance": 30, "item": "hardware_trash", "x": 3, "y": [ 3, 4 ] },
        { "chance": 10, "item": "tools_construction", "x": 12, "y": 4 },
        { "chance": 20, "item": "construction_worker", "x": 15, "y": 8 }
      ],
      "rows": [
        "_......._........_....._",
        ".c_._....__._c_c....c..c",
        "_c.._.c......_.._._...__",
        "__.D{...c{{._........c._",
        "_._..._.......||##||....",
        "...c.......c..|dc.0|.._.",
        ".._.#########||..0.#_.._",
        "_c.d#d.0d..0.0.0...#.c..",
        "._.d#....0.dp.#.0.0|_d._",
        "_..d#0.p......#####|....",
        "_._d#....p.0.0....d|.__.",
        "_.cd#d.0......#.00.|c._.",
        "._.d#.pd.0.d0.#####|.d._",
        "...d#......p..#.d0.|.._.",
        "_...##0.0....0....d#_.c.",
        "..d..#..d.p.d.#.0..#..__",
        "_.c..#.0..d0..#..c0|.__.",
        "_....#######||||##||..._",
        "__.dd._.c........._..c__",
        "_.dddd.._..d.._.c_...d_.",
        "_.ddd..dc.d_..d...d...._",
        "__dddcd_....._.._..._._.",
        "._._._..__._._.._d.___._",
        "_c_._._.._._.c._.._._.__"
      ],
      "terrain": {
        "#": "t_brick_wall_halfway",
        ".": "t_dirt",
        "0": "t_pit_shallow",
        "D": "t_dirt",
        "_": "t_grass",
        "c": "t_grass",
        "d": "t_dirtmound",
        "p": "t_pit",
        "{": "t_dirt",
        "|": "t_brick_wall"
      }
    },
    "om_terrain": "house",
    "type": "mapgen",
    "weight": 80
  },
  {
    "method": "json",
    "object": {
      "place_item": [
        { "chance": 30, "item": "nail", "repeat": 1, "x": 7, "y": 4 },
        { "chance": 30, "item": "concrete", "repeat": 1, "x": 2, "y": 6 },
        { "chance": 30, "item": "concrete", "repeat": 3, "x": 2, "y": 7 },
        { "chance": 30, "item": "rebar", "repeat": 2, "x": 2, "y": 8 },
        { "chance": 30, "item": "rebar", "repeat": 1, "x": 2, "y": 9 },
        { "chance": 30, "item": "2x4", "repeat": 1, "x": 4, "y": 15 },
        { "chance": 30, "item": "2x4", "repeat": 3, "x": 4, "y": 16 },
        { "chance": 30, "item": "2x4", "repeat": 11, "x": 4, "y": 17 }
      ],
      "furniture": {
        "#": "f_null",
        ".": "f_null",
        "0": "f_null",
        "_": "f_null",
        "b": "f_null",
        "c": "f_null",
        "d": "f_dumpster",
        "p": "f_null",
        "{": "f_dumpster"
      },
      "place_items": [
        { "chance": 20, "item": "hand_tools", "x": 14, "y": 3 },
        { "chance": 10, "item": "power_tools", "x": 13, "y": 11 },
        { "chance": 10, "item": "power_tools", "x": 3, "y": 6 },
        { "chance": 15, "item": "tools_common", "x": 12, "y": 5 },
        { "chance": 35, "item": "trash", "x": 17, "y": 13 },
        { "chance": 25, "item": "trash", "x": 4, "y": 13 },
        { "chance": 25, "item": "trash", "x": 16, "y": 8 },
        { "chance": 25, "item": "trash", "x": 6, "y": 7 },
        { "chance": 25, "item": "trash", "x": 9, "y": 3 },
        { "chance": 35, "item": "floor_trash", "x": 12, "y": 16 },
        { "chance": 15, "item": "floor_trash", "x": 4, "y": 4 },
        { "chance": 15, "item": "floor_trash", "x": 9, "y": 2 },
        { "chance": 20, "item": "tools_carpentry", "x": 13, "y": 5 },
        { "chance": 20, "item": "tools_construction", "x": 13, "y": 4 },
        { "chance": 15, "item": "clothing_work_gloves", "x": 4, "y": 3 },
        { "chance": 20, "item": "clothing_work_boots", "x": 8, "y": 14 },
        { "chance": 30, "item": "hardware_bulk", "x": 1, "y": 11 },
        { "chance": 30, "item": "hardware_bulk", "x": 1, "y": 12 },
        { "chance": 30, "item": "hardware_bulk", "x": 1, "y": 13 },
        { "chance": 30, "item": "hardware_bulk", "x": 1, "y": 14 },
        { "chance": 30, "item": "hardware_bulk", "x": 1, "y": 14 },
        { "chance": 30, "item": "hardware_bulk", "x": 7, "y": 2 },
        { "chance": 30, "item": "hardware_bulk", "x": 8, "y": 3 },
        { "chance": 30, "item": "hardware_trash", "x": 6, "y": 10 },
        { "chance": 20, "item": "hardware_trash", "x": 18, "y": [ 7, 8 ] },
        { "chance": 30, "item": "hardware_trash", "x": 10, "y": 3 },
        { "chance": 30, "item": "hardware_trash", "x": 3, "y": [ 3, 4 ] },
        { "chance": 20, "item": "construction_worker", "x": 15, "y": 8 },
        { "chance": 20, "item": "construction_worker", "x": 6, "y": 3 }
      ],
      "rows": [
        "_......._........_....._",
        ".c.._......._._c....c..c",
        "_##...c........._._...._",
        ".#.d{...c{{._........c._",
        "_._..._.......bbbbbb....",
        "...c.......c..b#p.0b....",
        ".._.bbbbbbbbbbb..0.b_.._",
        "_c.#b#.0#..0.0.0.0.b.c..",
        "...#b..0#0.#p.b.0.0b.#._",
        "_..#b00p.00...bbbbbb....",
        "_.##b...0p.p#0.0p.#..._.",
        "..c#b#.0#.00..b.00..c...",
        "._.#b.p00p##0.bbbbbb.#._",
        "...#b.0p..0#..b.#0...._.",
        "_...bb0.00...00.0.#._.c.",
        "..#..b#0#.p0#.b#00....._",
        "_.c..b.0..#0..b0.c0.._..",
        "_....bp0p0pp0p0p0bbb..._",
        "._.##._.c........._..c__",
        "_.####.....#.._.c..0.#_.",
        "..###..#c.##..#...##..._",
        "_.###c#_...0...#...#0...",
        "._._._..._..._0._#._._._",
        "_c_._._.._._.c._.._._.__"
      ],
      "terrain": {
        "#": "t_dirtmound",
        ".": "t_dirt",
        "0": "t_pit_shallow",
        "_": "t_grass",
        "b": "t_brick_wall_halfway",
        "c": "t_grass",
        "d": "t_dirt",
        "p": "t_pit",
        "{": "t_dirt"
      }
    },
    "om_terrain": "house",
    "type": "mapgen",
    "weight": 80
  },
  {
    "method": "json",
    "object": {
      "furniture": {
        "#": "f_null",
        "+": "f_null",
        "-": "f_null",
        ".": "f_null",
        "7": "f_null",
        "_": "f_null",
        "d": "f_null",
        "w": "f_null",
        "|": "f_null"
      },
      "place_items": [
        { "chance": 20, "item": "tools_construction", "x": 8, "y": 17 },
        { "chance": 20, "item": "tools_construction", "x": 15, "y": 14 },
        { "chance": 15, "item": "hardware", "x": 5, "y": 13 },
        { "chance": 15, "item": "hardware", "x": 3, "y": 13 },
        { "chance": 15, "item": "hardware", "x": 2, "y": 11 },
        { "chance": 15, "item": "hardware", "x": 19, "y": 10 },
        { "chance": 25, "item": "hardware_trash", "x": 17, "y": 10 }
      ],
      "rows": [
        "_________________d______",
        "_d______________________",
        "____dd___d________d_____",
        "_||ww||__7____||----||__",
        "_|....|___d___|......|_d",
        "_|....|_______|......|__",
        "_|....|_______|......|__",
        "_|....||www|+|||.|||||__",
        "_|....|...........|..|__",
        "_|....|..............|__",
        "_|................|..|__",
        "_|..............||||||__",
        "_|....|.........|....|__",
        "_|....|.........|....w_d",
        "_|||||||........|..._w__",
        "d|.....|.............|__",
        "_|..............#####|__",
        "_w.....|.............|__",
        "_w.....||.|||...#....w__",
        "_|.....|....#...#....w__",
        "_|.....|....#...#....|__",
        "_||www||||||||||||||||__",
        "__d___d________d________",
        "________________d__d____"
      ],
      "terrain": {
        "#": "t_wall_half",
        "+": "t_door_metal_c_peep",
        "-": "t_wall_glass",
        ".": "t_floor",
        "7": "t_tree",
        "_": "t_grass",
        "d": "t_dirt",
        "w": "t_window",
        "|": "t_wall"
      }
    },
    "om_terrain": "house",
    "type": "mapgen",
    "weight": 80
  },
  {
    "method": "json",
    "object": {
      "furniture": {
        "#": "f_null",
        "&": "f_toilet",
        "+": "f_null",
        "-": "f_null",
        ".": "f_null",
        "7": "f_null",
        "D": "f_null",
        "P": "f_mailbox",
        "S": "f_sink",
        "_": "f_null",
        "c": "f_counter",
        "d": "f_null",
        "s": "f_null",
        "w": "f_null",
        "|": "f_null"
      },
      "place_items": [
        { "chance": 20, "item": "hardware_bulk", "x": 10, "y": 17 },
        { "chance": 20, "item": "hardware_bulk", "x": 11, "y": 17 },
        { "chance": 20, "item": "hardware_bulk", "x": 15, "y": 13 },
        { "chance": 20, "item": "hardware_bulk", "x": 15, "y": 14 },
        { "chance": 20, "item": "hardware_bulk", "x": 15, "y": 5 },
        { "chance": 20, "item": "hardware_bulk", "x": 15, "y": 6 },
        { "chance": 40, "item": "paint", "x": 19, "y": 17 },
        { "chance": 40, "item": "paint", "x": 20, "y": 17 },
        { "chance": 40, "item": "paint", "x": 19, "y": 15 },
        { "chance": 40, "item": "paint", "x": 2, "y": 15 },
        { "chance": 40, "item": "paint", "x": 3, "y": 15 },
        { "chance": 40, "item": "paint", "x": 4, "y": 15 },
        { "chance": 15, "item": "hand_tools", "x": 17, "y": 19 },
        { "chance": 25, "item": "hand_tools", "x": 6, "y": 18 },
        { "chance": 25, "item": "hardware_trash", "x": 14, "y": 20 },
        { "chance": 25, "item": "hardware_trash", "x": 16, "y": 10 }
      ],
      "rows": [
        "__________P______d______",
        "_d______________________",
        "____dd___d________d_____",
        "_||ww||__7_#s#||----||__",
        "_|....|___d#s#|......|_d",
        "_|....|____#s#|......|__",
        "_|....|____#s#|......|__",
        "_|c...||www|+|||D|||||__",
        "_|c...|...........|.&|__",
        "_|c...|...........D..|__",
        "_|c...............|S.|__",
        "_|..............||||||__",
        "_|....|.........|....|__",
        "_|....|.........|....w_d",
        "_|||||||........|..._w__",
        "d|.....|........D....|__",
        "_|.....D........||||||__",
        "_w.....|........D....|__",
        "_w.....||D|||...|....w__",
        "_|.....|S...|...|....w__",
        "_|.....|...&|...|....|__",
        "_||www||||||||||||||||__",
        "__d___d________d________",
        "________________d__d____"
      ],
      "terrain": {
        "#": "t_shrub",
        "&": "t_floor",
        "+": "t_door_metal_c_peep",
        "-": "t_wall_glass",
        ".": "t_floor",
        "7": "t_tree",
        "D": "t_door_o",
        "P": "t_grass",
        "S": "t_floor",
        "_": "t_grass",
        "c": "t_floor",
        "d": "t_dirt",
        "s": "t_sidewalk",
        "w": "t_window_domestic",
        "|": "t_wall"
      }
    },
    "om_terrain": "house",
    "type": "mapgen",
    "weight": 80
  },
  {
    "method": "json",
    "object": {
      "place_item": [
        { "chance": 30, "item": "2x4", "repeat": 1, "x": 11, "y": 15 },
        { "chance": 50, "item": "2x4", "repeat": 1, "x": 12, "y": 15 },
        { "chance": 50, "item": "2x4", "repeat": 1, "x": 11, "y": 16 },
        { "chance": 50, "item": "2x4", "repeat": 1, "x": 12, "y": 16 },
        { "chance": 50, "item": "2x4", "repeat": 1, "x": 17, "y": 17 }
      ],
      "furniture": { "#": "f_null", ".": "f_null", "_": "f_null", "P": "f_mailbox", "s": "f_null", "t": "f_null", "|": "f_null" },
      "place_items": [
        { "chance": 20, "item": "hardware_trash", "x": 6, "y": 17 },
        { "chance": 20, "item": "hardware_trash", "x": 7, "y": 13 },
        { "chance": 5, "item": "hardware_bulk", "x": 20, "y": 11 },
        { "chance": 20, "item": "hand_tools", "x": 11, "y": 17 },
        { "chance": 20, "item": "hand_tools", "x": 20, "y": 9 },
        { "chance": 10, "item": "trash", "x": 14, "y": 19 },
        { "chance": 10, "item": "trash", "x": 4, "y": 19 },
        { "chance": 10, "item": "trash", "x": 20, "y": 17 },
        { "chance": 10, "item": "trash", "x": 4, "y": 13 },
        { "chance": 10, "item": "trash", "x": 20, "y": 10 },
        { "chance": 10, "item": "trash", "x": 6, "y": 6 }
      ],
      "rows": [
        ".............P.s.d......",
        ".....d.........s........",
        "..d........d...s......d.",
        ".......d.......s..d.....",
        "..||OO|||OO||tttt||O||..",
        "..|_________|tttt|___|..",
        "..|_________|||_O|___|d.",
        "..O___________#__|___O..",
        "..O___________#__|___O..",
        ".d|___________#__|___|..",
        "..|___________#__|___|..",
        "..|||||______________|..",
        "..|__________________|..",
        "..|___#______________|..",
        "..||||||_||###_##_||||d.",
        "..........|_____#____|..",
        "...dd.....O_____#____O..",
        "....d.....O_____#____O..",
        ".......d..O_____#____O..",
        ".d........|_____#____|.d",
        "..........||OOO|||OO||..",
        "...................d....",
        "...d.............d.d..d.",
        ".......d................"
      ],
      "terrain": {
        "#": "t_wall_half",
        ".": "t_grass",
        "_": "t_floor",
        "O": "t_window_frame",
        "P": "t_grass",
        "s": "t_sidewalk",
        "d": "t_dirt",
        "t": "t_thconc_floor",
        "|": "t_wall"
      }
    },
    "om_terrain": "house",
    "type": "mapgen",
    "weight": 80
  },
  {
    "method": "json",
    "object": {
      "furniture": {
        "#": "f_counter",
        "&": "f_sink",
        "+": "f_null",
        "-": "f_null",
        ".": "f_null",
        "D": "f_null",
        "P": "f_mailbox",
        "T": "f_toilet",
        "_": "f_null",
        "a": "f_null",
        "b": "f_bathtub",
        "c": "f_cupboard",
        "d": "f_null",
        "o": "f_oven",
        "s": "f_null",
        "t": "f_null",
        "w": "f_null",
        "{": "f_fridge",
        "|": "f_null"
      },
      "place_items": [
        { "chance": 10, "item": "hardware_bulk", "x": 17, "y": 16 },
        { "chance": 10, "item": "hardware_bulk", "x": 17, "y": 17 },
        { "chance": 10, "item": "hardware_bulk", "x": 18, "y": 9 },
        { "chance": 10, "item": "hand_tools", "x": 10, "y": 13 },
        { "chance": 10, "item": "hand_tools", "x": 3, "y": 10 },
        { "chance": 10, "item": "tools_construction", "x": 15, "y": 17 },
        { "chance": 10, "item": "tools_construction", "x": 20, "y": [ 12, 13 ] },
        { "chance": 10, "item": "tools_construction", "x": 4, "y": 10 },
        { "chance": 10, "item": "hardware_clothing", "x": 14, "y": 16 }
      ],
      "rows": [
        ".............P.s........",
        "...............s..d..d..",
        ".dd..d.......d.s........",
        "...............s.d......",
        "..||ww||||ww|--t-||w||..",
        "..|_________|tttt|c#c|..",
        "..|_________|||+w|#_{|.d",
        "..w___________|__|#_o|..",
        "..w___________|__|#_&w..",
        "..|___________|__|#_&w..",
        ".d|___________|__|__#|..",
        "..|||||_____________#|..",
        "..|&__D______________|..",
        "..|T_b|______________|..",
        "d.||||||a|||||D||D||||..",
        "..........|_____|____|d.",
        ".....d...dw_____|____w..",
        "..........w_____|____w..",
        "..d.......w_____|____w..",
        "....dd....|_____|____|..",
        "..........||www|||ww||..",
        "..d.....................",
        "..d....d.....d.....d....",
        "...d..................d."
      ],
      "terrain": {
        "#": "t_floor",
        "&": "t_floor",
        "+": "t_door_metal_locked",
        "-": "t_fence_h",
        ".": "t_grass",
        "D": "t_door_o",
        "P": "t_grass",
        "T": "t_floor",
        "_": "t_floor",
        "a": "t_door_metal_c",
        "b": "t_floor",
        "c": "t_floor",
        "d": "t_dirt",
        "o": "t_floor",
        "s": "t_sidewalk",
        "t": "t_thconc_floor",
        "w": "t_window",
        "{": "t_floor",
        "|": "t_wall"
      }
    },
    "om_terrain": "house",
    "type": "mapgen",
    "weight": 80
  },
  {
    "method": "json",
    "object": {
      "furniture": {
        "#": "f_table",
        "&": "f_sink",
        "+": "f_null",
        ".": "f_null",
        "C": "f_counter",
        "P": "f_sign",
        "T": "f_table",
        "X": "f_crate_c",
        "_": "f_null",
        "a": "f_cupboard",
        "b": "f_crate_c",
        "c": "f_null",
        "d": "f_chair",
        "e": "f_trashcan",
        "f": "f_fridge",
        "g": "f_toilet",
        "o": "f_oven",
        "p": "f_mailbox",
        "s": "f_null",
        "t": "f_null",
        "w": "f_null",
        "{": "f_dumpster",
        "|": "f_null"
      },
      "place_items": [
        { "chance": 5, "item": "ammo_shotgun_rare", "x": 8, "y": 15 },
        { "chance": 50, "item": "camping", "x": 6, "y": 12 },
        { "chance": 50, "item": "glass_set", "x": 6, "y": 14 },
        { "chance": 25, "item": "clothing_work_boots", "x": 7, "y": 9 },
        { "chance": 80, "item": "crate_toys", "x": 16, "y": 16 },
        { "chance": 20, "item": "book_survival", "x": 5, "y": 16 },
        { "chance": 25, "item": "fancyfurs", "x": 3, "y": 7 },
        { "chance": 80, "item": "crate_sports", "x": 16, "y": 17 },
        { "chance": 80, "item": "crate_cleaning", "x": 6, "y": 20 },
        { "chance": 25, "item": "clothing_work_gloves", "x": 7, "y": 8 },
        { "chance": 50, "item": "clothing_male", "x": 4, "y": 4 },
        { "chance": 50, "item": "clothing_male", "x": 5, "y": 4 },
        { "chance": 35, "repeat": 2, "item": "toy_box", "x": 3, "y": 12 },
        { "chance": 50, "item": "clothing_watch", "x": 3, "y": 15 },
        { "chance": 20, "item": "tools_construction", "x": 5, "y": 8 },
        { "chance": 20, "repeat": 2, "item": "sports", "x": 5, "y": 6 },
        { "chance": 20, "repeat": 2, "item": "sports", "x": 5, "y": 7 },
        { "chance": 50, "item": "dress_shoes", "x": 7, "y": 6 },
        { "chance": 15, "item": "book_military", "x": 5, "y": 15 },
        { "chance": 50, "item": "clothing_female", "x": 6, "y": 4 },
        { "chance": 50, "item": "clothing_female", "x": 7, "y": 4 },
        { "chance": 30, "item": "clothing_glasses", "x": 3, "y": 14 },
        { "chance": 10, "item": "guns_pistol_rare", "x": 8, "y": 16 },
        { "chance": 70, "item": "crate_winter", "x": 14, "y": 5 },
        { "chance": 20, "repeat": 2, "item": "book_school", "x": 5, "y": 14 },
        { "chance": 80, "item": "crate_kitchen", "x": 11, "y": 14 },
        { "chance": 70, "item": "crate_kitchen", "x": 13, "y": 5 },
        { "chance": 22, "item": "kitchen_nonfood", "x": 3, "y": 9 },
        { "chance": 80, "item": "crate_clothes", "x": 11, "y": 15 },
        { "chance": 70, "item": "crate_clothes", "x": 15, "y": 5 },
        { "chance": 80, "item": "crate_linens", "x": 7, "y": 20 },
        { "chance": 80, "item": "crate_linens", "x": 11, "y": 16 }
      ],
      "place_toilets": [ { "x": 21, "y": 19 } ],
      "rows": [
        "..pcccccc...............",
        "...ccccccP..............",
        "...ccccccss||www||www||.",
        "...ccccccss|__________|.",
        "...cTTTTcss+__________w.",
        "...cccccc..|_XXX______|.",
        "...TcTcTc..|||||+||||||.",
        "...TcTcTc.||CCf|_|____|.",
        "...TcTcTc.|&___|_|____|.",
        "...TcTcTc.wC_____|____w.",
        "...cccccc.|o__a|_+____w.",
        "...cccccc.|C__a|_|____|.",
        "..|#t##t#||||_||_||||||.",
        "..|#t##t#|_______|____|.",
        "..|#t##t#|_X_____+____w.",
        ".{|#t##t#|_X_____|____w.",
        ".{|#t##t#|_X____X|____|.",
        "..|tttttt|______X|____|.",
        "..|tttttt+_______||||||.",
        "..|tttttd|_______+&Ceg|.",
        "..|tttbb#|_______|____|.",
        "..||||||||||www||||||||.",
        "........................",
        "........................"
      ],
      "terrain": {
        "#": "t_thconc_floor",
        "&": "t_floor",
        "+": [ "t_door_c", "t_door_o", "t_door_o" ],
        ".": [ "t_grass", "t_grass", "t_grass", "t_grass", "t_dirt" ],
        "C": "t_floor",
        "P": "t_grass",
        "T": "t_concrete",
        "X": "t_floor",
        "_": "t_floor",
        "a": "t_floor",
        "b": "t_thconc_floor",
        "c": "t_concrete",
        "d": "t_thconc_floor",
        "e": "t_floor",
        "f": "t_floor",
        "g": "t_floor",
        "o": "t_floor",
        "p": "t_grass",
        "s": "t_sidewalk",
        "t": "t_thconc_floor",
        "w": "t_window_domestic",
        "{": "t_grass",
        "|": "t_brick_wall"
      },
      "place_signs": [ { "signage": "Moving away sale!", "x": 9, "y": 1 } ]
    },
    "om_terrain": "house",
    "type": "mapgen",
    "weight": 80
  },
  {
    "method": "json",
    "object": {
      "furniture": {
        "#": "f_table",
        "&": "f_sink",
        "+": "f_null",
        ".": "f_null",
        "B": "f_bookcase",
        "C": "f_counter",
        "H": "f_sofa",
        "P": "f_sign",
        "T": "f_table",
        "_": "f_null",
        "a": "f_armchair",
        "b": "f_bed",
        "c": "f_null",
        "d": "f_cupboard",
        "e": "f_bigmirror",
        "f": "f_fridge",
        "g": "f_trashcan",
        "h": "f_toilet",
        "i": "f_trashcan",
        "o": "f_oven",
        "p": "f_mailbox",
        "s": "f_null",
        "t": "f_null",
        "w": "f_null",
        "{": "f_dresser",
        "|": "f_null"
      },
      "place_items": [
        { "chance": 40, "item": "oven", "x": 11, "y": 10 },
        { "chance": 45, "item": "bed", "x": 18, "y": 17 },
        { "chance": 45, "item": "bed", "x": 19, "y": 17 },
        { "chance": 45, "item": "bed", "x": 18, "y": 7 },
        { "chance": 45, "item": "bed", "x": 19, "y": 7 },
        { "chance": 35, "repeat": 2, "item": "homebooks", "x": 5, "y": 16 },
        { "chance": 20, "repeat": 2, "item": "book_survival", "x": 8, "y": 15 },
        { "chance": 25, "item": "barbecue", "x": 3, "y": 16 },
        { "chance": 25, "item": "fancyfurs", "x": [ 6, 7 ], "y": 20 },
        { "chance": 25, "item": "guns_obscure", "x": 21, "y": 7 },
        { "chance": 50, "repeat": 2, "item": "clothing_male", "x": 21, "y": 11 },
        { "chance": 25, "item": "clothing_work_hat", "x": 21, "y": 16 },
        { "chance": 30, "repeat": 2, "item": "female_underwear_top", "x": 5, "y": 18 },
        { "chance": 40, "item": "beauty", "x": 19, "y": 19 },
        { "chance": 25, "repeat": 2, "item": "bags_trip", "x": 6, "y": 13 },
        { "chance": 25, "repeat": 2, "item": "bags_trip", "x": 6, "y": 14 },
        { "chance": 50, "item": "clothing_watch", "x": 21, "y": 17 },
        { "chance": 40, "item": "book_school", "x": 8, "y": 14 },
        { "chance": 35, "repeat": 2, "item": "magazines", "x": 16, "y": 20 },
        { "chance": 25, "repeat": 2, "item": "magazines", "x": 12, "y": 13 },
        { "chance": 45, "item": "kitchen", "x": 11, "y": 11 },
        { "chance": 40, "repeat": 2, "item": "sports", "x": 4, "y": 14 },
        { "chance": 30, "item": "sports", "x": 3, "y": 13 },
        { "chance": 20, "item": "sports", "x": 3, "y": 14 },
        { "chance": 30, "repeat": 2, "item": "kitchen_nonfood", "x": 14, "y": 10 },
        { "chance": 35, "repeat": 2, "item": "kitchen_nonfood", "x": 14, "y": 11 },
        { "chance": 35, "repeat": 2, "item": "kitchen_nonfood", "x": [ 12, 13 ], "y": 7 },
        { "chance": 30, "item": "manuals", "x": 6, "y": 16 },
        { "chance": 40, "item": "pool_table", "x": 4, "y": 13 },
        { "chance": 45, "repeat": 2, "item": "book_gunmags", "x": 8, "y": 16 },
        { "chance": 40, "repeat": 2, "item": "nightstand", "x": 21, "y": 8 },
        { "chance": 45, "repeat": 2, "item": "dresses", "x": 6, "y": 18 },
        { "chance": 35, "item": "garden_shed", "x": 4, "y": 20 },
        { "chance": 35, "item": "garden_shed", "x": 3, "y": 18 },
        { "chance": 35, "item": "garden_shed", "x": 3, "y": 19 },
        { "chance": 35, "item": "garden_shed", "x": 3, "y": 20 }
      ],
      "place_toilets": [ { "x": 21, "y": 19 } ],
      "rows": [
        "...cccccc..p............",
        "...cccccc...............",
        "..Pccccccss||www||www||.",
        "...ccccccss|_________a|.",
        "...ccccccss+_________Tw.",
        "...cccccc..|_TT___HH_a|.",
        "...cccccc..|||||+||||||.",
        "...cccccc.||CCf|_|bb_{|.",
        "...cccccc.|&___|_|bb_{|.",
        "...cccccc.wC_____|____w.",
        "...cccccc.|o__d|_+____w.",
        "...cccccc.|C__d|_|___T|.",
        "..|tttttt||||_||_||||||.",
        "..|tttttt|T_T____|___e|.",
        "..|ttttt#|__H____+____w.",
        "..|ttttt#|__H____|____w.",
        "..|tt##t#|__H____|bb_{|.",
        "..|tt##tt|__H____|bb_{|.",
        "..|tt##tt+_______||||||.",
        "..|tttttt|B______+&Cgh|.",
        "..|t####i|B____aT|____|.",
        "..||||||||||www||||||||.",
        "........................",
        "........................"
      ],
      "terrain": {
        "#": "t_thconc_floor",
        "&": "t_floor",
        "+": [ "t_door_c", "t_door_o", "t_door_o" ],
        ".": [ "t_grass", "t_grass", "t_grass", "t_grass", "t_dirt" ],
        "B": "t_floor",
        "C": "t_floor",
        "H": "t_floor",
        "P": "t_grass",
        "T": "t_floor",
        "_": "t_floor",
        "a": "t_floor",
        "b": "t_floor",
        "c": "t_concrete",
        "d": "t_floor",
        "e": "t_floor",
        "f": "t_floor",
        "g": "t_floor",
        "h": "t_floor",
        "i": "t_thconc_floor",
        "o": "t_floor",
        "p": "t_grass",
        "s": "t_sidewalk",
        "t": "t_thconc_floor",
        "w": "t_window_domestic",
        "{": "t_floor",
        "|": "t_brick_wall"
      },
      "place_signs": [ { "signage": "Estate sale!", "x": 2, "y": 2 } ]
    },
    "om_terrain": "house",
    "type": "mapgen",
    "weight": 80
  },
  {
    "method": "json",
    "object": {
      "furniture": {
        "#": "f_null",
        "&": "f_sink",
        "+": "f_null",
        "-": "f_null",
        ".": "f_null",
        "A": "f_armchair",
        "B": "f_bookcase",
        "C": "f_cupboard",
        "D": "f_null",
        "H": "f_sofa",
        "O": "f_safe_o",
        "P": "f_mailbox",
        "S": "f_shower",
        "T": "f_toilet",
        "_": "f_null",
        "a": "f_counter",
        "b": "f_bed",
        "c": "f_null",
        "d": "f_desk",
        "e": "f_trashcan",
        "f": "f_fridge",
        "o": "f_oven",
        "r": "f_rack",
        "s": "f_null",
        "t": "f_table",
        "{": "f_dresser",
        "|": "f_null"
      },
      "place_items": [
        { "chance": 20, "item": "kitchen", "x": 15, "y": 13 },
        { "chance": 20, "item": "kitchen", "x": 16, "y": 13 },
        { "chance": 20, "item": "kitchen", "x": 17, "y": 13 },
        { "chance": 20, "item": "kitchen", "x": 19, "y": 10 },
        { "chance": 10, "item": "ammo_rifle_common", "x": 9, "y": 17 },
        { "chance": 15, "item": "fridge", "x": 20, "y": 15 },
        { "chance": 20, "item": "camping", "x": 13, "y": 19 },
        { "chance": 40, "item": "tools_home", "x": 13, "y": 19 },
        { "chance": 25, "item": "book_gunref", "x": 5, "y": 4 },
        { "chance": 35, "repeat": 2, "item": "book_school", "x": 6, "y": 4 },
        { "chance": 25, "item": "cleaning", "x": 11, "y": 19 },
        { "chance": 25, "item": "bed", "x": 3, "y": 18 },
        { "chance": 25, "item": "bed", "x": 3, "y": 19 },
        { "chance": 25, "item": "bed", "x": 8, "y": 10 },
        { "chance": 25, "item": "bed", "x": 3, "y": 10 },
        { "chance": 30, "item": "livingroom", "x": 18, "y": 8 },
        { "chance": 30, "item": "livingroom", "x": 15, "y": 8 },
        { "chance": 80, "item": "dresser_female", "x": 3, "y": 12 },
        { "chance": 30, "item": "dining", "x": 20, "y": 12 },
        { "chance": 50, "item": "stash_water", "x": 11, "y": 19 },
        { "chance": 55, "item": "dresser_male", "x": [ 6, 9 ], "y": 19 },
        { "chance": 55, "item": "dresser_male", "x": 3, "y": 11 },
        { "chance": 75, "item": "supplies_metal_precious", "x": 9, "y": 17 },
        { "chance": 35, "item": "child_items", "x": 5, "y": 13 },
        { "chance": 35, "item": "child_items", "x": 8, "y": 11 },
        { "chance": 50, "item": "oven", "x": 20, "y": 11 },
        { "chance": 55, "item": "survivor_knife", "x": 4, "y": 18 },
        { "chance": 10, "item": "gear_survival", "x": 6, "y": 17 }
      ],
      "place_monsters": [ { "chance": 30, "density": 0.2, "monster": "GROUP_ZOMBIE", "x": 11, "y": 15 } ],
      "place_toilets": [ { "x": 16, "y": 11 }, { "x": 20, "y": 19 } ],
      "rows": [
        "ssssssssssssssssssssssss",
        "ssssssssssssssssssssssss",
        "...........ss.P.........",
        "..||##|##||ss||##|##||..",
        "..|__BB_d_|ss|tttttt_|..",
        "..#H______|D#|_tt____#..",
        "..#H______|__|______A#..",
        "..#H______+__+______A#..",
        "..|_______|__|_______|..",
        "..|||||||||__|||||||||..",
        "..|_b_|_b_|__|&_T|CCC|..",
        "..#{b_|_b_|__+___|__o|..",
        "..#{__|___|__|||||__a|..",
        "..|___|___|__|CCCC__&|..",
        "..||+|||+||_________a|..",
        "..#__________|e_____f|..",
        "..||||||+||__|||||||||..",
        "..|______O|_____|a&aS|..",
        "..#bb_____||+||_+____|..",
        "..|bb_{{{{|r_r|_|___T|..",
        "..||##|##||||||-||||||..",
        "...........ccccccc......",
        "...........ccccccc......",
        "........................"
      ],
      "terrain": {
        "#": "t_window_boarded",
        "&": "t_floor",
        "+": [ "t_door_c", "t_door_o" ],
        "-": "t_door_boarded_peep",
        ".": [ "t_grass", "t_grass", "t_dirt" ],
        "A": "t_floor",
        "B": "t_floor",
        "C": "t_floor",
        "D": "t_door_metal_c_peep",
        "H": "t_floor",
        "O": "t_floor",
        "P": "t_grass",
        "S": "t_floor",
        "T": "t_floor",
        "_": "t_floor",
        "a": "t_floor",
        "b": "t_floor",
        "c": "t_concrete",
        "d": "t_floor",
        "e": "t_floor",
        "f": "t_floor",
        "o": "t_floor",
        "r": "t_floor",
        "s": "t_sidewalk",
        "t": "t_floor",
        "{": "t_floor",
        "|": "t_wall_log"
      }
    },
    "om_terrain": "house",
    "type": "mapgen",
    "weight": 80
  },
  {
    "method": "json",
    "object": {
      "furniture": {
        "#": "f_table",
        "&": "f_sink",
        "+": "f_null",
        "-": "f_null",
        ".": "f_null",
        "A": "f_armchair",
        "B": "f_bookcase",
        "C": "f_cupboard",
        "D": "f_displaycase",
        "F": "f_fridge",
        "H": "f_sofa",
        "P": "f_mailbox",
        "S": "f_shower",
        "T": "f_toilet",
        "^": "f_indoor_plant",
        "_": "f_null",
        "a": "f_chair",
        "b": "f_bed",
        "c": "f_null",
        "d": "f_counter",
        "e": "f_null",
        "f": "f_fireplace",
        "g": "f_null",
        "o": "f_oven",
        "r": "f_rack",
        "s": "f_null",
        "t": "f_trashcan",
        "{": "f_dresser",
        "|": "f_null"
      },
      "place_items": [
        { "chance": 35, "item": "dresser_stack", "x": 9, "y": 17 },
        { "chance": 55, "item": "dresser_stack", "x": 9, "y": 18 },
        { "chance": 35, "item": "dresser_stack", "x": 9, "y": 19 },
        { "chance": 50, "item": "table_livingroom", "x": 8, "y": 4 },
        { "chance": 15, "item": "fridge", "x": 20, "y": 15 },
        { "chance": 20, "item": "camping", "x": 13, "y": 19 },
        { "chance": 30, "item": "tools_home", "x": 11, "y": 19 },
        { "chance": 35, "item": "cannedfood", "x": 18, "y": 10 },
        { "chance": 35, "item": "cannedfood", "x": 19, "y": 10 },
        { "chance": 35, "repeat": 2, "item": "book_school", "x": 14, "y": 4 },
        { "chance": 90, "item": "corpse_female", "x": 3, "y": 18 },
        { "chance": 90, "item": "corpse_female", "x": 3, "y": 10 },
        { "chance": 99, "item": "guns_rifle_milspec", "x": 3, "y": 8 },
        { "chance": 30, "item": "snacks", "x": 14, "y": 13 },
        { "chance": 50, "item": "book_martial", "x": 14, "y": 5 },
        { "chance": 90, "item": "clothing_soldier_set", "x": 9, "y": 8 },
        { "chance": 80, "item": "dresser_female", "x": 5, "y": 13 },
        { "chance": 20, "item": "dining", "x": 17, "y": 6 },
        { "chance": 20, "item": "dining", "x": 18, "y": 5 },
        { "chance": 20, "item": "dining", "x": 18, "y": 6 },
        { "chance": 55, "item": "dresser_male", "x": 7, "y": 13 },
        { "chance": 20, "item": "kitchen_nonfood", "x": 16, "y": 13 },
        { "chance": 20, "item": "kitchen_nonfood", "x": 17, "y": 13 },
        { "chance": 50, "item": "oven", "x": 20, "y": 11 },
        { "chance": 90, "item": "corpse_male", "x": 3, "y": 17 },
        { "chance": 90, "item": "corpse_male", "x": 9, "y": 10 },
        { "chance": 55, "item": "toy_box", "x": 9, "y": 11 },
        { "chance": 25, "item": "clutter_bedroom", "x": 19, "y": 17 }
      ],
      "place_toilets": [ { "x": 16, "y": 10 }, { "x": 20, "y": 19 } ],
      "rows": [
        "ssssssssssssssssssssssss",
        "ssssssssssssssssssssssss",
        ".........P.ss...........",
        "..||--|--||ss||--|--||..",
        "..|A#HHH#A|ss|B______|..",
        "..-_______|e-|B_a##a_-..",
        "..-_______|__|__a##a_-..",
        "..-_______+__+__a##a_-..",
        "..|D_fff_D|__|^______|..",
        "..|||||||||__|||||||||..",
        "..|bb_|_bb|__|&tT|CCC|..",
        "..-___|___|__+___|__o-..",
        "..-___|___|__|||||__d-..",
        "..|__{|{__|__|CCCC__&-..",
        "..||+|||+||_________d-..",
        "..-__________|t_###_F|..",
        "..||||||+||__|||||||||..",
        "..|bb____{|_____|d&dS|..",
        "..-bb____{||+||_+____|..",
        "..|{_____{|r_r|_|t__T|..",
        "..||--|--||||||g||||||..",
        "...........ccccccc......",
        "...........ccccccc......",
        "........................"
      ],
      "terrain": {
        "#": "t_floor",
        "&": "t_floor",
        "+": [ "t_door_c", "t_door_c", "t_door_c", "t_door_o" ],
        "-": "t_window_domestic_taped",
        ".": [ "t_grass", "t_grass", "t_grass", "t_dirt" ],
        "A": "t_floor",
        "B": "t_floor",
        "C": "t_floor",
        "D": "t_floor",
        "F": "t_floor",
        "H": "t_floor",
        "P": "t_grass",
        "S": "t_floor",
        "T": "t_floor",
        "^": "t_floor",
        "_": "t_floor",
        "a": "t_floor",
        "b": "t_floor",
        "c": "t_concrete",
        "d": "t_floor",
        "e": "t_door_b_peep",
        "f": "t_floor",
        "g": "t_door_boarded_damaged_peep",
        "o": "t_floor",
        "r": "t_floor",
        "s": "t_sidewalk",
        "t": "t_floor",
        "{": "t_floor",
        "|": "t_wall_log"
      }
    },
    "om_terrain": "house",
    "type": "mapgen",
    "weight": 80
  }
]
