[
  {
    "type": "mapgen",
    "method": "json",
    "om_terrain": [ "house" ],
    "weight": 300,
    "object": {
      "fill_ter": "t_floor",
      "rows": [
        "QQQQQQQQQQQssQQ______QQQ",
        "q..........ss.p______..q",
        "q..........ss..______..q",
        "q.|-v-v-|..ss..______..q",
        "q.|     |..ss..______..q",
        "q.|@@  d|..ssss______..q",
        "q.|@@  d|..ss|-======|.q",
        "q.|    d|..ss|e      |.q",
        "q.|d    |..ss|n      |.q",
        "q.|-+|+-|v-;;-|      |.q",
        "q.|r | ???   P|      |.q",
        "q.|--|       o|      |.q",
        "q.|S |       o|      |.q",
        "q.|c +        |      |.q",
        "q.|t |    hh  +      |.q",
        "q.|BB| cc nn  |      |.q",
        "q.|--| -| nn  |rrrrrr|.q",
        "q.|1    | hh  |------|.q",
        "q.v5   l|     ;ssssss..q",
        "q.v3    |-VVV-|ssssss..q",
        "q.|C4O2f|......sHNHss..q",
        "q.|--vv-|......ssssss..q",
        "q......................q",
        "QQQQQQQQQQQQQQQQQQQQQQQQ"
      ],
      "terrain": {
        "+": "t_door_c",
        "-": "t_wall",
        ".": "t_grass",
        "p": "t_grass",
        ";": "t_door_locked",
        "=": "t_door_metal_locked",
        "H": "t_sidewalk",
        "N": "t_sidewalk",
        "Q": "t_fence_h",
        "V": "t_wall_glass",
        "_": "t_pavement",
        "e": "t_gates_mech_control",
        "q": "t_fence_v",
        "s": "t_sidewalk",
        "v": "t_window_domestic",
        "|": "t_wall"
      },
      "furniture": {
        "?": "f_sofa",
        "@": "f_bed",
        "B": "f_bathtub",
        "H": "f_chair",
        "N": "f_table",
        "p": "f_mailbox",
        "l": "f_stool",
        "O": "f_oven",
        "P": "f_indoor_plant",
        "S": "f_sink",
        "c": "f_counter",
        "C": "f_cupboard",
        "1": "f_cupboard",
        "2": "f_cupboard",
        "3": "f_cupboard",
        "4": "f_cupboard",
        "5": "f_sink",
        "d": "f_dresser",
        "f": "f_fridge",
        "h": "f_chair",
        "n": "f_table",
        "o": "f_bookcase",
        "r": "f_rack"
      },
      "toilets": { "t": {  } },
      "items": {
        "p": { "item": "mail", "chance": 30, "repeat": [ 2, 5 ] },
        "1": [ { "item": "SUS_dishes" }, { "item": "SUS_silverware" } ],
        "2": { "item": "SUS_cookware" },
        "3": [ { "item": "SUS_utensils" }, { "item": "SUS_knife_drawer" } ],
        "4": { "item": "SUS_junk_drawer" },
        "5": { "item": "SUS_kitchen_sink" }
      },
      "place_loot": [
        { "group": "homebooks", "x": [ 13, 13 ], "y": [ 11, 12 ], "chance": 70, "repeat": [ 1, 3 ] },
        { "group": "home_hw", "x": [ 14, 19 ], "y": [ 7, 15 ], "chance": 60, "repeat": [ 1, 3 ] },
        { "group": "mischw", "x": [ 14, 19 ], "y": [ 16, 16 ], "chance": 75, "repeat": [ 1, 2 ] },
        { "group": "mischw", "x": [ 13, 13 ], "y": [ 8, 8 ], "chance": 70, "repeat": [ 1, 2 ] },
        { "group": "consumer_electronics", "x": [ 13, 13 ], "y": [ 8, 8 ], "chance": 70, "repeat": [ 1, 2 ] },
        { "group": "dining", "x": [ 10, 11 ], "y": [ 15, 16 ], "chance": 85, "repeat": [ 1, 3 ] },
        { "group": "dresser", "x": [ 3, 3 ], "y": [ 8, 8 ], "chance": 75, "repeat": [ 1, 4 ] },
        { "group": "dresser", "x": [ 7, 7 ], "y": [ 5, 7 ], "chance": 80, "repeat": [ 1, 3 ] },
        { "group": "dresser", "x": [ 3, 3 ], "y": [ 10, 10 ], "chance": 85, "repeat": [ 1, 2 ] },
        { "group": "jackets", "x": [ 3, 3 ], "y": [ 10, 10 ], "chance": 60, "repeat": [ 1, 2 ] },
        { "group": "softdrugs", "x": [ 3, 4 ], "y": [ 12, 15 ], "chance": 75, "repeat": [ 1, 3 ] },
        { "group": "cleaning", "x": [ 3, 4 ], "y": [ 12, 15 ], "chance": 90, "repeat": [ 1, 2 ] },
        { "group": "harddrugs", "x": [ 3, 4 ], "y": [ 12, 15 ], "chance": 15, "repeat": [ 1, 2 ] },
        { "group": "fridge", "x": [ 7, 7 ], "y": [ 20, 20 ], "chance": 90, "repeat": [ 3, 10 ] },
        { "group": "kitchen", "x": [ 3, 7 ], "y": [ 17, 20 ], "chance": 80, "repeat": [ 1, 4 ] },
        { "group": "oven", "x": [ 5, 5 ], "y": [ 20, 20 ], "chance": 75, "repeat": [ 1, 3 ] },
        { "group": "livingroom", "x": [ 6, 12 ], "y": [ 10, 15 ], "chance": 90, "repeat": [ 1, 4 ] },
        { "group": "bedroom", "x": [ 3, 7 ], "y": [ 4, 8 ], "chance": 80, "repeat": [ 1, 5 ] },
        { "group": "guns_pistol_common", "x": [ 3, 3 ], "y": [ 8, 8 ], "chance": 5, "ammo": 90, "magazine": 100 },
        { "group": "bed", "x": [ 3, 4 ], "y": [ 5, 6 ], "chance": 90, "repeat": [ 1, 3 ] }
      ],
      "place_monsters": [ { "monster": "GROUP_ZOMBIE", "x": [ 2, 21 ], "y": [ 2, 21 ], "chance": 2 } ],
      "place_vehicles": [ { "vehicle": "suburban_home", "x": 17, "y": 10, "chance": 15, "rotation": 270 } ]
    }
  }
]
