[
  {
    "method": "json",
    "object": {
      "place_item": [
        { "item": "splinter", "repeat": 1, "x": 16, "y": 5 },
        { "item": "splinter", "repeat": 1, "x": 5, "y": 9 },
        { "item": "splinter", "repeat": 1, "x": 14, "y": 15 }
      ],
      "furniture": {
        "#": "f_null",
        "&": "f_sink",
        "+": "f_null",
        "-": "f_null",
        ".": "f_null",
        "1": "f_null",
        "4": "f_null",
        "7": "f_null",
        "B": "f_bookcase",
        "F": "f_fireplace",
        "H": "f_sofa",
        "S": "f_null",
        "T": "f_toilet",
        "_": "f_null",
        "a": "f_armchair",
        "b": "f_bed",
        "c": "f_counter",
        "d": "f_fridge",
        "e": "f_bathtub",
        "f": "f_null",
        "o": "f_oven",
        "r": "f_null",
        "s": "f_null",
        "t": "f_table",
        "w": "f_null",
        "{": "f_dresser",
        "|": "f_null"
      },
      "place_items": [
        { "chance": 65, "item": "fridge", "x": 8, "y": 12 },
        { "chance": 65, "item": "bed", "x": [ 8, 9 ], "y": 7 },
        { "chance": 25, "item": "alcohol", "x": 11, "y": 7 },
        { "chance": 35, "item": "misc_smoking", "x": 14, "y": 10 },
        { "chance": 35, "item": "magazines", "x": 15, "y": 10 },
        { "chance": 35, "item": "tools_home", "x": 10, "y": [ 15, 16 ] },
        { "chance": 65, "item": "dresser_stack", "x": 8, "y": 9 },
        { "chance": 65, "item": "cannedfood", "x": 9, "y": 11 },
        { "chance": 45, "item": "kitchen", "x": 8, "y": 11 }
      ],
      "place_toilets": [ { "x": 16, "y": 13 } ],
      "place_vehicles": [ { "chance": 75, "fuel": 0, "rotation": 90, "status": 0, "vehicle": "canoe", "x": 2, "y": 19 } ],
      "rows": [
        "....._......_..._._.._._",
        "._.__.._._.._._.........",
        "..._.._._._..._.._._._._",
        "_._._.__..4__....._._...",
        ".__...7____._.#__._...__",
        "....#____._#s#--.#_.__..",
        "_..1.__|||||||||||__7.._",
        "..#.__.wbb-HHfrFfw_..__.",
        ".._#__#|ff-ffffff|#_....",
        "_...__s|{f+ffffffw__#.._",
        "._._._#|---fffata|_1_._.",
        "_#..__#|ccfffB---|._____",
        "..7#___|dfffff-&e|__....",
        ".._s_._wofffff+fT|#_4.__",
        "._..__#|||fff|||||#..s..",
        ".._.._.##|tff|__#__._...",
        "...._4__#|fff|#____..__.",
        "_._.__.#_|w|+|_._.#.#.._",
        "_....#___SSSSS_s#7#_....",
        "._._.__..___.__._#_1._..",
        ".....__._..___..._...._.",
        "._.._......_..._..._._..",
        "._._.._.__.._._..._..._.",
        "..._._......_...._.._..."
      ],
      "terrain": {
        "#": "t_underbrush",
        "&": "t_floor",
        "+": "t_door_c",
        "-": "t_wall",
        ".": "t_dirt",
        "1": "t_tree_young",
        "4": "t_tree_pine",
        "7": "t_tree",
        "B": "t_floor",
        "F": "t_floor",
        "H": "t_floor",
        "S": "t_sidewalk",
        "T": "t_floor",
        "_": "t_grass",
        "a": "t_floor",
        "b": "t_floor",
        "c": "t_floor",
        "d": "t_floor",
        "e": "t_floor",
        "f": "t_floor",
        "o": "t_floor",
        "r": "t_rock",
        "s": "t_shrub",
        "t": "t_floor",
        "w": "t_window_domestic",
        "{": "t_floor",
        "|": "t_brick_wall"
      }
    },
    "om_terrain": "riverside_dwelling",
    "type": "mapgen",
    "weight": 100
  },
  {
    "method": "json",
    "object": {
      "furniture": {
        "#": "f_null",
        "&": "f_sink",
        "+": "f_null",
        ".": "f_null",
        "1": "f_null",
        "7": "f_null",
        "B": "f_bathtub",
        "C": "f_chair",
        "D": "f_dresser",
        "H": "f_sofa",
        "T": "f_toilet",
        "W": "f_null",
        "_": "f_null",
        "a": "f_counter",
        "b": "f_bed",
        "c": "f_chair",
        "d": "f_null",
        "f": "f_null",
        "s": "f_null",
        "t": "f_table",
        "w": "f_null",
        "{": "f_fridge",
        "|": "f_null"
      },
      "place_items": [
        { "chance": 65, "item": "fridge", "x": 15, "y": 8 },
        { "chance": 45, "item": "kitchen", "x": [ 11, 12 ], "y": 9 },
        { "chance": 15, "item": "winter", "x": 8, "y": 10 },
        { "chance": 25, "item": "magazines", "x": 12, "y": 10 },
        { "chance": 15, "item": "shoes", "x": 9, "y": 14 },
        { "chance": 75, "item": "dresser_stack", "x": 13, "y": 15 },
        { "chance": 65, "item": "bed", "x": [ 11, 12 ], "y": 15 },
        { "chance": 75, "item": "cannedfood", "x": 16, "y": [ 8, 9 ] }
      ],
      "place_toilets": [ { "x": 15, "y": 15 } ],
      "place_vehicles": [ { "chance": 65, "fuel": 0, "rotation": 270, "status": 0, "vehicle": "canoe", "x": 20, "y": 15 } ],
      "rows": [
        "...._....._._...._._.._.",
        "._._..__._._..._........",
        "........._..._.s._.._...",
        ".__._.#__......._.._..._",
        "_.._...__.......____.#..",
        ".....__#|ddddddd|s._..._",
        "._.._.##|ddddCdC|#__..__",
        "._.__7#||+||w|w|||#1._..",
        "_...#.s|ffffcf&{a|___...",
        ".__.__.Wffcttcffa|#_.._.",
        "._#..__|Hffttff|||__#.._",
        "_.._._#|Hfffcffff|#7.._.",
        "...._#1|fffffffff|s#_...",
        ".____.#|ff|||+|+||.___..",
        "....__#|ff|fff|f&|#_..1_",
        "._.#7._|ft|bbD|TB|___...",
        "...____|+|||W|||||_._.#.",
        "_#_._#_#..#s_.##_._.....",
        "._.___1_..__.__._...#.._",
        "__....._..._#7_#__7.._..",
        "..__._._._...___...____.",
        "......._..._...._._.#_..",
        "._._.._#_...._.__...._..",
        ".._..._...._....._._...."
      ],
      "terrain": {
        "#": "t_underbrush",
        "&": "t_floor",
        "+": "t_door_c",
        ".": "t_dirt",
        "1": "t_tree_young",
        "7": "t_tree",
        "B": "t_floor",
        "C": "t_dirtfloor",
        "D": "t_floor",
        "H": "t_floor",
        "T": "t_floor",
        "W": "t_window_no_curtains",
        "_": "t_grass",
        "a": "t_floor",
        "b": "t_floor",
        "c": "t_floor",
        "d": "t_dirtfloor",
        "f": "t_floor",
        "s": "t_shrub",
        "t": "t_floor",
        "w": "t_window_domestic",
        "{": "t_floor",
        "|": "t_wall_log"
      }
    },
    "om_terrain": "riverside_dwelling",
    "type": "mapgen",
    "weight": 100
  },
  {
    "method": "json",
    "object": {
      "furniture": {
        "#": "f_null",
        "&": "f_null",
        "-": "f_null",
        ".": "f_null",
        "1": "f_null",
        "4": "f_null",
        "7": "f_null",
        "_": "f_null",
        "c": "f_chair",
        "d": "f_null",
        "m": "f_makeshift_bed",
        "s": "f_null",
        "t": "f_table",
        "|": "f_null"
      },
      "place_items": [
        { "chance": 35, "item": "bed", "x": 14, "y": 14 },
        { "chance": 25, "item": "novels", "x": 13, "y": 17 },
        { "chance": 15, "item": "hand_tools", "x": 8, "y": 15 },
        { "chance": 15, "item": "trash", "x": 14, "y": 17 },
        { "chance": 25, "item": "hardware_trash", "x": 10, "y": 11 },
        { "chance": 25, "item": "hardware_trash", "x": 14, "y": 10 },
        { "chance": 5, "item": "floor_trash", "x": 16, "y": 18 },
        { "chance": 5, "item": "floor_trash", "x": 5, "y": 12 },
        { "chance": 5, "item": "floor_trash", "x": 9, "y": 8 }
      ],
      "place_vehicles": [ { "chance": 35, "fuel": 0, "rotation": 270, "status": -1, "vehicle": "canoe", "x": 5, "y": 20 } ],
      "rows": [
        "_...._..._......._......",
        ".._...._......_..._..._.",
        "..._..#...._..._._.._...",
        "...#.._.._#.7....#..__..",
        "_._...._.....#__.._.#.._",
        "..._._.#.._____.__#4#._.",
        "._...#_____._____..#..._",
        "..__..#|||___|||..._#...",
        "....#..##._._##-_#..._..",
        "_...__#|#.._.1#|#7._.._.",
        "._.#7##&....._.|#_......",
        "._._#_#|_..._.#|s_#..._.",
        "..._.._&._._.##|..___...",
        "...._._|_..d|&||._#.....",
        ".#._._s|#..dddm|_#.7..._",
        "._..._#|c._|ddd&_._.#_..",
        ".#4##7.|#_.|dddd__......",
        "..#.._#|##_ddtt|___.._..",
        ".._....|||.&-|||__.._...",
        "._.#.._.#____##._...#.._",
        "........_.___.s___#4....",
        "_._.._._.__#7#_....#._..",
        "......._....#..._._.....",
        ".._._..._.._........_._."
      ],
      "terrain": {
        "#": "t_underbrush",
        "&": "t_wall_log_broken",
        "-": "t_wall_log_chipped",
        ".": "t_dirt",
        "1": "t_tree_young",
        "4": "t_tree_pine",
        "7": "t_tree",
        "_": "t_grass",
        "c": "t_dirt",
        "d": "t_dirtfloor",
        "m": "t_dirtfloor",
        "s": "t_shrub",
        "t": "t_dirtfloor",
        "|": "t_wall_log"
      }
    },
    "om_terrain": "riverside_dwelling",
    "type": "mapgen",
    "weight": 100
  },
  {
    "method": "json",
    "object": {
      "place_item": [
        { "item": "splinter", "repeat": 1, "x": 6, "y": 6 },
        { "item": "splinter", "repeat": 1, "x": 21, "y": 7 },
        { "item": "splinter", "repeat": 1, "x": 19, "y": 12 },
        { "item": "splinter", "repeat": 1, "x": 17, "y": 13 },
        { "item": "splinter", "repeat": 1, "x": 9, "y": 20 },
        { "item": "log", "repeat": 1, "x": 21, "y": 21 }
      ],
      "furniture": {
        "#": "f_null",
        "&": "f_null",
        "-": "f_null",
        ".": "f_null",
        "0": "f_coffin_c",
        "1": "f_null",
        "7": "f_null",
        "B": "f_brazier",
        "D": "f_null",
        "O": "f_coffin_o",
        "S": "f_statue",
        "W": "f_null",
        "_": "f_null",
        "a": "f_null",
        "b": "f_bench",
        "c": "f_counter",
        "d": "f_null",
        "e": "f_null",
        "f": "f_null",
        "s": "f_null",
        "w": "f_null",
        "|": "f_null"
      },
      "place_items": [
        { "chance": 95, "item": "book_hotel_tower_bible", "x": 13, "y": 12 },
        { "chance": 75, "item": "book_hotel_tower_bible", "x": 8, "y": 10 },
        { "chance": 75, "item": "book_hotel_tower_bible", "x": 10, "y": 8 },
        { "chance": 75, "item": "book_hotel_tower_bible", "x": 17, "y": 6 },
        { "chance": 15, "item": "church", "x": 18, "y": 6 },
        { "chance": 15, "item": "church", "x": 8, "y": 6 },
        { "chance": 35, "item": "antique", "x": 12, "y": 17 },
        { "chance": 35, "item": "antique", "x": 14, "y": 15 },
        { "chance": 35, "item": "antique", "x": 8, "y": 15 }
      ],
      "place_monsters": [ { "monster": "GROUP_SAFE", "x": 13, "y": 8 } ],
      "rows": [
        "........._........_.....",
        "..._........._.._...._..",
        "._....#_..||d|D||_._..._",
        "..._..____wSfffSW#_._#..",
        "....s__._#afffffws#_....",
        ".#.._7.||||fffff||||__._",
        "._..___|bbbbfffbbbb|#_..",
        "..___._|fffffffffff|_._.",
        "....__#|bbbbfffbbbb|#7#.",
        "..._.##|fffffffffffe_#._",
        "_....##|bbbbfffbbbb&#_..",
        "...#.1_affffffff_.###.._",
        "._#7#__wfffBcccB#_.___..",
        ".#.##__WBffffffff_#_#1_.",
        ".__s__#||||||||||.|&._..",
        ".......-0fOfOf0ffff-#__.",
        "._.._7.-fffffffffff-____",
        "....__#-OfOf0fOfOff-s__.",
        "..._#__-------------#_..",
        "..._.._###__#_##.#___.__",
        "_.#...._.._#.___.__#7#__",
        ".....__......_#._.._#...",
        ".._..__..#.._..____#._..",
        "................_....._."
      ],
      "terrain": {
        "#": "t_underbrush",
        "&": "t_wall_wood_broken",
        "-": "t_rock_wall",
        ".": "t_dirt",
        "0": "t_floor",
        "1": "t_tree_young",
        "7": "t_tree",
        "B": "t_floor",
        "D": "t_door_o",
        "O": "t_floor",
        "S": "t_floor",
        "W": "t_window_stained_blue",
        "_": "t_grass",
        "a": "t_window_stained_green",
        "b": "t_floor",
        "c": "t_floor",
        "d": "t_door_b",
        "e": "t_wall_wood_chipped",
        "f": "t_floor",
        "s": "t_shrub",
        "w": "t_window_stained_red",
        "|": "t_wall_wood"
      }
    },
    "om_terrain": "riverside_dwelling",
    "type": "mapgen",
    "weight": 100
  },
  {
    "method": "json",
    "object": {
      "place_item": [
        { "item": "splinter", "repeat": 1, "x": 16, "y": 4 },
        { "item": "corpse", "repeat": 1, "x": 17, "y": 11 },
        { "item": "splinter", "repeat": 1, "x": 4, "y": 13 },
        { "item": "rag_bloody", "repeat": 1, "x": 16, "y": 15 },
        { "item": "log", "repeat": 1, "x": 20, "y": 16 },
        { "item": "splinter", "repeat": 1, "x": 11, "y": 19 }
      ],
      "furniture": {
        "#": "f_null",
        "&": "f_sink",
        "+": "f_null",
        "-": "f_null",
        ".": "f_null",
        "1": "f_null",
        "4": "f_null",
        "7": "f_null",
        "C": "f_counter",
        "D": "f_null",
        "F": "f_fridge",
        "S": "f_shower",
        "T": "f_toilet",
        "W": "f_wreckage",
        "_": "f_null",
        "a": "f_wreckage",
        "b": "f_bed",
        "c": "f_chair",
        "d": "f_dresser",
        "e": "f_trashcan",
        "f": "f_null",
        "g": "f_woodstove",
        "s": "f_null",
        "t": "f_table",
        "w": "f_null",
        "{": "f_bigmirror_b",
        "|": "f_null"
      },
      "place_items": [
        { "chance": 75, "item": "bed", "x": 8, "y": [ 14, 15 ] },
        { "chance": 5, "item": "drugdealer", "x": 16, "y": 9 },
        { "chance": 15, "item": "livingroom", "x": 17, "y": 9 },
        { "chance": 15, "item": "livingroom", "x": 16, "y": 7 },
        { "chance": 95, "item": "book_hotel_tower_bible", "x": 18, "y": 7 },
        { "chance": 75, "item": "dresser_stack", "x": 11, "y": 15 },
        { "chance": 65, "item": "trash", "x": 18, "y": 15 },
        { "chance": 15, "item": "trash", "x": 14, "y": 14 },
        { "chance": 15, "item": "trash", "x": 9, "y": 11 },
        { "chance": 15, "item": "trash", "x": 14, "y": 9 },
        { "chance": 15, "item": "trash", "x": 11, "y": 8 },
        { "chance": 75, "item": "creepy", "x": 13, "y": [ 11, 12 ] },
        { "chance": 35, "item": "creepy", "x": [ 16, 17 ], "y": 10 },
        { "chance": 25, "item": "trash", "x": 9, "y": 19 },
        { "chance": 25, "item": "trash", "x": 15, "y": 17 },
        { "chance": 25, "item": "trash", "x": 5, "y": 8 }
      ],
      "place_npcs": [ { "class": "derelict_dweller", "x": 11, "y": 10 } ],
      "place_toilets": [ { "x": 9, "y": 7 } ],
      "rows": [
        "..._....................",
        "_...._.#.._...._._..._..",
        "._..........#......#....",
        "...##.#.#_...___........",
        ".._..___1_.._#__.7#___._",
        "...#._.#_##|-w|#_#__#...",
        ".#7_#__|||||fa||w|||_.._",
        "..#_._#|ST|{ffffcfc|_...",
        "_..___#|&f|ffffffffw#1..",
        "....#__||+|fffffttf|#_.#",
        "_..___s|ffffffffttf|##..",
        ".._.#1.wffff|Cfffff|7#._",
        "..#4#.#|ffff|C&Ffff|_#..",
        ".._#___|||+||||||++|#4..",
        "..#.7#_wbfff|ffffff|#.#_",
        ".___#__|bffd|fffffew..#.",
        "...._#_|||||||+|||||__..",
        "..._.._._#Ws|fffcf|s#_..",
        "......_____#|fffff|W.7._",
        "..#__g___._.||w|+D|_.#..",
        "_..____._#_._#___.__._..",
        "......._#7#__._.........",
        "......#...#._1__..#.#...",
        "..._......._....._...._."
      ],
      "terrain": {
        "#": "t_underbrush",
        "&": "t_floor",
        "+": "t_door_curtain_c",
        "-": "t_door_boarded",
        ".": "t_dirt",
        "1": "t_tree_young",
        "4": "t_tree_pine",
        "7": "t_tree",
        "C": "t_floor",
        "D": "t_door_curtain_o",
        "F": "t_floor",
        "S": "t_floor",
        "T": "t_floor",
        "W": "t_grass",
        "_": "t_grass",
        "a": "t_floor",
        "b": "t_floor",
        "c": "t_floor",
        "d": "t_floor",
        "e": "t_floor",
        "f": "t_floor",
        "g": "t_grass",
        "s": "t_shrub",
        "t": "t_floor",
        "w": "t_window_boarded_noglass",
        "{": "t_floor",
        "|": "t_wall"
      }
    },
    "om_terrain": "riverside_dwelling",
    "type": "mapgen",
    "weight": 50
  },
  {
    "method": "json",
    "object": {
      "place_item": [
        { "item": "splinter", "repeat": 4, "x": 6, "y": 9 },
        { "item": "splinter", "repeat": 4, "x": 3, "y": 14 },
        { "item": "splinter", "repeat": 4, "x": 19, "y": 15 },
        { "item": "lawnmower", "repeat": 4, "x": 9, "y": 19 },
        { "item": "log", "repeat": 4, "x": 12, "y": 20 },
        { "item": "splinter", "repeat": 4, "x": 9, "y": 21 }
      ],
      "furniture": {
        "#": "f_null",
        "&": "f_sink",
        "+": "f_null",
        "-": "f_null",
        ".": "f_null",
        "1": "f_null",
        "4": "f_null",
        "7": "f_null",
        "B": "f_bookcase",
        "C": "f_chair",
        "D": "f_null",
        "F": "f_fireplace",
        "H": "f_sofa",
        "S": "f_shower",
        "T": "f_null",
        "W": "f_null",
        "_": "f_null",
        "a": "f_armchair",
        "b": "f_bed",
        "c": "f_counter",
        "d": "f_dresser",
        "e": "f_toilet",
        "f": "f_null",
        "g": "f_null",
        "h": "f_null",
        "m": "f_null",
        "p": "f_null",
        "r": "f_null",
        "s": "f_null",
        "t": "f_table",
        "w": "f_null",
        "{": "f_fridge",
        "|": "f_null"
      },
      "place_items": [
        { "chance": 45, "item": "magazines", "x": 17, "y": 12 },
        { "chance": 75, "item": "dresser_stack", "x": 8, "y": 9 },
        { "chance": 25, "item": "trash", "x": 12, "y": 13 },
        { "chance": 25, "item": "trash", "x": 18, "y": 8 },
        { "chance": 15, "item": "bedroom", "x": 10, "y": 8 },
        { "chance": 15, "item": "bedroom", "x": 9, "y": 7 },
        { "chance": 35, "item": "cannedfood", "x": 14, "y": 6 },
        { "chance": 35, "item": "cannedfood", "x": 12, "y": 6 },
        { "chance": 35, "item": "kitchen", "x": 15, "y": 10 },
        { "chance": 35, "item": "kitchen", "x": 14, "y": 9 },
        { "chance": 55, "item": "supplies_farming", "x": 10, "y": 19 },
        { "chance": 65, "item": "novels", "x": 20, "y": 6 },
        { "chance": 75, "item": "bed", "x": [ 8, 9 ], "y": 6 },
        { "chance": 25, "item": "livingroom", "x": 17, "y": 13 },
        { "chance": 25, "item": "livingroom", "x": 17, "y": 11 },
        { "chance": 65, "item": "fridge", "x": 13, "y": 6 },
        { "chance": 10, "item": "stoner", "x": 20, "y": 9 },
        { "chance": 25, "item": "softdrugs", "x": 8, "y": 12 }
      ],
      "place_monsters": [ { "monster": "GROUP_ZOMBIE", "x": 14, "y": 11 } ],
      "place_toilets": [ { "x": 10, "y": 13 } ],
      "place_vehicles": [ { "chance": 35, "fuel": 0, "rotation": 90, "status": 0, "vehicle": "raft", "x": 2, "y": 18 } ],
      "rows": [
        "...._.._....._._...._...",
        "_.......##......__....#.",
        ".._#_._.ppp#._........_.",
        ".._7#..._pp_..._..._....",
        "._#p_#.._p_p._#_p..##_..",
        "..___..||w||||w|TTT|||_.",
        "_.._...|bbf-c{c|+|w|B|#_",
        ".#..__#|fff-ff&-fffff|_.",
        "....#_.wfff-fffffffffw..",
        "...#4..|dff+ffttfffHH|..",
        "...##_#|----fCttfffff|#1",
        "._.__1#|&ff+fffCfafff|#_",
        "...1#_p|cff-ffffftffF|r.",
        "..#..#_|Sfe-fffffafff|#.",
        "..._..#|||||||WD||||||__",
        "_..._...#g#__ssss_p___..",
        "....______p__ssss#__#._.",
        "._.____p___________..7#.",
        ".._._7_#--h-#___#.#1.##.",
        "....__##-mm-#_p..#_#....",
        "........----.#_.#7#_._..",
        "_._#_...#.###_.._#...#._",
        ".....__..........._..#..",
        "..._......_...._....._.."
      ],
      "terrain": {
        "#": "t_underbrush",
        "&": "t_floor",
        "+": "t_door_c",
        "-": "t_wall",
        ".": "t_dirt",
        "1": "t_tree_young",
        "4": "t_tree_pine",
        "7": "t_tree",
        "B": "t_floor",
        "C": "t_floor",
        "D": "t_door_glass_c",
        "F": "t_floor",
        "H": "t_floor",
        "S": "t_floor",
        "T": "t_thconc_floor",
        "W": "t_wall_glass",
        "_": "t_grass",
        "a": "t_floor",
        "b": "t_floor",
        "c": "t_floor",
        "d": "t_floor",
        "e": "t_floor",
        "f": "t_floor",
        "g": "t_shrub",
        "h": "t_door_b",
        "m": "t_metal_floor",
        "p": "t_dirt",
        "r": "t_rock_wall",
        "s": "t_sidewalk",
        "t": "t_floor",
        "w": "t_window_domestic",
        "{": "t_floor",
        "|": "t_brick_wall"
      }
    },
    "om_terrain": "riverside_dwelling",
    "type": "mapgen",
    "weight": 100
  },
  {
    "method": "json",
    "object": {
      "place_item": [
        { "item": "splinter", "repeat": 4, "x": 11, "y": 6 },
        { "item": "splinter", "repeat": 4, "x": 17, "y": 7 },
        { "item": "splinter", "repeat": 4, "x": 3, "y": 13 },
        { "item": "splinter", "repeat": 4, "x": 15, "y": 14 },
        { "item": "splinter", "repeat": 4, "x": 11, "y": 18 }
      ],
      "furniture": {
        "#": "f_null",
        "&": "f_sink",
        "-": "f_null",
        ".": "f_null",
        "0": "f_null",
        "1": "f_null",
        "4": "f_null",
        "7": "f_null",
        "B": "f_bathtub",
        "C": "f_counter",
        "H": "f_sofa",
        "T": "f_toilet",
        "W": "f_null",
        "_": "f_null",
        "a": "f_null",
        "b": "f_bed",
        "c": "f_chair",
        "d": "f_dresser",
        "f": "f_null",
        "s": "f_null",
        "t": "f_table",
        "w": "f_null",
        "{": "f_fridge",
        "|": "f_null"
      },
      "place_items": [
        { "chance": 75, "item": "bed", "x": 20, "y": [ 10, 11 ] },
        { "chance": 5, "item": "cannedfood", "x": 6, "y": 10 },
        { "chance": 25, "item": "farming_tools", "x": 10, "y": 18 },
        { "chance": 15, "item": "winter", "x": 20, "y": 15 },
        { "chance": 55, "item": "trash", "x": 11, "y": 11 },
        { "chance": 55, "item": "trash", "x": 10, "y": 10 },
        { "chance": 35, "item": "antique", "x": 18, "y": 12 },
        { "chance": 25, "item": "trash", "x": 13, "y": 16 },
        { "chance": 25, "item": "trash", "x": 10, "y": 15 },
        { "chance": 25, "item": "trash", "x": 14, "y": 10 }
      ],
      "place_monsters": [ { "monster": "GROUP_SAFE", "x": 13, "y": 11 } ],
      "place_vehicles": [ { "chance": 35, "fuel": 0, "rotation": 270, "status": -1, "vehicle": "canoe", "x": 1, "y": 20 } ],
      "rows": [
        "._......._.._.._....._..",
        ".#._..#__#._....._......",
        "._....7#......#_..#_.#..",
        "..#..#.#._##_#4#._._....",
        "_...#_..._.#_..#..__#.._",
        "_..._.___#____#_.#___...",
        "...__.#_|||._#_||__7._..",
        "..#1_#4#|ff#1.#_|.__..#.",
        "_._.__##|fff__ffw#__##_.",
        "..###||||ffff_ff|||W||#_",
        ".._4#|CCfcttfffff|ffb|..",
        "..##_|{fffttffffffffb0_.",
        "._.##0&ffffcfffff|dff|..",
        ".#7._||||fffff||||||||#.",
        "_#.##|Tfffffff__._ffc|#.",
        "..__#|ff|ffffff__ffft|#.",
        "...##|B&|fffHHHffffft|_.",
        "._.__||||||a|||||f||||_.",
        "..#_..#_##_.__##|-|s_#..",
        "_._..___#._..1___._#..._",
        "......_s7#_#_..__._._...",
        ".._..#..#_..._._...4..#.",
        "...#......._#...#._._...",
        "_....._......._........_"
      ],
      "terrain": {
        "#": "t_underbrush",
        "&": "t_floor",
        "-": "t_door_boarded",
        ".": "t_dirt",
        "0": "t_window_frame",
        "1": "t_tree_young",
        "4": "t_tree_pine",
        "7": "t_tree",
        "B": "t_floor",
        "C": "t_floor",
        "H": "t_floor",
        "T": "t_floor",
        "W": "t_window_domestic",
        "_": "t_grass",
        "a": "t_window_boarded_noglass",
        "b": "t_floor",
        "c": "t_floor",
        "d": "t_floor",
        "f": "t_floor",
        "s": "t_shrub",
        "t": "t_floor",
        "w": "t_window_empty",
        "{": "t_floor",
        "|": "t_wall"
      }
    },
    "om_terrain": "riverside_dwelling",
    "type": "mapgen",
    "weight": 100
  },
  {
    "method": "json",
    "object": {
      "place_item": [
        { "item": "splinter", "repeat": 1, "x": 15, "y": 1 },
        { "item": "splinter", "repeat": 1, "x": 20, "y": 7 },
        { "item": "splinter", "repeat": 1, "x": 7, "y": 9 },
        { "item": "splinter", "repeat": 1, "x": 8, "y": 12 },
        { "item": "splinter", "repeat": 1, "x": 16, "y": 19 }
      ],
      "furniture": {
        "#": "f_null",
        "+": "f_canvas_door",
        ".": "f_null",
        "1": "f_null",
        "4": "f_null",
        "7": "f_null",
        "C": "f_canvas_floor",
        "^": "f_rubble",
        "_": "f_null",
        "a": "f_ash",
        "b": "f_canvas_door_o",
        "c": "f_canvas_wall",
        "r": "f_rubble",
        "s": "f_null",
        "t": "f_table",
        "|": "f_null"
      },
      "place_items": [
        { "chance": 75, "item": "bed", "x": 13, "y": 8 },
        { "chance": 65, "item": "novels", "x": 15, "y": 15 },
        { "chance": 15, "item": "jackets", "x": 7, "y": 7 },
        { "chance": 15, "item": "stoner", "x": 12, "y": 14 },
        { "chance": 35, "item": "alcohol", "x": 15, "y": 7 },
        { "chance": 25, "item": "trash", "x": 15, "y": 16 },
        { "chance": 25, "item": "trash", "x": 14, "y": 14 },
        { "chance": 25, "item": "trash", "x": 15, "y": 11 },
        { "chance": 25, "item": "trash", "x": 11, "y": [ 7, 8 ] },
        { "chance": 25, "item": "trash", "x": 12, "y": 6 }
      ],
      "place_vehicles": [ { "chance": 35, "fuel": 0, "rotation": 90, "status": 0, "vehicle": "raft", "x": 22, "y": 20 } ],
      "rows": [
        "._._......._......_..._.",
        "....._.._.#.#._..#......",
        "..._.#...#7#4.#__...7_..",
        "_..#.__..#._#.__#..._.#_",
        "..__.1_.._..__._#7_#_...",
        "...#...||#___._#||#.__..",
        ".._7#_.||_.....r||#_#._.",
        "..#.s#___r..ccc.^#__....",
        ".._.__#_._..cCc...__.#..",
        "_...._..#...c+c.___#4...",
        ".__#___||.......||#_#_..",
        ".#__#7#||_a.....||____._",
        "...#.##_.........^_#....",
        "._.___._...cbc...s#7#_..",
        ".._#_1.#^r.cCc..#__##_..",
        ".#4s_._||^.ccc.t||__1.._",
        "..#_##_||_...._.||_#_...",
        "..._7____#^_.____._..._.",
        ".._#_.#.__.___.#_.._.#..",
        ".._._#_._1_#._._.#s#....",
        ".__...__###_7.##4#...._.",
        "...#._..__._._.#.#_.#...",
        "..._..#._._.._......._..",
        "._....._........_......."
      ],
      "terrain": {
        "#": "t_underbrush",
        "+": "t_dirt",
        ".": "t_dirt",
        "1": "t_tree_young",
        "4": "t_tree_pine",
        "7": "t_tree",
        "C": "t_dirt",
        "^": "t_grass",
        "_": "t_grass",
        "a": "t_dirt",
        "b": "t_dirt",
        "c": "t_dirt",
        "r": "t_dirt",
        "s": "t_shrub",
        "t": "t_dirt",
        "|": "t_brick_wall"
      }
    },
    "om_terrain": "riverside_dwelling",
    "type": "mapgen",
    "weight": 100
  },
  {
    "method": "json",
    "object": {
      "place_item": [ { "item": "splinter", "repeat": 1, "x": 9, "y": 7 }, { "item": "splinter", "repeat": 1, "x": 6, "y": 11 } ],
      "furniture": {
        "#": "f_null",
        "&": "f_toilet",
        "+": "f_null",
        ".": "f_null",
        "1": "f_null",
        "W": "f_null",
        "_": "f_null",
        "b": "f_bed",
        "m": "f_null",
        "t": "f_table",
        "w": "f_null",
        "|": "f_null"
      },
      "place_items": [
        { "chance": 45, "item": "bed", "x": 11, "y": [ 11, 12 ] },
        { "chance": 15, "item": "field", "x": 16, "y": 6 },
        { "chance": 45, "item": "trash", "x": 14, "y": [ 11, 12 ] },
        { "chance": 75, "item": "swimmer_wetsuit", "x": 14, "y": [ 14, 15 ] }
      ],
      "rows": [
        "..w....w......w......w..",
        "...._.w..w.w...www.w....",
        "..w__..wwWw...wwWww..._.",
        "w..__w.w.ww._wwwwww.__..",
        ".._.w...w.......ww.__.w.",
        "..ww.w._._.w..__#....w.w",
        "wwwww..#.1.....__..wwWw.",
        ".ww..__...#.||....w.ww..",
        ".w.w..#..##||||......w..",
        "....._...#||||||._._.._.",
        "..w..w.1..|||m||#.w_.w..",
        "wwWw......|b|mm|........",
        "..ww.#..ww|b|mm|..._w.#w",
        ".w.....www|mmmm|..w.__..",
        "...w..wwWW|||mt|#_.._..w",
        "....._.wwW|&mmt|##1w....",
        "..w._...ww|||+||#_.www..",
        ".ww..w...w..w._..wwwWw..",
        "wwww.._#._.....wwwwWWww.",
        ".ww.w.w.....w...wwWWwww.",
        "....www...__.....wwwww..",
        "..wwWWwww.._#_w_..www..w",
        "...wwww...w.....w.......",
        "..w......w..._....w....."
      ],
      "terrain": {
        "#": "t_underbrush",
        "&": "t_metal_floor",
        "+": "t_door_metal_c",
        ".": "t_dirt",
        "1": "t_tree_young",
        "W": "t_water_dp",
        "_": "t_grass",
        "b": "t_metal_floor",
        "m": "t_metal_floor",
        "t": "t_metal_floor",
        "w": "t_water_sh",
        "|": "t_wall_metal"
      }
    },
    "om_terrain": "riverside_dwelling",
    "type": "mapgen",
    "weight": 100
  },
  {
    "method": "json",
    "object": {
      "place_item": [
        { "item": "splinter", "repeat": 1, "x": 19, "y": 5 },
        { "item": "splinter", "repeat": 1, "x": 9, "y": 8 },
        { "item": "rock", "repeat": 1, "x": 6, "y": 9 },
        { "item": "log", "repeat": 1, "x": 9, "y": 10 },
        { "item": "splinter", "repeat": 1, "x": 19, "y": 12 },
        { "item": "log", "repeat": 1, "x": 5, "y": 14 },
        { "item": "splinter", "repeat": 1, "x": 11, "y": 21 },
        { "item": "splinter", "repeat": 1, "x": 13, "y": 21 },
        { "item": "rock", "repeat": 1, "x": 18, "y": 21 }
      ],
      "furniture": {
        "#": "f_null",
        "&": "f_sink",
        "+": "f_null",
        "-": "f_null",
        ".": "f_null",
        "1": "f_null",
        "4": "f_null",
        "7": "f_null",
        "B": "f_bluebell",
        "C": "f_null",
        "D": "f_null",
        "F": "f_null",
        "H": "f_armchair",
        "T": "f_toilet",
        "_": "f_null",
        "a": "f_null",
        "b": "f_bed",
        "c": "f_counter",
        "d": "f_table",
        "f": "f_null",
        "o": "f_oven",
        "s": "f_shower",
        "t": "f_null",
        "w": "f_null",
        "|": "f_null"
      },
      "place_items": [
        { "chance": 15, "item": "antique_guns_with_ammo", "x": 15, "y": 11 },
        { "chance": 25, "item": "camping", "x": 17, "y": 11 },
        { "chance": 75, "item": "bed", "x": [ 11, 12 ], "y": 11 },
        { "chance": 45, "item": "magazines", "x": 14, "y": 11 },
        { "chance": 55, "item": "cannedfood", "x": [ 13, 14 ], "y": 8 }
      ],
      "place_monsters": [ { "monster": "GROUP_ZOMBIE", "x": 14, "y": 10 } ],
      "place_toilets": [ { "x": 20, "y": 9 } ],
      "place_vehicles": [ { "chance": 35, "fuel": 0, "rotation": 90, "status": -1, "vehicle": "canoe", "x": 1, "y": 21 } ],
      "rows": [
        "...._......._.._#..._...",
        ".._#.._.._.....#4##...#.",
        ".#_..._#..#..7#.._._#.._",
        "...._1__#._#_._#.###1#..",
        "_._....__##_...#.##_##_.",
        "..._##.#____1_##.#7__.#.",
        "..#._7#.__.#_#__.___#4#.",
        "_...#___##||w|||+||__#._",
        ".._1._#4__|o&ccfff||||..",
        ".._#_#_.__|fffffff|&TC_.",
        "_..__._#__|fffffff+fs|..",
        ".._##7#__#|bbfHdff||||#.",
        "._._#_._#_|||w||D||.#7#.",
        "#...#_##1__BB__ttt___#__",
        "._.1___##_#__1_ttt_#_...",
        "._.._#___.__#_#____._#.#",
        "...__.7#__#_----.F__.__.",
        "..._4_#__#7#F....F#7##..",
        "._#..#.1#_##F.---F__#4#_",
        "..._..#_#__-F.F.###1_#..",
        "_......7___...F#7#_#_...",
        ".._.#_..#_a.a.-_#_._._..",
        "......#.._..__......_#..",
        "..._.._.....#._........."
      ],
      "terrain": {
        "#": "t_underbrush",
        "&": "t_floor",
        "+": "t_door_c",
        "-": "t_fence_h",
        ".": "t_dirt",
        "1": "t_tree_young",
        "4": "t_tree_pine",
        "7": "t_tree",
        "B": "t_grass",
        "C": "t_curtains",
        "D": "t_door_locked",
        "F": "t_fence_v",
        "H": "t_floor",
        "T": "t_floor",
        "_": "t_grass",
        "a": "t_fence_post",
        "b": "t_floor",
        "c": "t_floor",
        "d": "t_floor",
        "f": "t_floor",
        "o": "t_floor",
        "s": "t_floor",
        "t": "t_thconc_floor",
        "w": "t_window_domestic",
        "|": "t_wall_log"
      }
    },
    "om_terrain": "riverside_dwelling",
    "type": "mapgen",
    "weight": 100
  },
  {
    "method": "json",
    "object": {
      "place_item": [
        { "item": "splinter", "repeat": 4, "x": 18, "y": 5 },
        { "item": "splinter", "repeat": 4, "x": 16, "y": 14 },
        { "item": "splinter", "repeat": 4, "x": 4, "y": 17 },
        { "item": "lawnmower", "repeat": 4, "x": 5, "y": 17 },
        { "item": "log", "repeat": 4, "x": 19, "y": 17 },
        { "item": "splinter", "repeat": 4, "x": 8, "y": 19 }
      ],
      "furniture": {
        "#": "f_null",
        "&": "f_sink",
        "+": "f_null",
        ".": "f_null",
        "1": "f_null",
        "4": "f_null",
        "7": "f_null",
        "C": "f_counter",
        "D": "f_null",
        "H": "f_sofa",
        "S": "f_shower",
        "T": "f_table",
        "_": "f_null",
        "a": "f_null",
        "b": "f_bed",
        "c": "f_null",
        "d": "f_null",
        "e": "f_toilet",
        "f": "f_null",
        "s": "f_null",
        "t": "f_null",
        "{": "f_dresser",
        "|": "f_null"
      },
      "place_items": [
        { "chance": 25, "item": "misc_smoking", "x": 14, "y": 7 },
        { "chance": 65, "item": "cannedfood", "x": 18, "y": 9 },
        { "chance": 65, "item": "cannedfood", "x": 18, "y": 7 },
        { "chance": 55, "item": "knifeblock", "x": 17, "y": 7 },
        { "chance": 15, "item": "stoner", "x": 13, "y": 7 },
        { "chance": 75, "item": "bed", "x": 13, "y": [ 11, 12 ] },
        { "chance": 65, "item": "magazines", "x": 15, "y": 9 },
        { "chance": 55, "item": "garden_shed", "x": [ 7, 8 ], "y": 17 },
        { "chance": 35, "item": "tools_carpentry", "x": 7, "y": 16 },
        { "chance": 65, "item": "camping", "x": 16, "y": 9 },
        { "chance": 65, "item": "dresser_stack", "x": 15, "y": 11 },
        { "chance": 45, "item": "clutter_yard", "x": 6, "y": 17 },
        { "chance": 45, "item": "clutter_yard", "x": 11, "y": 16 },
        { "chance": 45, "item": "clutter_yard", "x": 5, "y": 16 },
        { "chance": 45, "item": "clutter_yard", "x": 7, "y": 13 },
        { "chance": 45, "item": "tools_earthworking", "x": 8, "y": 16 }
      ],
      "place_monsters": [ { "monster": "GROUP_ZOMBIE", "x": 14, "y": 8 } ],
      "place_toilets": [ { "x": 17, "y": 12 } ],
      "place_vehicles": [ { "chance": 25, "fuel": 0, "rotation": 270, "status": 0, "vehicle": "canoe", "x": 2, "y": 19 } ],
      "rows": [
        "._......_...._.#.__..._.",
        "....##.....____..._...#.",
        "..._..__._#._....#_1#...",
        "_.#...##__._#__..#.__#_.",
        "..___#4.__#__#....#_#4..",
        "...._##_#7__##|tt|_.._#_",
        "._.____#_._#|||+c|||#_..",
        "._#__#_#____|HHffCC|#__.",
        "....#7#_1___cfffff&c_#_.",
        "...#_#.___..+ffTTfC|#7__",
        ".._.s.__..._||D||a||.##.",
        "_.#___#_.__#|bf{|f&|__..",
        "..#4#._..__#cbff|eS|#__.",
        "._.#.#...___||||||||#.#.",
        "._.___.._.____#s__#.___.",
        ".....|ddd|__#__##_#__#..",
        "..#__ddddd__.___.___._..",
        "..___ddddd____#__7__#_..",
        ".___#|||||#_..###__#__#_",
        "...#_###_#.__#_#..#1....",
        "_..._...__.#_7#..__#..._",
        ".._...#._#_.._#..._#_...",
        "...#._.._......_..._..#.",
        ".._......._....._......."
      ],
      "terrain": {
        "#": "t_underbrush",
        "&": "t_floor",
        "+": "t_door_locked",
        ".": "t_dirt",
        "1": "t_tree_young",
        "4": "t_tree_pine",
        "7": "t_tree",
        "C": "t_floor",
        "D": "t_door_o",
        "H": "t_floor",
        "S": "t_floor",
        "T": "t_floor",
        "_": "t_grass",
        "a": "t_door_c",
        "b": "t_floor",
        "c": "t_curtains",
        "d": "t_dirtfloor",
        "e": "t_floor",
        "f": "t_floor",
        "s": "t_shrub",
        "t": "t_thconc_floor",
        "{": "t_floor",
        "|": "t_wall_wood"
      }
    },
    "om_terrain": "riverside_dwelling",
    "type": "mapgen",
    "weight": 100
  },
  {
    "method": "json",
    "object": {
      "furniture": {
        "#": "f_null",
        "&": "f_sink",
        "+": "f_null",
        "-": "f_null",
        ".": "f_null",
        "1": "f_null",
        "4": "f_null",
        "7": "f_null",
        "B": "f_bed",
        "C": "f_null",
        "D": "f_null",
        "H": "f_sofa",
        "S": "f_shower",
        "T": "f_null",
        "_": "f_null",
        "a": "f_trashcan",
        "b": "f_null",
        "c": "f_counter",
        "d": "f_null",
        "e": "f_toilet",
        "f": "f_null",
        "g": "f_dresser",
        "m": "f_null",
        "o": "f_oven",
        "s": "f_null",
        "t": "f_table",
        "w": "f_null",
        "{": "f_fridge",
        "|": "f_null"
      },
      "place_items": [
        { "chance": 75, "item": "bed", "x": 10, "y": [ 11, 12 ] },
        { "chance": 65, "item": "magazines", "x": 12, "y": 5 },
        { "chance": 35, "item": "livingroom", "x": 12, "y": 7 },
        { "chance": 35, "item": "livingroom", "x": 10, "y": 7 },
        { "chance": 45, "item": "kitchen", "x": 15, "y": 9 },
        { "chance": 45, "item": "kitchen", "x": 15, "y": 7 },
        { "chance": 85, "item": "cabin_suicide", "x": 17, "y": 13 },
        { "chance": 10, "item": "stoner", "x": 11, "y": 7 },
        { "chance": 65, "item": "dresser_stack", "x": 10, "y": 13 },
        { "chance": 15, "item": "misc_smoking", "x": 10, "y": 5 },
        { "chance": 5, "item": "clutter_bedroom", "x": 13, "y": 12 },
        { "chance": 5, "item": "clutter_bedroom", "x": 12, "y": 9 },
        { "chance": 55, "item": "fridge", "x": 17, "y": 9 },
        { "chance": 35, "item": "cannedfood", "x": 17, "y": [ 6, 7 ] }
      ],
      "place_monsters": [ { "monster": "GROUP_ZOMBIE", "x": 17, "y": 19 }, { "monster": "GROUP_ZOMBIE", "x": 4, "y": 17 } ],
      "place_toilets": [ { "x": 17, "y": 11 } ],
      "rows": [
        ".._............_...._...",
        "_...._...._......_....#_",
        ".._..___#.__sss_..._#7..",
        "..._.#7.__.#|+|##.._.#._",
        ".._._.#_#||||f||C||._.#.",
        "..#._._##CHHHffffa|_.#4_",
        ".___1#_##|fffffffcw#__#.",
        "..###.__||tttffcfc|#7#..",
        ".#7#___sT|fffff&fo|_#_..",
        "..#.__#sT+fffffcf{|#_._.",
        "_._#._..|||||ff||||#....",
        "..____.##|BfDff+fe|#._#_",
        "...._#._#|Bf|ff|ff|..1..",
        "._.....4_|gf|ff|&S|#_#..",
        "..#_..___||C|ww||||__._.",
        "_....__#__#.#______.__#_",
        "__-bb-_._#___.#__.##_#7.",
        "..dmmb_#_7__#4#_-bb-#_#.",
        ".#-mmb__#_##_#__bmmb._.#",
        ".#-bb-_.____#__.bmmb_.._",
        "...#..._.#.#7#_.-d--....",
        ".......#..._..._.__..#..",
        ".._.._._...#.#......._..",
        "._......._...._...._...."
      ],
      "terrain": {
        "#": "t_underbrush",
        "&": "t_floor",
        "+": "t_door_c",
        "-": "t_wall_metal",
        ".": "t_dirt",
        "1": "t_tree_young",
        "4": "t_tree_pine",
        "7": "t_tree",
        "B": "t_floor",
        "C": "t_curtains",
        "D": "t_door_o",
        "H": "t_floor",
        "S": "t_floor",
        "T": "t_thconc_floor",
        "_": "t_grass",
        "a": "t_floor",
        "b": "t_bars",
        "c": "t_floor",
        "d": "t_door_metal_locked",
        "e": "t_floor",
        "f": "t_floor",
        "g": "t_floor",
        "m": "t_metal_floor",
        "o": "t_floor",
        "s": "t_sidewalk",
        "t": "t_floor",
        "w": "t_window_domestic",
        "{": "t_floor",
        "|": "t_wall"
      }
    },
    "om_terrain": "riverside_dwelling",
    "type": "mapgen",
    "weight": 75
  },
  {
    "method": "json",
    "object": {
      "furniture": {
        "#": "f_null",
        "&": "f_sink",
        "+": "f_null",
        "-": "f_null",
        ".": "f_null",
        "1": "f_null",
        "4": "f_null",
        "7": "f_null",
        "C": "f_chair",
        "D": "f_null",
        "H": "f_sofa",
        "T": "f_toilet",
        "_": "f_null",
        "a": "f_ash",
        "b": "f_bed",
        "c": "f_chair",
        "d": "f_counter",
        "f": "f_null",
        "t": "f_table",
        "w": "f_null",
        "|": "f_null"
      },
      "place_items": [
        { "chance": 25, "item": "misc_smoking", "x": 18, "y": 8 },
        { "chance": 65, "item": "cannedfood", "x": 14, "y": 12 },
        { "chance": 75, "item": "bed", "x": [ 17, 18 ], "y": 11 },
        { "chance": 25, "item": "guns_shotgun_common", "x": 16, "y": 12 },
        { "chance": 45, "item": "kitchen", "x": 13, "y": 9 },
        { "chance": 45, "item": "alcohol", "x": 13, "y": 8 }
      ],
      "place_monsters": [ { "monster": "GROUP_ZOMBIE", "x": 10, "y": 15 } ],
      "rows": [
        ".._......_....._...._...",
        "......._....._..._......",
        ".._#_.#__.._...._#.#_.#_",
        "_...____._.._..._#_7#_..",
        "...#____#_._....._##....",
        "..___.##7#__.__.____.#..",
        ".#__#4#_#____##.__#._.._",
        "._.____.___.|||+|w||_...",
        "..___#__#__#|tCfffH|#._.",
        ".__#___..___wtffffH|#...",
        "..#7#.#.c.__|ffff|||_1#_",
        ".._#_.....1_|f&ffbb|#...",
        ".._#__.a.c.#wfdffff|_.#.",
        "_.#._#...._#|||+||w|##4.",
        ".#1#____c___##_._#___...",
        "..##__7##___._..._.___#.",
        "._._.#________..____....",
        ".._#__.__#__.-D-.___#...",
        "..__.__##1#_#-T-#_.#7#_.",
        "_....#_._##._---__.##_..",
        "..#.._.____#_##___#.....",
        "....___.._._._.._.._#.._",
        ".....#.##.....#_..#.....",
        ".._.....__..._......_..."
      ],
      "terrain": {
        "#": "t_underbrush",
        "&": "t_floor",
        "+": "t_door_c",
        "-": "t_wall_wood",
        ".": "t_dirt",
        "1": "t_tree_young",
        "4": "t_tree_pine",
        "7": "t_tree",
        "C": "t_floor",
        "D": "t_door_o",
        "H": "t_floor",
        "T": "t_floor",
        "_": "t_grass",
        "a": "t_dirt",
        "b": "t_floor",
        "c": "t_dirt",
        "d": "t_floor",
        "f": "t_floor",
        "t": "t_floor",
        "w": "t_window_no_curtains",
        "|": "t_wall_log"
      }
    },
    "om_terrain": "riverside_dwelling",
    "type": "mapgen",
    "weight": 100
  },
  {
    "method": "json",
    "object": {
      "place_item": [
        { "item": "corpse", "repeat": 1, "x": 19, "y": 7 },
        { "item": "rag_bloody", "repeat": 1, "x": 13, "y": 12 },
        { "item": "human_flesh", "repeat": 1, "x": 19, "y": 12 },
        { "item": "corpse", "repeat": 1, "x": 13, "y": 14 },
        { "item": "corpse", "repeat": 1, "x": 19, "y": 14 },
        { "item": "corpse", "repeat": 1, "x": 13, "y": 15 },
        { "item": "rag_bloody", "repeat": 1, "x": 14, "y": 15 }
      ],
      "furniture": {
        "#": "f_null",
        "+": "f_null",
        ".": "f_null",
        "0": "f_null",
        "1": "f_null",
        "4": "f_null",
        "7": "f_null",
        "P": "f_null",
        "^": "f_rubble_rock",
        "_": "f_null",
        "f": "f_null",
        "m": "f_makeshift_bed",
        "p": "f_null",
        "r": "f_rubble_rock",
        "s": "f_null",
        "t": "f_table",
        "w": "f_null",
        "{": "f_locker",
        "|": "f_null"
      },
      "place_items": [
        { "chance": 25, "item": "jackets", "x": 7, "y": 11 },
        { "chance": 85, "item": "creepy", "x": [ 18, 19 ], "y": 11 },
        { "chance": 85, "item": "creepy", "x": 14, "y": 9 },
        { "chance": 85, "item": "creepy", "x": 13, "y": 8 },
        { "chance": 25, "item": "trash", "x": 15, "y": 18 },
        { "chance": 25, "item": "trash", "x": 17, "y": 14 },
        { "chance": 25, "item": "trash", "x": 15, "y": 12 },
        { "chance": 25, "item": "trash", "x": 16, "y": 7 },
        { "chance": 15, "item": "dresses", "x": 7, "y": 7 },
        { "chance": 75, "item": "methlab", "x": 13, "y": 11 },
        { "chance": 45, "item": "shirts", "x": 9, "y": 12 },
        { "chance": 45, "item": "shirts", "x": 6, "y": 10 },
        { "chance": 45, "item": "clutter_yard", "x": 7, "y": 20 },
        { "chance": 45, "item": "clutter_yard", "x": 3, "y": 7 },
        { "chance": 45, "item": "clutter_yard", "x": 14, "y": 3 },
        { "chance": 75, "item": "butcher_tools", "x": 18, "y": 12 },
        { "chance": 75, "item": "butcher_tools", "x": 19, "y": 9 },
        { "chance": 75, "item": "butcher_tools", "x": 14, "y": 8 }
      ],
      "place_monsters": [ { "monster": "GROUP_ZOMBIE", "x": 8, "y": 10 } ],
      "place_vehicles": [ { "chance": 15, "fuel": 0, "rotation": 270, "status": -1, "vehicle": "canoe", "x": 13, "y": 19 } ],
      "rows": [
        "......._......_._._.....",
        "._._......_#....__.._.#_",
        "...#..__#.#4#.._...#._..",
        ".#...#..._s##._._.#7#...",
        "__.._##.#_______...##_._",
        ".....1##___._#.....__...",
        ".._.#s_#7#__|||+++|||_..",
        "...._#._#._#|fffffff|.#.",
        "...________.wttfffffw__.",
        "._.#._.P_#__|ttffff{|...",
        "..._7#__.__1||||+||||._.",
        ".._.##0__0_#|mmff+ff|_7.",
        "_....#pp#.__|ffff+ff|#..",
        "..._#4#p1#__||||+||||4#.",
        "__...#s##0__wfffffffw##.",
        "...#..._#__.|ff^__.f|_..",
        ".._.__#__..#||||#.#||#..",
        ".._.#_.4.___#.#s1.r##_._",
        ".#..._#_#7#_..__..#_.##.",
        "..._s_._.#__.__7.1.s.7#.",
        "...._...._.#._#_....##..",
        "_..#.._.#___...#.#_1__._",
        ".._.........._.._..#.#..",
        "....._..._.._..._......_"
      ],
      "terrain": {
        "#": "t_underbrush",
        "+": "t_door_curtain_c",
        ".": "t_dirt",
        "0": "t_pit_shallow",
        "1": "t_tree_young",
        "4": "t_tree_pine",
        "7": "t_tree",
        "P": "t_pit",
        "^": "t_floor",
        "_": "t_grass",
        "f": "t_floor",
        "m": "t_floor",
        "p": "t_pit_corpsed",
        "r": "t_dirt",
        "s": "t_shrub",
        "t": "t_floor",
        "w": "t_window_boarded",
        "{": "t_floor",
        "|": "t_wall"
      }
    },
    "om_terrain": "riverside_dwelling",
    "type": "mapgen",
    "weight": 75
  },
  {
    "method": "json",
    "object": {
      "place_item": [
        { "item": "splinter", "repeat": 1, "x": 7, "y": 7 },
        { "item": "splinter", "repeat": 1, "x": 14, "y": 8 },
        { "item": "splinter", "repeat": 1, "x": 20, "y": 8 },
        { "item": "log", "repeat": 1, "x": 5, "y": 15 },
        { "item": "glass_shard", "repeat": 8, "x": 14, "y": 16 },
        { "item": "splinter", "repeat": 1, "x": 18, "y": 16 },
        { "item": "glass_shard", "repeat": 8, "x": 13, "y": 17 },
        { "item": "glass_shard", "repeat": 8, "x": 14, "y": 17 },
        { "item": "glass_shard", "repeat": 8, "x": 13, "y": 18 }
      ],
      "furniture": {
        "#": "f_null",
        "&": "f_sink",
        "'": "f_null",
        "-": "f_null",
        ".": "f_null",
        "0": "f_null",
        "1": "f_null",
        "4": "f_null",
        "7": "f_null",
        "B": "f_bed",
        "C": "f_cupboard",
        "D": "f_dahlia",
        "F": "f_null",
        "S": "f_shower",
        "T": "f_toilet",
        "_": "f_null",
        "a": "f_dresser",
        "b": "f_bluebell",
        "c": "f_chair",
        "d": "f_null",
        "e": "f_null",
        "f": "f_null",
        "g": "f_counter",
        "h": "f_null",
        "s": "f_null",
        "t": "f_table",
        "w": "f_null",
        "{": "f_bookcase",
        "|": "f_null"
      },
      "place_items": [
        { "chance": 45, "item": "knifeblock", "x": 10, "y": 13 },
        { "chance": 65, "item": "camping", "x": 18, "y": [ 12, 13 ] },
        { "chance": 75, "item": "novels", "x": 13, "y": 10 },
        { "chance": 75, "item": "dresser_shabby", "x": 9, "y": 10 },
        { "chance": 55, "item": "bed", "x": [ 9, 10 ], "y": 9 },
        { "chance": 25, "item": "trash", "x": 12, "y": 15 },
        { "chance": 25, "item": "trash", "x": 14, "y": 13 },
        { "chance": 25, "item": "trash", "x": 10, "y": 12 },
        { "chance": 25, "item": "trash", "x": 15, "y": 10 },
        { "chance": 25, "item": "trash", "x": 15, "y": 6 },
        { "chance": 65, "item": "magazines", "x": 13, "y": 9 },
        { "chance": 15, "item": "cannedfood", "x": 9, "y": 13 }
      ],
      "place_monsters": [ { "monster": "GROUP_SAFE", "x": 14, "y": 12 } ],
      "rows": [
        "...#........._......_...",
        "....._._##__..#._.#..._.",
        "..__...#7#__.._.1#4#_#_.",
        "_.#.__#.#__.___#._##....",
        "#..._____#_##___.#s##_._",
        "._#..#4_-----.#.----_...",
        "...____#F##.###.###F#.4.",
        "._#._#__Fb#b##.##DbF#_#.",
        "_..#7__#||0|||f|||||._..",
        "..._##_.|BBf|{ff|&S|#...",
        "..#1.._#|aff|{ff|fT|7#._",
        "...._#_s|||e|fff|f||#_#.",
        ".#..#._.'ffffffffft|_._.",
        "._..___.|Cg&fffffft|#_..",
        "...#4#_#||||||h||0||_...",
        "..###_._#_wcfcffw##__#_.",
        "_.#7#_#___wfffffw#__._..",
        "...#______|wwddw|__#__..",
        "_#..__s#_________#s7#__.",
        ".#_._.#7##_.__._#.##.__.",
        "...#.._##4__#__#_1._._..",
        "_#.__...#..___._.#..__#_",
        "....#._.._.#......_.#...",
        ".._.._........._....._.."
      ],
      "terrain": {
        "#": "t_underbrush",
        "&": "t_floor",
        "'": "t_window_open",
        "-": "t_fence_h",
        ".": "t_dirt",
        "0": "t_window_empty",
        "1": "t_tree_young",
        "4": "t_tree_pine",
        "7": "t_tree",
        "B": "t_floor",
        "C": "t_floor",
        "D": "t_dirt",
        "F": "t_fence_v",
        "S": "t_floor",
        "T": "t_floor",
        "_": "t_grass",
        "a": "t_floor",
        "b": "t_dirt",
        "c": "t_floor",
        "d": "t_dirtfloor",
        "e": "t_door_b",
        "f": "t_floor",
        "g": "t_floor",
        "h": "t_door_o",
        "s": "t_shrub",
        "t": "t_floor",
        "w": "t_wall_glass",
        "{": "t_floor",
        "|": "t_wall_wood"
      }
    },
    "om_terrain": "riverside_dwelling",
    "type": "mapgen",
    "weight": 100
  }
]
