[
  {
    "id": "guns",
    "type": "ITEM_CATEGORY",
    "name": "GUNS",
    "zone": "LOOT_GUNS",
    "sort_rank": -23
  },
  {
    "id": "magazines",
    "type": "ITEM_CATEGORY",
    "name": "MAGAZINES",
    "zone": "LOOT_MAGAZINES",
    "sort_rank": -22
  },
  {
    "id": "ammo",
    "type": "ITEM_CATEGORY",
    "name": "AMMO",
    "zone": "LOOT_AMMO",
    "sort_rank": -21
  },
  {
    "id": "weapons",
    "type": "ITEM_CATEGORY",
    "name": "WEAPONS",
    "zone": "LOOT_WEAPONS",
    "sort_rank": -20
  },
  {
    "id": "tools",
    "type": "ITEM_CATEGORY",
    "name": "TOOLS",
    "zone": "LOOT_TOOLS",
    "sort_rank": -19
  },
  {
    "id": "clothing",
    "type": "ITEM_CATEGORY",
    "name": "CLOTHING",
    "//": "zone is hardcoded due to filthy clothing",
    "sort_rank": -18
  },
  {
    "id": "food",
    "type": "ITEM_CATEGORY",
    "name": "FOOD",
    "//": "zone is hardcoded",
    "sort_rank": -17
  },
  {
    "id": "drugs",
    "type": "ITEM_CATEGORY",
    "name": "DRUGS",
    "zone": "LOOT_DRUGS",
    "sort_rank": -16
  },
  {
    "id": "books",
    "type": "ITEM_CATEGORY",
    "name": "BOOKS",
    "zone": "LOOT_BOOKS",
    "sort_rank": -15
  },
  {
    "id": "maps",
    "type": "ITEM_CATEGORY",
    "name": "MAPS",
    "sort_rank": -14
  },
  {
    "id": "mods",
    "type": "ITEM_CATEGORY",
    "name": "MODS",
    "zone": "LOOT_MODS",
    "sort_rank": -13
  },
  {
    "id": "mutagen",
    "type": "ITEM_CATEGORY",
    "name": "MUTAGENS",
    "zone": "LOOT_MUTAGENS",
    "sort_rank": -12
  },
  {
    "id": "bionics",
    "type": "ITEM_CATEGORY",
    "name": "BIONICS",
    "zone": "LOOT_BIONICS",
    "sort_rank": -12
  },
  {
    "id": "veh_parts",
    "type": "ITEM_CATEGORY",
    "name": "VEHICLE PARTS",
    "zone": "LOOT_VEHICLE_PARTS",
    "sort_rank": -10
  },
  {
    "id": "other",
    "type": "ITEM_CATEGORY",
    "name": "OTHER",
    "zone": "LOOT_OTHER",
    "sort_rank": -9
  },
  {
    "id": "fuel",
    "type": "ITEM_CATEGORY",
    "name": "FUEL",
    "zone": "LOOT_FUEL",
    "sort_rank": -8
  },
  {
    "id": "seeds",
    "type": "ITEM_CATEGORY",
    "name": "SEEDS",
    "zone": "LOOT_SEEDS",
    "sort_rank": -7
  },
  {
    "id": "chems",
    "type": "ITEM_CATEGORY",
    "name": "CHEMICAL STUFF",
    "zone": "LOOT_CHEMICAL",
    "sort_rank": 5
  },
  {
    "id": "spare_parts",
    "type": "ITEM_CATEGORY",
    "name": "SPARE PARTS",
    "zone": "LOOT_SPARE_PARTS",
    "sort_rank": 8
  },
  {
    "id": "artifacts",
    "type": "ITEM_CATEGORY",
    "name": "ARTIFACTS",
    "zone": "LOOT_ARTIFACTS",
    "sort_rank": 10
  },
  {
    "id": "armor",
    "type": "ITEM_CATEGORY",
    "name": "ARMOR",
    "//": "zone is hardcoded due to filthy clothing",
    "sort_rank": 20
  },
  {
    "id": "ITEMS_WORN",
    "type": "ITEM_CATEGORY",
    "name": "ITEMS WORN",
    "sort_rank": -100
  },
  {
    "id": "WEAPON_HELD",
    "type": "ITEM_CATEGORY",
    "name": "WEAPON HELD",
    "sort_rank": -200
  }
]
