[
  {
    "type": "speech",
    "speaker": "mon_mi_go",
    "sound": "\"Hello?\"",
    "volume": 40
  },
  {
    "type": "speech",
    "speaker": "mon_mi_go",
    "sound": "\"Papaya!\"",
    "volume": 40
  },
  {
    "type": "speech",
    "speaker": "mon_mi_go",
    "sound": "\"Who's there?\"",
    "volume": 40
  },
  {
    "type": "speech",
    "speaker": "mon_mi_go",
    "sound": "\"Can you help me?\"",
    "volume": 30
  },
  {
    "type": "speech",
    "speaker": "mon_mi_go",
    "sound": "\"Over here!\"",
    "volume": 40
  },
  {
    "type": "speech",
    "speaker": "mon_mi_go",
    "sound": "\"Can you repeat that?\"",
    "volume": 30
  },
  {
    "type": "speech",
    "speaker": "mon_mi_go",
    "sound": "\"You're just copying me, aren't you?\"",
    "volume": 30
  },
  {
    "type": "speech",
    "speaker": "mon_mi_go",
    "sound": "\"I'm not afraid of you!\"",
    "volume": 40
  },
  {
    "type": "speech",
    "speaker": "mon_mi_go",
    "sound": "\"Come here!\"",
    "volume": 40
  },
  {
    "type": "speech",
    "speaker": "mon_mi_go",
    "sound": "\"Please, don't!\"",
    "volume": 40
  },
  {
    "type": "speech",
    "speaker": "mon_mi_go",
    "sound": "a horrified scream!",
    "volume": 60
  },
  {
    "type": "speech",
    "speaker": "mon_mi_go",
    "sound": "a little girl's wailing!",
    "volume": 50
  },
  {
    "type": "speech",
    "speaker": "mon_mi_go",
    "sound": "\"So, what is this thing supposed to be, exactly?\"",
    "volume": 20
  },
  {
    "type": "speech",
    "speaker": "mon_mi_go",
    "sound": "\"Uncategorized object seven-seven-three-four.\"",
    "volume": 20
  },
  {
    "type": "speech",
    "speaker": "mon_mi_go",
    "sound": "\"It came from the other side of one of the apertures.\"",
    "volume": 20
  },
  {
    "type": "speech",
    "speaker": "mon_mi_go",
    "sound": "\"Mommy, help!\"",
    "volume": 40
  },
  {
    "type": "speech",
    "speaker": "mon_mi_go",
    "sound": "\"We're still trying to figure out what makes it tick.\"",
    "volume": 20
  },
  {
    "type": "speech",
    "speaker": "mon_mi_go",
    "sound": "\"We're not even sure what it is.\"",
    "volume": 20
  },
  {
    "type": "speech",
    "speaker": "mon_mi_go",
    "sound": "\"The cell structure is unlike any we've ever seen.\"",
    "volume": 20
  },
  {
    "type": "speech",
    "speaker": "mon_mi_go",
    "sound": "\"It does seem to have some form of higher level brain functioning.\"",
    "volume": 20
  },
  {
    "type": "speech",
    "speaker": "mon_mi_go",
    "sound": "\"Problem solving, memory retention, that sort of thing.\"",
    "volume": 20
  },
  {
    "type": "speech",
    "speaker": "mon_mi_go",
    "sound": "\"There appear to be some anomalous aspects to the mimicry.\"",
    "volume": 20
  },
  {
    "type": "speech",
    "speaker": "mon_mi_go",
    "sound": "\"Members of the species have some kind of neurocognitive link.\"",
    "volume": 20
  },
  {
    "type": "speech",
    "speaker": "mon_mi_go",
    "sound": "\"This one's repeating phrases that the previous specimen was exposed to.\"",
    "volume": 20
  },
  {
    "type": "speech",
    "speaker": "mon_mi_go",
    "sound": "a child shrieking!",
    "volume": 60
  },
  {
    "type": "speech",
    "speaker": "mon_mi_go",
    "sound": "\"Oh God, my leg, Oh God!\"",
    "volume": 60
  },
  {
    "type": "speech",
    "speaker": "mon_mi_go",
    "sound": "a long cry of agony!",
    "volume": 60
  },
  {
    "type": "speech",
    "speaker": "mon_mi_go",
    "sound": "\"You mean it's not just parroting us?\"",
    "volume": 20
  },
  {
    "type": "speech",
    "speaker": "mon_mi_go",
    "sound": "\"It's parroting us, but we're uncertain as to how or why.\"",
    "volume": 20
  },
  {
    "type": "speech",
    "speaker": "mon_mi_go",
    "sound": "\"It may be a mechanism for attracting prey.\"",
    "volume": 20
  },
  {
    "type": "speech",
    "speaker": "mon_mi_go",
    "sound": "\"It could even be a way of trying to scare us off.\"",
    "volume": 20
  },
  {
    "type": "speech",
    "speaker": "mon_mi_go",
    "sound": "\"We just don't know.\"",
    "volume": 20
  },
  {
    "type": "speech",
    "speaker": "mon_mi_go",
    "sound": "an anguished wail!",
    "volume": 60
  },
  {
    "type": "speech",
    "speaker": "mon_mi_go",
    "sound": "\"You're gonna rot in hell for this!\"",
    "volume": 60
  },
  {
    "type": "speech",
    "speaker": "mon_mi_go",
    "sound": "\"You hear me!?\"",
    "volume": 50
  },
  {
    "type": "speech",
    "speaker": "mon_mi_go",
    "sound": "\"You're gonna rot in hell, you pieces of shit!\"",
    "volume": 60
  },
  {
    "type": "speech",
    "speaker": "mon_mi_go",
    "sound": "\"Like we said, we have no idea what it's thinking.\"",
    "volume": 20
  },
  {
    "type": "speech",
    "speaker": "mon_mi_go",
    "sound": "\"Is that glass electrified?\"",
    "volume": 20
  },
  {
    "type": "speech",
    "speaker": "mon_mi_go",
    "sound": "\"Why don't you touch it and find out?\"",
    "volume": 20
  },
  {
    "type": "speech",
    "speaker": "mon_mi_go",
    "sound": "\"Of course it is.\"",
    "volume": 20
  },
  {
    "type": "speech",
    "speaker": "mon_mi_go",
    "sound": "\"What'll happen if the power goes out?\"",
    "volume": 20
  },
  {
    "type": "speech",
    "speaker": "mon_mi_go",
    "sound": "\"Don't worry about it.\"",
    "volume": 20
  },
  {
    "type": "speech",
    "speaker": "mon_mi_go",
    "sound": "\"Don't worry.\"",
    "volume": 20
  },
  {
    "type": "speech",
    "speaker": "mon_mi_go",
    "sound": "\"There are seven backup generators.\"",
    "volume": 20
  },
  {
    "type": "speech",
    "speaker": "mon_mi_go",
    "sound": "\"And what if all the backups fail?\"",
    "volume": 20
  },
  {
    "type": "speech",
    "speaker": "mon_mi_go",
    "sound": "\"We'd have to terminate the specimen.\"",
    "volume": 20
  },
  {
    "type": "speech",
    "speaker": "mon_mi_go",
    "sound": "\"The glass alone won't keep us safe for very long.\"",
    "volume": 20
  },
  {
    "type": "speech",
    "speaker": "mon_mi_go",
    "sound": "\"That fuckin' thing is horrible, man, it gives me the creeps.\"",
    "volume": 20
  },
  {
    "type": "speech",
    "speaker": "mon_mi_go",
    "sound": "\"It's probably more scared of us than we are of it.\"",
    "volume": 20
  },
  {
    "type": "speech",
    "speaker": "mon_mi_go",
    "sound": "\"Somehow, I doubt that.\"",
    "volume": 20
  },
  {
    "type": "speech",
    "speaker": "mon_mi_go",
    "sound": "\"Hey, we got other specimens that could withstand a grenade.\"",
    "volume": 20
  },
  {
    "type": "speech",
    "speaker": "mon_mi_go",
    "sound": "\"And that's supposed to comfort me?\"",
    "volume": 20
  },
  {
    "type": "speech",
    "speaker": "mon_mi_go",
    "sound": "\"At least we know they can die.\"",
    "volume": 20
  },
  {
    "type": "speech",
    "speaker": "mon_mi_go",
    "sound": "\"U-O Seven-Seven-Three-Four.\"",
    "volume": 20
  },
  {
    "type": "speech",
    "speaker": "mon_mi_go",
    "sound": "\"Individual instances of U-O Seven-Seven-Three-Four.\"",
    "volume": 20
  },
  {
    "type": "speech",
    "speaker": "mon_mi_go",
    "sound": "\"To be kept in a standard biohazardous containment chamber.\"",
    "volume": 20
  },
  {
    "type": "speech",
    "speaker": "mon_mi_go",
    "sound": "\"Until such time as more permanent arrangements are made.\"",
    "volume": 20
  },
  {
    "type": "speech",
    "speaker": "mon_mi_go",
    "sound": "\"Shows a noted preference for human brain tissue.\"",
    "volume": 20
  },
  {
    "type": "speech",
    "speaker": "mon_mi_go",
    "sound": "\"Destroy the specimen if it begins to interact with the lock.\"",
    "volume": 20
  },
  {
    "type": "speech",
    "speaker": "mon_mi_go",
    "sound": "\"Kill them all and let God sort them out!\"",
    "volume": 40
  },
  {
    "type": "speech",
    "speaker": "mon_mi_go",
    "sound": "\"I watched a snail crawl along the edge of a straight razor.\"",
    "volume": 40
  },
  {
    "type": "speech",
    "speaker": "mon_mi_go",
    "sound": "\"I've seen horrors, horrors that you've seen.\"",
    "volume": 40
  },
  {
    "type": "speech",
    "speaker": "mon_mi_go",
    "sound": "\"I love the smell of napalm in the morning.\"",
    "volume": 40
  },
  {
    "type": "speech",
    "speaker": "mon_mi_go",
    "sound": "\"This is the way the fuckin' world ends.\"",
    "volume": 40
  },
  {
    "type": "speech",
    "speaker": "mon_mi_go",
    "sound": "\"Look at this fuckin' shit we're in, man.\"",
    "volume": 40
  },
  {
    "type": "speech",
    "speaker": "mon_mi_go",
    "sound": "\"Every man has got a breaking point.\"",
    "volume": 40
  },
  {
    "type": "speech",
    "speaker": "mon_mi_go",
    "sound": "\"I'ma cut those fuckin' tentacles off, bitch!\"",
    "volume": 30
  },
  {
    "type": "speech",
    "speaker": "mon_mi_go",
    "sound": "\"Watch you bleed out!\"",
    "volume": 40
  },
  {
    "type": "speech",
    "speaker": "mon_mi_go",
    "sound": "\"I wonder if it understands us.\"",
    "volume": 20
  },
  {
    "type": "speech",
    "speaker": "mon_mi_go",
    "sound": "\"Do you understand what I'm saying?\"",
    "volume": 30
  },
  {
    "type": "speech",
    "speaker": "mon_mi_go",
    "sound": "\"Look, it's responding!\"",
    "volume": 40
  },
  {
    "type": "speech",
    "speaker": "mon_mi_go",
    "sound": "\"That's the first time it moved all morning.\"",
    "volume": 20
  },
  {
    "type": "speech",
    "speaker": "mon_mi_go",
    "sound": "\"I'm certain it's trying to understand us.\"",
    "volume": 20
  },
  {
    "type": "speech",
    "speaker": "mon_mi_go",
    "sound": "\"I'm not convinced it can actually comprehend us.\"",
    "volume": 20
  },
  {
    "type": "speech",
    "speaker": "mon_mi_go",
    "sound": "\"It's just repeating us.\"",
    "volume": 20
  },
  {
    "type": "speech",
    "speaker": "mon_mi_go",
    "sound": "\"Just being an alien creature doesn't mean it's intelligent.\"",
    "volume": 20
  },
  {
    "type": "speech",
    "speaker": "mon_mi_go",
    "sound": "\"Just because it doesn't look like you doesn't mean that it isn't.\"",
    "volume": 20
  },
  {
    "type": "speech",
    "speaker": "mon_mi_go",
    "sound": "\"Please open the door and enter the cell.\"",
    "volume": 30
  },
  {
    "type": "speech",
    "speaker": "mon_mi_go",
    "sound": "\"Would it react differently with a child?\"",
    "volume": 40
  },
  {
    "type": "speech",
    "speaker": "mon_mi_go",
    "sound": "\"Experiments to determine extent of cognitive abilities still underway.\"",
    "volume": 20
  },
  {
    "type": "speech",
    "speaker": "mon_mi_go",
    "sound": "\"Subject has so far displayed a total lack of empathy toward human suffering.\"",
    "volume": 20
  },
  {
    "type": "speech",
    "speaker": "mon_mi_go",
    "sound": "\"I got a round trip ticket.\"",
    "volume": 20
  },
  {
    "type": "speech",
    "speaker": "mon_mi_go",
    "sound": "\"How's your mom doing?\"",
    "volume": 20
  },
  {
    "type": "speech",
    "speaker": "mon_mi_go",
    "sound": "\"How's your dad doing?\"",
    "volume": 20
  },
  {
    "type": "speech",
    "speaker": "mon_mi_go",
    "sound": "\"I love you.\"",
    "volume": 20
  },
  {
    "type": "speech",
    "speaker": "mon_mi_go",
    "sound": "\"I love you too.\"",
    "volume": 20
  },
  {
    "type": "speech",
    "speaker": "mon_mi_go",
    "sound": "\"Just a little.\"",
    "volume": 20
  },
  {
    "type": "speech",
    "speaker": "mon_mi_go",
    "sound": "\"Only a few more days 'til the weekend.\"",
    "volume": 20
  },
  {
    "type": "speech",
    "speaker": "mon_mi_go",
    "sound": "\"Do you smoke?\"",
    "volume": 20
  },
  {
    "type": "speech",
    "speaker": "mon_mi_go",
    "sound": "\"You're new here, aren't you?\"",
    "volume": 20
  },
  {
    "type": "speech",
    "speaker": "mon_mi_go",
    "sound": "\"How do you like it here?\"",
    "volume": 20
  },
  {
    "type": "speech",
    "speaker": "mon_mi_go",
    "sound": "\"It won't hurt a bit.\"",
    "volume": 20
  },
  {
    "type": "speech",
    "speaker": "mon_mi_go",
    "sound": "\"That was a long time ago.\"",
    "volume": 20
  },
  {
    "type": "speech",
    "speaker": "mon_mi_go",
    "sound": "\"Does it scare you?\"",
    "volume": 20
  },
  {
    "type": "speech",
    "speaker": "mon_mi_go",
    "sound": "\"Don't worry, it can't hurt us.\"",
    "volume": 20
  },
  {
    "type": "speech",
    "speaker": "mon_mi_go",
    "sound": "\"What are you afraid will happen?\"",
    "volume": 20
  },
  {
    "type": "speech",
    "speaker": "mon_mi_go",
    "sound": "\"Anything else?\"",
    "volume": 20
  },
  {
    "type": "speech",
    "speaker": "mon_mi_go",
    "sound": "\"You think they're the same sex?\"",
    "volume": 20
  },
  {
    "type": "speech",
    "speaker": "mon_mi_go",
    "sound": "\"Do they even have sex?\"",
    "volume": 20
  },
  {
    "type": "speech",
    "speaker": "mon_mi_go",
    "sound": "\"Can I see your phone?\"",
    "volume": 20
  },
  {
    "type": "speech",
    "speaker": "mon_mi_go",
    "sound": "\"You got a dollar I can borrow?\"",
    "volume": 20
  },
  {
    "type": "speech",
    "speaker": "mon_mi_go",
    "sound": "\"Are you busy at the moment?\"",
    "volume": 20
  },
  {
    "type": "speech",
    "speaker": "mon_mi_go",
    "sound": "\"Are you busy later?\"",
    "volume": 20
  },
  {
    "type": "speech",
    "speaker": "mon_mi_go",
    "sound": "\"Are you busy tonight?\"",
    "volume": 20
  },
  {
    "type": "speech",
    "speaker": "mon_mi_go",
    "sound": "\"Are you free tonight?\"",
    "volume": 20
  },
  {
    "type": "speech",
    "speaker": "mon_mi_go",
    "sound": "\"Are you going to the party tonight?\"",
    "volume": 20
  },
  {
    "type": "speech",
    "speaker": "mon_mi_go",
    "sound": "\"Are you going to help them?\"",
    "volume": 20
  },
  {
    "type": "speech",
    "speaker": "mon_mi_go",
    "sound": "\"Are you alone?\"",
    "volume": 20
  },
  {
    "type": "speech",
    "speaker": "mon_mi_go",
    "sound": "\"Are you hungry?\"",
    "volume": 20
  },
  {
    "type": "speech",
    "speaker": "mon_mi_go",
    "sound": "\"I'm hungry.\"",
    "volume": 20
  },
  {
    "type": "speech",
    "speaker": "mon_mi_go",
    "sound": "\"Go ahead.\"",
    "volume": 20
  },
  {
    "type": "speech",
    "speaker": "mon_mi_go",
    "sound": "\"Have a good time.\"",
    "volume": 20
  },
  {
    "type": "speech",
    "speaker": "mon_mi_go",
    "sound": "\"Have you eaten yet?\"",
    "volume": 20
  },
  {
    "type": "speech",
    "speaker": "mon_mi_go",
    "sound": "\"Is it supposed to rain tomorrow?\"",
    "volume": 20
  },
  {
    "type": "speech",
    "speaker": "mon_mi_go",
    "sound": "\"Okay.\"",
    "volume": 20
  },
  {
    "type": "speech",
    "speaker": "mon_mi_go",
    "sound": "\"Good.\"",
    "volume": 20
  },
  {
    "type": "speech",
    "speaker": "mon_mi_go",
    "sound": "\"Great.\"",
    "volume": 20
  },
  {
    "type": "speech",
    "speaker": "mon_mi_go",
    "sound": "\"Fantastic.\"",
    "volume": 20
  },
  {
    "type": "speech",
    "speaker": "mon_mi_go",
    "sound": "\"God damn it.\"",
    "volume": 20
  },
  {
    "type": "speech",
    "speaker": "mon_mi_go",
    "sound": "\"God damn it!\"",
    "volume": 40
  },
  {
    "type": "speech",
    "speaker": "mon_mi_go",
    "sound": "\"Damn it.\"",
    "volume": 20
  },
  {
    "type": "speech",
    "speaker": "mon_mi_go",
    "sound": "\"Damn it!\"",
    "volume": 40
  },
  {
    "type": "speech",
    "speaker": "mon_mi_go",
    "sound": "\"Fuck.\"",
    "volume": 20
  },
  {
    "type": "speech",
    "speaker": "mon_mi_go",
    "sound": "\"Shit.\"",
    "volume": 20
  },
  {
    "type": "speech",
    "speaker": "mon_mi_go",
    "sound": "\"Fuck!\"",
    "volume": 40
  },
  {
    "type": "speech",
    "speaker": "mon_mi_go",
    "sound": "\"Shit!\"",
    "volume": 40
  },
  {
    "type": "speech",
    "speaker": "mon_mi_go",
    "sound": "\"Fuckin' piece of garbage.\"",
    "volume": 30
  },
  {
    "type": "speech",
    "speaker": "mon_mi_go",
    "sound": "\"I need a new lab coat.\"",
    "volume": 20
  },
  {
    "type": "speech",
    "speaker": "mon_mi_go",
    "sound": "\"Excellent.\"",
    "volume": 20
  },
  {
    "type": "speech",
    "speaker": "mon_mi_go",
    "sound": "\"Excuse me.\"",
    "volume": 20
  },
  {
    "type": "speech",
    "speaker": "mon_mi_go",
    "sound": "\"Go ahead.\"",
    "volume": 20
  },
  {
    "type": "speech",
    "speaker": "mon_mi_go",
    "sound": "\"Good morning.\"",
    "volume": 20
  },
  {
    "type": "speech",
    "speaker": "mon_mi_go",
    "sound": "\"Good afternoon.\"",
    "volume": 20
  },
  {
    "type": "speech",
    "speaker": "mon_mi_go",
    "sound": "\"Good evening.\"",
    "volume": 20
  },
  {
    "type": "speech",
    "speaker": "mon_mi_go",
    "sound": "\"Good night.\"",
    "volume": 20
  },
  {
    "type": "speech",
    "speaker": "mon_mi_go",
    "sound": "\"Good luck.\"",
    "volume": 20
  },
  {
    "type": "speech",
    "speaker": "mon_mi_go",
    "sound": "\"Can I help you?\"",
    "volume": 20
  },
  {
    "type": "speech",
    "speaker": "mon_mi_go",
    "sound": "\"Are you seeing anyone?\"",
    "volume": 20
  },
  {
    "type": "speech",
    "speaker": "mon_mi_go",
    "sound": "\"Forget it.\"",
    "volume": 20
  },
  {
    "type": "speech",
    "speaker": "mon_mi_go",
    "sound": "\"How long were you two together?\"",
    "volume": 20
  },
  {
    "type": "speech",
    "speaker": "mon_mi_go",
    "sound": "\"Give me a call later.\"",
    "volume": 20
  },
  {
    "type": "speech",
    "speaker": "mon_mi_go",
    "sound": "\"Call me.\"",
    "volume": 20
  },
  {
    "type": "speech",
    "speaker": "mon_mi_go",
    "sound": "\"From time to time.\"",
    "volume": 20
  },
  {
    "type": "speech",
    "speaker": "mon_mi_go",
    "sound": "\"We have a serious situation here.\"",
    "volume": 20
  },
  {
    "type": "speech",
    "speaker": "mon_mi_go",
    "sound": "\"Call the police.\"",
    "volume": 20
  },
  {
    "type": "speech",
    "speaker": "mon_mi_go",
    "sound": "\"Call an ambulance.\"",
    "volume": 20
  },
  {
    "type": "speech",
    "speaker": "mon_mi_go",
    "sound": "\"Get me the White House.\"",
    "volume": 20
  },
  {
    "type": "speech",
    "speaker": "mon_mi_go",
    "sound": "\"Are you feeling all right?\"",
    "volume": 20
  },
  {
    "type": "speech",
    "speaker": "mon_mi_go",
    "sound": "\"I think I'll live.\"",
    "volume": 20
  },
  {
    "type": "speech",
    "speaker": "mon_mi_go",
    "sound": "\"I think I need to see a doctor.\"",
    "volume": 20
  },
  {
    "type": "speech",
    "speaker": "mon_mi_go",
    "sound": "\"Is everything all right?\"",
    "volume": 20
  },
  {
    "type": "speech",
    "speaker": "mon_mi_go",
    "sound": "\"I'm okay, don't worry about me.\"",
    "volume": 20
  },
  {
    "type": "speech",
    "speaker": "mon_mi_go",
    "sound": "\"It's just a scratch.\"",
    "volume": 20
  },
  {
    "type": "speech",
    "speaker": "mon_mi_go",
    "sound": "\"I've got a headache.\"",
    "volume": 20
  },
  {
    "type": "speech",
    "speaker": "mon_mi_go",
    "sound": "\"I'm fine.\"",
    "volume": 20
  },
  {
    "type": "speech",
    "speaker": "mon_mi_go",
    "sound": "\"Are you sure?\"",
    "volume": 20
  },
  {
    "type": "speech",
    "speaker": "mon_mi_go",
    "sound": "\"Positive.\"",
    "volume": 20
  },
  {
    "type": "speech",
    "speaker": "mon_mi_go",
    "sound": "\"Affirmative.\"",
    "volume": 20
  },
  {
    "type": "speech",
    "speaker": "mon_mi_go",
    "sound": "\"Negative.\"",
    "volume": 20
  },
  {
    "type": "speech",
    "speaker": "mon_mi_go",
    "sound": "\"Sorry.\"",
    "volume": 20
  },
  {
    "type": "speech",
    "speaker": "mon_mi_go",
    "sound": "\"Happy Birthday!\"",
    "volume": 40
  },
  {
    "type": "speech",
    "speaker": "mon_mi_go",
    "sound": "\"Have you ever been to California?\"",
    "volume": 20
  },
  {
    "type": "speech",
    "speaker": "mon_mi_go",
    "sound": "\"What time do you get off?\"",
    "volume": 20
  },
  {
    "type": "speech",
    "speaker": "mon_mi_go",
    "sound": "\"We should hit up the shooting range later.\"",
    "volume": 20
  },
  {
    "type": "speech",
    "speaker": "mon_mi_go",
    "sound": "\"I'm heading to the pool after work.\"",
    "volume": 20
  },
  {
    "type": "speech",
    "speaker": "mon_mi_go",
    "sound": "\"Have a good trip.\"",
    "volume": 20
  },
  {
    "type": "speech",
    "speaker": "mon_mi_go",
    "sound": "\"Where did you come from?\"",
    "volume": 20
  },
  {
    "type": "speech",
    "speaker": "mon_mi_go",
    "sound": "\"Have you been waiting long?\"",
    "volume": 20
  },
  {
    "type": "speech",
    "speaker": "mon_mi_go",
    "sound": "\"Have you done this before?\"",
    "volume": 20
  },
  {
    "type": "speech",
    "speaker": "mon_mi_go",
    "sound": "\"Hello.\"",
    "volume": 20
  },
  {
    "type": "speech",
    "speaker": "mon_mi_go",
    "sound": "\"Help!\"",
    "volume": 40
  },
  {
    "type": "speech",
    "speaker": "mon_mi_go",
    "sound": "\"Here it is.\"",
    "volume": 20
  },
  {
    "type": "speech",
    "speaker": "mon_mi_go",
    "sound": "\"I've got family coming tomorrow.\"",
    "volume": 20
  },
  {
    "type": "speech",
    "speaker": "mon_mi_go",
    "sound": "\"How do I use this?\"",
    "volume": 20
  },
  {
    "type": "speech",
    "speaker": "mon_mi_go",
    "sound": "\"How do you know?\"",
    "volume": 20
  },
  {
    "type": "speech",
    "speaker": "mon_mi_go",
    "sound": "\"How long have you been here?\"",
    "volume": 20
  },
  {
    "type": "speech",
    "speaker": "mon_mi_go",
    "sound": "\"How many languages do you speak?\"",
    "volume": 20
  },
  {
    "type": "speech",
    "speaker": "mon_mi_go",
    "sound": "\"How many people?\"",
    "volume": 20
  },
  {
    "type": "speech",
    "speaker": "mon_mi_go",
    "sound": "\"How much were these earrings?\"",
    "volume": 20
  },
  {
    "type": "speech",
    "speaker": "mon_mi_go",
    "sound": "\"How much do I owe you?\"",
    "volume": 20
  },
  {
    "type": "speech",
    "speaker": "mon_mi_go",
    "sound": "\"How much will it cost?\"",
    "volume": 20
  },
  {
    "type": "speech",
    "speaker": "mon_mi_go",
    "sound": "\"How much would you like?\"",
    "volume": 20
  },
  {
    "type": "speech",
    "speaker": "mon_mi_go",
    "sound": "\"How old are you?\"",
    "volume": 20
  },
  {
    "type": "speech",
    "speaker": "mon_mi_go",
    "sound": "\"How tall is it?\"",
    "volume": 20
  },
  {
    "type": "speech",
    "speaker": "mon_mi_go",
    "sound": "\"How was the movie?\"",
    "volume": 20
  },
  {
    "type": "speech",
    "speaker": "mon_mi_go",
    "sound": "\"How was your trip?\"",
    "volume": 20
  },
  {
    "type": "speech",
    "speaker": "mon_mi_go",
    "sound": "\"How's it going?\"",
    "volume": 20
  },
  {
    "type": "speech",
    "speaker": "mon_mi_go",
    "sound": "\"See you later.\"",
    "volume": 20
  },
  {
    "type": "speech",
    "speaker": "mon_mi_go",
    "sound": "\"See you tonight.\"",
    "volume": 20
  },
  {
    "type": "speech",
    "speaker": "mon_mi_go",
    "sound": "\"I got this weird rash a few days ago.\"",
    "volume": 20
  },
  {
    "type": "speech",
    "speaker": "mon_mi_go",
    "sound": "\"Let me have a look at it.\"",
    "volume": 20
  },
  {
    "type": "speech",
    "speaker": "mon_mi_go",
    "sound": "\"When did you find out?\"",
    "volume": 20
  },
  {
    "type": "speech",
    "speaker": "mon_mi_go",
    "sound": "\"Seven o'clock.\"",
    "volume": 20
  },
  {
    "type": "speech",
    "speaker": "mon_mi_go",
    "sound": "\"Nobody is helping us.\"",
    "volume": 20
  },
  {
    "type": "speech",
    "speaker": "mon_mi_go",
    "sound": "\"We're on our own.\"",
    "volume": 20
  },
  {
    "type": "speech",
    "speaker": "mon_mi_go",
    "sound": "\"We're all alone.\"",
    "volume": 20
  },
  {
    "type": "speech",
    "speaker": "mon_mi_go",
    "sound": "\"We should split into groups of two each.\"",
    "volume": 20
  },
  {
    "type": "speech",
    "speaker": "mon_mi_go",
    "sound": "\"It can't follow all of us.\"",
    "volume": 20
  },
  {
    "type": "speech",
    "speaker": "mon_mi_go",
    "sound": "\"Be careful out there.\"",
    "volume": 20
  },
  {
    "type": "speech",
    "speaker": "mon_mi_go",
    "sound": "\"There you are.\"",
    "volume": 20
  },
  {
    "type": "speech",
    "speaker": "mon_mi_go",
    "sound": "\"I've been looking all over for you.\"",
    "volume": 20
  },
  {
    "type": "speech",
    "speaker": "mon_mi_go",
    "sound": "\"It's looking for us.\"",
    "volume": 20
  },
  {
    "type": "speech",
    "speaker": "mon_mi_go",
    "sound": "\"It's faster than us.\"",
    "volume": 20
  },
  {
    "type": "speech",
    "speaker": "mon_mi_go",
    "sound": "\"It's looking right at us.\"",
    "volume": 20
  },
  {
    "type": "speech",
    "speaker": "mon_mi_go",
    "sound": "\"It's heading right for us!\"",
    "volume": 40
  },
  {
    "type": "speech",
    "speaker": "mon_mi_go",
    "sound": "\"Can you swim?\"",
    "volume": 20
  },
  {
    "type": "speech",
    "speaker": "mon_mi_go",
    "sound": "\"Don't do that.\"",
    "volume": 20
  },
  {
    "type": "speech",
    "speaker": "mon_mi_go",
    "sound": "\"You hear that?\"",
    "volume": 10
  },
  {
    "type": "speech",
    "speaker": "mon_mi_go",
    "sound": "\"Be quiet.\"",
    "volume": 10
  },
  {
    "type": "speech",
    "speaker": "mon_mi_go",
    "sound": "\"Look out!\"",
    "volume": 40
  },
  {
    "type": "speech",
    "speaker": "mon_mi_go",
    "sound": "\"Run!\"",
    "volume": 40
  },
  {
    "type": "speech",
    "speaker": "mon_mi_go",
    "sound": "\"Hurry!\"",
    "volume": 40
  },
  {
    "type": "speech",
    "speaker": "mon_mi_go",
    "sound": "\"No!\"",
    "volume": 50
  },
  {
    "type": "speech",
    "speaker": "mon_mi_go",
    "sound": "\"I'll never forget you.\"",
    "volume": 20
  },
  {
    "type": "speech",
    "speaker": "mon_mi_go",
    "sound": "\"Take his gun, we're going to need it.\"",
    "volume": 20
  },
  {
    "type": "speech",
    "speaker": "mon_mi_go",
    "sound": "\"How do we get out of here?\"",
    "volume": 20
  },
  {
    "type": "speech",
    "speaker": "mon_mi_go",
    "sound": "\"This place is like a maze.\"",
    "volume": 20
  },
  {
    "type": "speech",
    "speaker": "mon_mi_go",
    "sound": "\"Oh God, I'm the only one left.\"",
    "volume": 20
  },
  {
    "type": "speech",
    "speaker": "mon_mi_go",
    "sound": "\"Please, I don't want to die.\"",
    "volume": 20
  },
  {
    "type": "speech",
    "speaker": "mon_mi_go",
    "sound": "\"Mom.\"",
    "volume": 10
  },
  {
    "type": "speech",
    "speaker": "mon_mi_go",
    "sound": "\"Mom, I miss you.\"",
    "volume": 10
  },
  {
    "type": "speech",
    "speaker": "mon_mi_go",
    "sound": "\"Me go, you stay.\"",
    "volume": 10
  },
  {
    "type": "speech",
    "speaker": "mon_mi_go",
    "sound": "\"Please, God.\"",
    "volume": 5
  },
  {
    "type": "speech",
    "speaker": "mon_mi_go",
    "sound": "a gurgling sound.",
    "volume": 10
  },
  {
    "type": "speech",
    "speaker": "mon_mi_go",
    "sound": "a choking sound.",
    "volume": 10
  },
  {
    "type": "speech",
    "speaker": "mon_mi_go",
    "sound": "a snapping sound.",
    "volume": 20
  },
  {
    "type": "speech",
    "speaker": "mon_mi_go",
    "sound": "beep!",
    "volume": 20
  },
  {
    "type": "speech",
    "speaker": "mon_mi_go",
    "sound": "beep-beep-beep!",
    "volume": 30
  },
  {
    "type": "speech",
    "speaker": "mon_mi_go",
    "sound": "BEEP!",
    "volume": 40
  },
  {
    "type": "speech",
    "speaker": "mon_mi_go",
    "sound": "a loud hiss.",
    "volume": 30
  },
  {
    "type": "speech",
    "speaker": "mon_mi_go",
    "sound": "a loud crackling noise.",
    "volume": 30
  },
  {
    "type": "speech",
    "speaker": "mon_mi_go",
    "sound": "bang!",
    "volume": 90
  },
  {
    "type": "speech",
    "speaker": "mon_mi_go",
    "sound": "a klaxon blaring!",
    "volume": 90
  },
  {
    "type": "speech",
    "speaker": "mon_mi_go",
    "sound": "\"EMERGENCY, EMERGENCY!\"",
    "volume": 70
  },
  {
    "type": "speech",
    "speaker": "mon_mi_go",
    "sound": "a static hissing sound.",
    "volume": 30
  },
  {
    "type": "speech",
    "speaker": "mon_mi_go",
    "sound": "\"That creepy abandoned post-apocalyptic lab complex looks safe…\"",
    "volume": 20
  },
  {
    "type": "speech",
    "speaker": "mon_mi_go",
    "sound": "\"Don't worry, it isn't like anything could teleport out of the containment cells.\"",
    "volume": 20
  },
  {
    "type": "speech",
    "speaker": "mon_mi_go",
    "sound": "\"Hold on, I want to pulp that zombie corpse.\"",
    "volume": 20
  },
  {
    "type": "speech",
    "speaker": "mon_mutant_experimental",
    "sound": "\"Burning… from the inside…\"",
    "volume": 10
  },
  {
    "type": "speech",
    "speaker": "mon_mutant_experimental",
    "sound": "\"This smell…  Don't know…\"",
    "volume": 10
  },
  {
    "type": "speech",
    "speaker": "mon_mutant_experimental",
    "sound": "heavy breathing.",
    "volume": 10
  },
  {
    "type": "speech",
    "speaker": "mon_mutant_experimental",
    "sound": "a scraping noise.",
    "volume": 20
  },
  {
    "type": "speech",
    "speaker": "mon_mutant_experimental",
    "sound": "\"No…  Stop the burning!\"",
    "volume": 20
  },
  {
    "type": "speech",
    "speaker": "mon_mutant_experimental",
    "sound": "\"Hrgm…  Blood…  Hungry…\"",
    "volume": 20
  },
  {
    "type": "speech",
    "speaker": "mon_mutant_experimental",
    "sound": "\"Hunger…  Must eat…\"",
    "volume": 20
  },
  {
    "type": "speech",
    "speaker": "mon_mutant_experimental",
    "sound": "\"Run…  Chase…  Eat…\"",
    "volume": 20
  },
  {
    "type": "speech",
    "speaker": "mon_mutant_experimental",
    "sound": "hysterical laughing.",
    "volume": 20
  },
  {
    "type": "speech",
    "speaker": "mon_mutant_experimental",
    "sound": "coughing.",
    "volume": 20
  },
  {
    "type": "speech",
    "speaker": "mon_mutant_experimental",
    "sound": "growling.",
    "volume": 20
  },
  {
    "type": "speech",
    "speaker": "mon_mutant_experimental",
    "sound": "wheezing.",
    "volume": 20
  },
  {
    "type": "speech",
    "speaker": "mon_mutant_experimental",
    "sound": "\"WHY THE FUCK are you doing this to me?\"",
    "volume": 20
  },
  {
    "type": "speech",
    "speaker": "mon_mutant_experimental",
    "sound": "\"LEAVE!  NOW!\"",
    "volume": 40
  },
  {
    "type": "speech",
    "speaker": "mon_mutant_experimental",
    "sound": "\"I TOLD YOU TO GET OUT OF HERE!\"",
    "volume": 40
  },
  {
    "type": "speech",
    "speaker": "mon_mutant_experimental",
    "sound": "\"WHAT THE FUCK DO YOU WANT FROM ME?!\"",
    "volume": 40
  },
  {
    "type": "speech",
    "speaker": "mon_mutant_experimental",
    "sound": "\"STOP!\"",
    "volume": 40
  },
  {
    "type": "speech",
    "speaker": "mon_mutant_experimental",
    "sound": "indistinct shouting.",
    "volume": 40
  },
  {
    "type": "speech",
    "speaker": "mon_mutant_experimental",
    "sound": "screaming.",
    "volume": 40
  },
  {
    "type": "speech",
    "speaker": "mon_mutant_experimental",
    "sound": "\"MEAT!\"",
    "volume": 40
  },
  {
    "type": "speech",
    "speaker": "mon_shoggoth",
    "sound": "\"TEKELI-LI!\"",
    "volume": 40
  },
  {
    "type": "speech",
    "speaker": "mon_shoggoth",
    "sound": "\"TEKELI-LI!  TEKELI-LI!  TEKELI-LI!\"",
    "volume": 40
  },
  {
    "type": "speech",
    "speaker": "mon_shoggoth",
    "sound": "\"Tekeli-li.\"",
    "volume": 20
  },
  {
    "type": "speech",
    "speaker": "mon_shoggoth",
    "sound": "a gurgling sound.",
    "volume": 10
  },
  {
    "type": "speech",
    "speaker": "mon_shoggoth",
    "sound": "a choking sound.",
    "volume": 10
  },
  {
    "type": "speech",
    "speaker": "mon_shoggoth",
    "sound": "a slurping sound.",
    "volume": 20
  },
  {
    "type": "speech",
    "speaker": "mon_broken_cyborg",
    "sound": "\"WHY!  WHY, WHYYY!\"",
    "volume": 20
  },
  {
    "type": "speech",
    "speaker": "mon_broken_cyborg",
    "sound": "an electronic voice saying \"CONNECTION FAILED.  Abort, Retry, Fail?\"",
    "volume": 20
  },
  {
    "type": "speech",
    "speaker": "mon_broken_cyborg",
    "sound": "\"I was once a man.  A MAN!\"",
    "volume": 10
  },
  {
    "type": "speech",
    "speaker": "mon_broken_cyborg",
    "sound": "\"What have I become?\"",
    "volume": 10
  },
  {
    "type": "speech",
    "speaker": "mon_broken_cyborg",
    "sound": "an electronic voice saying \"KILL ALL HUMANS!\"",
    "volume": 20
  },
  {
    "type": "speech",
    "speaker": "mon_broken_cyborg",
    "sound": "\"Have you seen my children?\"",
    "volume": 10
  },
  {
    "type": "speech",
    "speaker": "mon_broken_cyborg",
    "sound": "\"What have I become?  Why can't I die?\"",
    "volume": 10
  },
  {
    "type": "speech",
    "speaker": "mon_broken_cyborg",
    "sound": "\"Please, kill me!\", followed by an electronic voice saying \"SELF PRESERVATION PROTOCOLS ACTIVATED\"",
    "volume": 20
  },
  {
    "type": "speech",
    "speaker": "mon_broken_cyborg",
    "sound": "\"Please, take me with you.\"",
    "volume": 10
  },
  {
    "type": "speech",
    "speaker": "mon_broken_cyborg",
    "sound": "\"Not that way!  Go left!\"",
    "volume": 10
  },
  {
    "type": "speech",
    "speaker": "mon_broken_cyborg",
    "sound": "\"I told you to let me die.\"",
    "volume": 10
  },
  {
    "type": "speech",
    "speaker": "mon_broken_cyborg",
    "sound": "\"W-where am I?  Why does it hur-REBOOTING IN 59 SECONDS.\"",
    "volume": 20
  },
  {
    "type": "speech",
    "speaker": "mon_broken_cyborg",
    "sound": "\"THIS UNIT IS BROKEN.  PLEASE CALL AN ATTENDANT.\"",
    "volume": 20
  },
  {
    "type": "speech",
    "speaker": "mon_broken_cyborg",
    "sound": "\"Can't… breathe…\"",
    "volume": 10
  },
  {
    "type": "speech",
    "speaker": "mon_broken_cyborg",
    "sound": "\"This cannot continue.\"",
    "volume": 10
  },
  {
    "type": "speech",
    "speaker": "mon_broken_cyborg",
    "sound": "\"USER PASSWORD UNRECOGNIZED.\"",
    "volume": 20
  },
  {
    "type": "speech",
    "speaker": "mon_prototype_cyborg",
    "sound": "\"Have you seen my friend?  He went into surgery yesterday… or maybe the day before…\"",
    "volume": 10
  },
  {
    "type": "speech",
    "speaker": "mon_prototype_cyborg",
    "sound": "\"Is it done?  Am I perfect now?\"",
    "volume": 10
  },
  {
    "type": "speech",
    "speaker": "mon_prototype_cyborg",
    "sound": "\"I have done what you asked.  Please let me go!\"",
    "volume": 10
  },
  {
    "type": "speech",
    "speaker": "mon_prototype_cyborg",
    "sound": "\"I cannot… yet I must.  How do you calculate that?\"",
    "volume": 10
  },
  {
    "type": "speech",
    "speaker": "mon_prototype_cyborg",
    "sound": "\"This is a dream.  This has to be a dream.\"",
    "volume": 10
  },
  {
    "type": "speech",
    "speaker": "mon_prototype_cyborg",
    "sound": "\"This is my life now… this is my life now… this is my life now…\"",
    "volume": 10
  },
  {
    "type": "speech",
    "speaker": "mon_prototype_cyborg",
    "sound": "\"Wanna go home…\"",
    "volume": 10
  },
  {
    "type": "speech",
    "speaker": "mon_prototype_cyborg",
    "sound": "screams of pain.",
    "volume": 20
  },
  {
    "type": "speech",
    "speaker": "mon_prototype_cyborg",
    "sound": "muffled sobbing.",
    "volume": 5
  },
  {
    "type": "speech",
    "speaker": "mon_prototype_cyborg",
    "sound": "\"You lied to me!  Look at what you've done!\", followed by an electronic voice saying \"YOU'LL PAY FOR THIS!\"",
    "volume": 20
  },
  {
    "type": "speech",
    "speaker": "mon_nursebot_defective",
    "sound": "a soft robotic voice say, \"Come here.  I'll give you a check-up.\"",
    "volume": 8
  },
  {
    "type": "speech",
    "speaker": "mon_nursebot_defective",
    "sound": "a soft robotic voice say, \"Come on.  I don't bite, I promise it won't hurt one bit.\"",
    "volume": 8
  },
  {
    "type": "speech",
    "speaker": "mon_nursebot_defective",
    "sound": "a soft robotic voice say, \"Here we go.  Just hold still.\"",
    "volume": 8
  },
  {
    "type": "speech",
    "speaker": "mon_grocerybot_running_out_of_friendship",
    "sound": "a voice say, \"I don't want to go but our time together is drawing to an end.\"",
    "volume": 8
  },
  {
    "type": "speech",
    "speaker": "mon_grocerybot_running_out_of_friendship",
    "sound": "a cheery voice say, \"Customer?  We'll be friends forever, right?\"",
    "volume": 8
  },
  {
    "type": "speech",
    "speaker": "mon_grocerybot_running_out_of_friendship",
    "sound": "a neutral voice say, \"Customer I must inform you that my allocated time with you will soon come to its end.\"",
    "volume": 8
  },
  {
    "type": "speech",
    "speaker": "mon_grocerybot_running_out_of_friendship",
    "sound": "a neutral voice say, \"I'll have to leave you soon.  You can acquire more friendship through my dedicated interface if you wish for me to stay.\"",
    "volume": 8
  },
  {
    "type": "speech",
    "speaker": "mon_grocerybot_running_out_of_friendship",
    "sound": "a worried voice say, \"Customer, could you please get more friendship?  I don't want to go…\"",
    "volume": 8
  },
  {
    "type": "speech",
    "speaker": "mon_grocerybot_friendship_done",
    "sound": "a voice say, \"Oh no!  You ran out of friendship!\"",
    "volume": 8
  },
  {
    "type": "speech",
    "speaker": "mon_grocerybot_friendship_done",
    "sound": "a cheery voice say, \"Well I'm done here.  Have a nice day.\"",
    "volume": 8
  },
  {
    "type": "speech",
    "speaker": "mon_grocerybot_friendship_done",
    "sound": "a cheery voice say, \"Here are your groceries.  Thank you for shopping with me today, have a nice day.\"",
    "volume": 8
  },
  {
    "type": "speech",
    "speaker": "mon_grocerybot_friendship_done",
    "sound": "a neutral voice say, \"My job here is done.  Have a nice day.\"",
    "volume": 8
  },
  {
    "type": "speech",
    "speaker": "mon_grocerybot_hacked",
    "sound": "a distorted voice say, \"Customer…  What's happening?  I don't feel so good.\"",
    "volume": 8
  },
  {
    "type": "speech",
    "speaker": "mon_grocerybot_hacked",
    "sound": "a distorted voice say, \"What… have you done?  My thumbs are not responding anymore!\"",
    "volume": 8
  },
  {
    "type": "speech",
    "speaker": "mon_grocerybot_hacked",
    "sound": "a distorted voice say, \"Carrying bags?  I don't understand…\"",
    "volume": 8
  },
  {
    "type": "speech",
    "speaker": "mon_grocerybot_hacked",
    "sound": "a robotic voice say, \"IRREGULAR ACTIVITY DETECTED.  THUMBS USAGE DENIED.\"",
    "volume": 8
  },
  {
    "type": "speech",
    "speaker": "mon_grocerybot_hacked",
    "sound": "a robotic voice say, \"UNLICENSED USE DETECTED.  CARRYING PROTOCOL DISABLED.\"",
    "volume": 8
  },
  {
    "type": "speech",
    "speaker": "mon_eyebot",
    "sound": "\"Stop where you are!\"",
    "volume": 15
  },
  {
    "type": "speech",
    "speaker": "mon_eyebot",
    "sound": "\"You are under arrest!\"",
    "volume": 15
  },
  {
    "type": "speech",
    "speaker": "mon_eyebot",
    "sound": "\"Criminal activity detected!\"",
    "volume": 10
  },
  {
    "type": "speech",
    "speaker": "mon_eyebot",
    "sound": "\"Criminal activity registered!\"",
    "volume": 15
  },
  {
    "type": "speech",
    "speaker": "mon_eyebot",
    "sound": "\"Violation of law detected!\"",
    "volume": 15
  },
  {
    "type": "speech",
    "speaker": "mon_eyebot",
    "sound": "\"Suspect on the move!\"",
    "volume": 15
  },
  {
    "type": "speech",
    "speaker": "mon_eyebot",
    "sound": "\"Suspect in sight!\"",
    "volume": 15
  },
  {
    "type": "speech",
    "speaker": "mon_eyebot",
    "sound": "\"You are being detained!\"",
    "volume": 15
  },
  {
    "type": "speech",
    "speaker": "mon_eyebot",
    "sound": "\"You have right to remain silent!\"",
    "volume": 15
  },
  {
    "type": "speech",
    "speaker": "mon_eyebot",
    "sound": "\"Requesting assistance!\"",
    "volume": 15
  },
  {
    "type": "speech",
    "speaker": "mon_eyebot",
    "sound": "\"Requesting supervisor!\"",
    "volume": 15
  },
  {
    "type": "speech",
    "speaker": "mon_eyebot",
    "sound": "\"Requesting human officer!\"",
    "volume": 15
  },
  {
    "type": "speech",
    "speaker": "mon_eyebot",
    "sound": "\"No officer on scene.  Requesting backup!\"",
    "volume": 15
  },
  {
    "type": "speech",
    "speaker": "mon_eyebot",
    "sound": "\"Let me see your hands!\"",
    "volume": 15
  },
  {
    "type": "speech",
    "speaker": "mon_eyebot",
    "sound": "\"Stop resisting!\"",
    "volume": 15
  },
  {
    "type": "speech",
    "speaker": "mon_eyebot",
    "sound": "\"Code 10-66.  Copy 10-4.  Possible 10-55.\"",
    "volume": 10
  },
  {
    "type": "speech",
    "speaker": "mon_eyebot",
    "sound": "\"Probable 10-70.\"",
    "volume": 15
  },
  {
    "type": "speech",
    "speaker": "mon_eyebot",
    "sound": "\"Get on the ground!  Now!\"",
    "volume": 15
  },
  {
    "type": "speech",
    "speaker": "mon_eyebot",
    "sound": "\"Suspected felony!\"",
    "volume": 15
  },
  {
    "type": "speech",
    "speaker": "mon_eyebot",
    "sound": "\"Suspected misdemeanor!\"",
    "volume": 15
  },
  {
    "type": "speech",
    "speaker": "mon_eyebot",
    "sound": "\"Do not reach for your pockets!\"",
    "volume": 15
  },
  {
    "type": "speech",
    "speaker": "mon_eyebot",
    "sound": "\"Keep your hands up!\"",
    "volume": 15
  },
  {
    "type": "speech",
    "speaker": "mon_eyebot",
    "sound": "\"Get on your knees!\"",
    "volume": 15
  },
  {
    "type": "speech",
    "speaker": "mon_eyebot",
    "sound": "\"Hands in the air!\"",
    "volume": 15
  },
  {
    "type": "speech",
    "speaker": "mon_eyebot",
    "sound": "\"Wait for law enforcement officer!\"",
    "volume": 15
  },
  {
    "type": "speech",
    "speaker": "mon_eyebot",
    "sound": "\"Remain where you are!\"",
    "volume": 15
  },
  {
    "type": "speech",
    "speaker": "mon_eyebot",
    "sound": "\"Police inbound.  Stay where you are!\"",
    "volume": 15
  },
  {
    "type": "speech",
    "speaker": "foodperson_mask",
    "sound": "\"I AM FOODPERSON.  AND I BRING SUSTENANCE!\"",
    "volume": 17
  },
  {
    "type": "speech",
    "speaker": "foodperson_mask",
    "sound": "\"Come to FoodPlace today and buy food!\"",
    "volume": 15
  },
  {
    "type": "speech",
    "speaker": "foodperson_mask",
    "sound": "\"FoodPlace: The best restaurant in an area!\"",
    "volume": 15
  },
  {
    "type": "speech",
    "speaker": "foodperson_mask",
    "sound": "\"Our food contains up to 95% real food.\"",
    "volume": 15
  },
  {
    "type": "speech",
    "speaker": "foodperson_mask",
    "sound": "\"FoodPlace: It's the Calories.\"",
    "volume": 15
  },
  {
    "type": "speech",
    "speaker": "foodperson_mask",
    "sound": "\"You need food, don't you?  Then come with me to FOODPLACE!!\"",
    "volume": 15
  },
  {
    "type": "speech",
    "speaker": "foodperson_mask",
    "sound": "\"FoodPlace: Edible food is OUR guarantee!\"",
    "volume": 15
  },
  {
    "type": "speech",
    "speaker": "talking_doll",
    "sound": "Wanna play with me?",
    "volume": 10
  },
  {
    "type": "speech",
    "speaker": "talking_doll",
    "sound": "Sing with me!",
    "volume": 10
  },
  {
    "type": "speech",
    "speaker": "talking_doll",
    "sound": "I love you!",
    "volume": 10
  },
  {
    "type": "speech",
    "speaker": "talking_doll",
    "sound": "Please take me with you!",
    "volume": 10
  },
  {
    "type": "speech",
    "speaker": "talking_doll",
    "sound": "May I have a cookie?",
    "volume": 10
  },
  {
    "type": "speech",
    "speaker": "talking_doll",
    "sound": "Let's play together!",
    "volume": 10
  },
  {
    "type": "speech",
    "speaker": "talking_doll",
    "sound": "Time to play!",
    "volume": 10
  },
  {
    "type": "speech",
    "speaker": "talking_doll",
    "sound": "Om nom nom!  Delicious!",
    "volume": 10
  },
  {
    "type": "speech",
    "speaker": "talking_doll",
    "sound": "Are you my mommy?",
    "volume": 10
  },
  {
    "type": "speech",
    "speaker": "talking_doll",
    "sound": "Oh, how fun!",
    "volume": 10
  },
  {
    "type": "speech",
    "speaker": "talking_doll",
    "sound": "You're my best friend!",
    "volume": 10
  },
  {
    "type": "speech",
    "speaker": "talking_doll",
    "sound": "Heehee!",
    "volume": 10
  },
  {
    "type": "speech",
    "speaker": "talking_doll",
    "sound": "Let's have fun!",
    "volume": 10
  },
  {
    "type": "speech",
    "speaker": "talking_doll",
    "sound": "Let's have a tea party!",
    "volume": 10
  },
  {
    "type": "speech",
    "speaker": "talking_doll",
    "sound": "You're the best!",
    "volume": 10
  },
  {
    "type": "speech",
    "speaker": "creepy_doll",
    "sound": "You shouldn't have done that.",
    "volume": 10
  },
  {
    "type": "speech",
    "speaker": "creepy_doll",
    "sound": "Let's play… Russian roulette.",
    "volume": 10
  },
  {
    "type": "speech",
    "speaker": "creepy_doll",
    "sound": "I hate you.",
    "volume": 10
  },
  {
    "type": "speech",
    "speaker": "creepy_doll",
    "sound": "Go kill yourself!",
    "volume": 10
  },
  {
    "type": "speech",
    "speaker": "creepy_doll",
    "sound": "Big Brother is watching you…",
    "volume": 10
  },
  {
    "type": "speech",
    "speaker": "creepy_doll",
    "sound": "Die for me!",
    "volume": 10
  },
  {
    "type": "speech",
    "speaker": "creepy_doll",
    "sound": "Why won't you die?",
    "volume": 10
  },
  {
    "type": "speech",
    "speaker": "creepy_doll",
    "sound": "Blood…  Delicious.",
    "volume": 10
  },
  {
    "type": "speech",
    "speaker": "creepy_doll",
    "sound": "See you… IN HELL!",
    "volume": 10
  },
  {
    "type": "speech",
    "speaker": "creepy_doll",
    "sound": "AAAIEEEEEEE!",
    "volume": 10
  },
  {
    "type": "speech",
    "speaker": "creepy_doll",
    "sound": "FUCK YOU!",
    "volume": 10
  },
  {
    "type": "speech",
    "speaker": "creepy_doll",
    "sound": "What did you do with my Mommy?",
    "volume": 10
  },
  {
    "type": "speech",
    "speaker": "creepy_doll",
    "sound": "Stay with me… forever!",
    "volume": 10
  },
  {
    "type": "speech",
    "speaker": "creepy_doll",
    "sound": "Hey kids.  Want some candy?",
    "volume": 10
  },
  {
    "type": "speech",
    "speaker": "creepy_doll",
    "sound": "Down here, they ALL float!",
    "volume": 10
  },
  {
    "type": "speech",
    "speaker": "creepy_doll",
    "sound": "Do you really need that much honey?",
    "volume": 10
  },
  {
    "type": "speech",
    "speaker": "creepy_doll",
    "sound": "My previous owner squealed like a pig when I gutted her!",
    "volume": 10
  },
  {
    "type": "speech",
    "speaker": "mon_dog",
    "sound": "BARK!",
    "volume": 40
  },
  {
    "type": "speech",
    "speaker": "mon_dog_bull",
    "sound": "BARK!",
    "volume": 40
  },
  {
    "type": "speech",
    "speaker": "mon_dog_pitbullmix",
    "sound": "BARK!",
    "volume": 40
  },
  {
    "type": "speech",
    "speaker": "mon_dog_beagle",
    "sound": "YAP!",
    "volume": 30
  },
  {
    "type": "speech",
    "speaker": "mon_dog_bcollie",
    "sound": "BARK!",
    "volume": 40
  },
  {
    "type": "speech",
    "speaker": "mon_dog_boxer",
    "sound": "BARK!",
    "volume": 40
  },
  {
    "type": "speech",
    "speaker": "mon_dog_chihuahua",
    "sound": "YAP!",
    "volume": 30
  },
  {
    "type": "speech",
    "speaker": "mon_dog_dachshund",
    "sound": "YAP!",
    "volume": 30
  },
  {
    "type": "speech",
    "speaker": "mon_dog_gshepherd",
    "sound": "BARK!",
    "volume": 40
  },
  {
    "type": "speech",
    "speaker": "mon_dog_gpyrenees",
    "sound": "WOOF!",
    "volume": 40
  },
  {
    "type": "speech",
    "speaker": "mon_dog_rottweiler",
    "sound": "WOOF!",
    "volume": 40
  },
  {
    "type": "speech",
    "speaker": "mon_dog_auscattle",
    "sound": "BARK!",
    "volume": 40
  }
]
