[
  {
    "id": "calcium",
    "type": "vitamin",
    "name": "Calcium",
    "deficiency": "hypocalcemia",
    "min": -12000,
    "rate": "15 m",
    "disease": [ [ -4800, -5600 ], [ -5601, -6400 ], [ -6401, -12000 ] ]
  },
  {
    "id": "iron",
    "type": "vitamin",
    "name": "Iron",
    "excess": "hypervitaminosis",
    "deficiency": "anemia",
    "min": -12000,
    "max": 3600,
    "rate": "15 m",
    "disease": [ [ -4800, -5600 ], [ -5601, -6400 ], [ -6401, -12000 ] ]
  },
  {
    "id": "vitA",
    "type": "vitamin",
    "name": "Vitamin A",
    "excess": "hypervitaminosis",
    "deficiency": "hypovitA",
    "min": -8400,
    "max": 3600,
    "rate": "15 m",
    "disease": [ [ -2000, -4800 ], [ -4801, -5600 ], [ -5601, -8400 ] ]
  },
  {
    "id": "vitB",
    "type": "vitamin",
    "name": "Vitamin B12",
    "deficiency": "hypovitB",
    "min": -5600,
    "rate": "15 m",
    "disease": [ [ -2800, -3600, 1 ], [ -3601, -4400, 2 ], [ -4401, -5600, 3 ] ]
  },
  {
    "id": "vitC",
    "type": "vitamin",
    "name": "Vitamin C",
    "deficiency": "scurvy",
    "min": -5600,
    "rate": "15 m",
    "disease": [ [ -2800, -3600, 1 ], [ -3601, -4400, 2 ], [ -4401, -5600, 3 ] ]
  },
  {
    "id": "mutant_toxin",
    "type": "vitamin",
    "name": "Toxins",
    "excess": "toxin_buildup",
    "min": 0,
    "max": 1800,
    "rate": "15 m",
    "disease_excess": [ [ 500, 949 ], [ 950, 1399 ], [ 1400, 1800 ] ]
  }
]
