[
  {
    "type": "mapgen",
    "om_terrain": [ [ "microlab_generic" ] ],
    "method": "json",
    "object": {
      "fill_ter": "t_strconc_floor",
      "rows": [
        " cc  |    2  |rrrr|     ",
        " cc  ==[==|  ||||||     ",
        "     =    |  |i  l|r i  ",
        "     [    |22|i  l|r c  ",
        " FFFF=    |  |i  l|r c  ",
        "|||||||||||  ||2||||    ",
        " F|F |####|        | c  ",
        " F|F ||||||        | c  ",
        " F|F |????         | i  ",
        "     |             |   Y",
        "|5||||   dddddd    |2|||",
        "    2 Y  dh^  d    |    ",
        "    2 Y  d  ^hd    |    ",
        "|2||||   dddddd    |(((|",
        "    r|             2    ",
        "cc  r|????         |^   ",
        "cc hc||||||        | h  ",
        "    c|FFFF|  |     |6tt ",
        "|||||||22||  ||((22|||||",
        "          |  |     |FF| ",
        "   c6  6c |  |c    |  | ",
        "   cc  cc |  |6h        ",
        "   cc  cc |  |c  ccccc  ",
        "          |22|          "
      ],
      "palettes": [ "microlab" ],
      "items": { "l": { "item": "cleaning", "chance": 50, "repeat": [ 1, 3 ] } }
    }
  },
  {
    "type": "mapgen",
    "om_terrain": [ [ "microlab_generic" ] ],
    "method": "json",
    "object": {
      "fill_ter": "t_strconc_floor",
      "rows": [
        " cc  |    |  |FFFF|6    ",
        " cc      F|  ||||||6 h  ",
        "         F|  2    |^    ",
        "c=   dd ||||||||r |6h   ",
        "c=   dh |;|;| ;|r |6    ",
        "|||22||||2|2|2||r |||||2",
        " F|  |##|      |F =FFFF ",
        " F|  ||||||    |F =     ",
        " F|  |ll|i     |F 2  cc ",
        "  2  |i |i     |F =  cc ",
        "|||  ||2||||||2||||22|||",
        "     2           Y      ",
        "     2           Y      ",
        "||2||||2||||||2|     |||",
        "    r|i |iiiY  |     |c ",
        "cc  r|ll|      |  =[==c ",
        "cc hc||||      |  =  =c ",
        "    c|@@|2|2|2||  =  [  ",
        "||2|||  |;|;| ;|  =[==||",
        "     =[=||||||||  | c c ",
        "  c  Y   6|       | c c ",
        "  iccc   6|       | i i ",
        "  c      6|  |||2||     ",
        "  c c|c   |22|    | c c "
      ],
      "palettes": [ "microlab" ]
    }
  },
  {
    "type": "mapgen",
    "om_terrain": [ [ "microlab_generic" ] ],
    "method": "json",
    "object": {
      "fill_ter": "t_strconc_floor",
      "rows": [
        " cc  |   c|  |c  c|   c ",
        " cc  |   c|  ||||||   c ",
        "     | h 6|      c|     ",
        " dd  |==|||||||  ?|6h   ",
        " hd  |tt|^    =  ?|6    ",
        "|||=[|||| hth =Y ?||||||",
        " c|  |##| hth =Y V|h  = ",
        " c|  |##| hth =  c|dd = ",
        " c|=[|##| hth =  a|   ] ",
        "  |  |##|^    [   |   = ",
        "|||  ||||||||||   |=[=||",
        "     2                  ",
        "     2                  ",
        "||2||||||======[[=|  ||2",
        "    r|##|^       ^|  |r ",
        "cc  r|##| htth  hh|  |r ",
        "cc h6|||| htth  tt|  |r ",
        "    c|  2       tt|  |r ",
        "||||||;i|foee   hh|  |||",
        "     ||||||||||||||  |c ",
        "  c      6|          |c ",
        "  iccc   6|          2  ",
        "  c      6|  |||||||||  ",
        "  c c|c   |22|6hh6|cc   "
      ],
      "palettes": [ "microlab" ]
    }
  },
  {
    "type": "mapgen",
    "om_terrain": [ [ "microlab_generic" ] ],
    "method": "json",
    "object": {
      "fill_ter": "t_strconc_floor",
      "rows": [
        " cc c|c   |  |r  F|     ",
        " cc       |  |r  F|   c ",
        "        FF|  2   F|   c ",
        " dd     |||22||||||     ",
        " hd  rrr|    2    2     ",
        "|||22||||    |||||||||||",
        " c|  |l 2    2    2 d^= ",
        " c|  ||||    |    | d = ",
        " c|     2    | cc |   ] ",
        "  2     2    | cc |   = ",
        "|||||||||||22|||||||||||",
        "   |FFccFF|   c   |     ",
        "   |F    F|   T   |     ",
        "||2||    ||   c   |  |||",
        "          |   c   |  2  ",
        "cc  cc  cc|   6   |  2  ",
        "cc  cc  cc|       |  |  ",
        "       h  |       |  |  ",
        "||||||6tcc|^     ^|  |2|",
        "     ||||||22||||||  |  ",
        "  c      2           | c",
        "  iccc   2           | c",
        "  c      ||  |||||||||  ",
        "  c c|c   |  |6hh6|cFc  "
      ],
      "palettes": [ "microlab" ]
    }
  },
  {
    "type": "mapgen",
    "om_terrain": [ [ "microlab_generic" ] ],
    "method": "json",
    "object": {
      "fill_ter": "t_strconc_floor",
      "rows": [
        " cc c|c   |  |c  F|c    ",
        " cc       |  |c  F|c  c ",
        "          |  |    2   c ",
        " dd     |||22||||||     ",
        " hd  FFF|hd      c|     ",
        "|||5||||| d   iccc|2===|",
        " c|              c| dh= ",
        " c|cci  cic   iccc| d = ",
        " c|              c|   ] ",
        "  |cci |FFF|66cccc|   = ",
        "2|||||||||||||||||||||||",
        "                        ",
        "                        ",
        "||22((((((|||||22|||||||",
        "          |^hd    rrr|  ",
        "cc  cc  cc|  d      r|  ",
        "cc  cc  cc|       rrr|  ",
        "      YY  |W        W|  ",
        "||   |6tcc||555||555||2|",
        "     ||||||    |     |  ",
        "  c  ccccc| X X|X X X| c",
        "  i      c|XXXX|X X X| c",
        "  c      c||||||||||||  ",
        "    c|c   |^^|6hh6|cFc  "
      ],
      "palettes": [ "microlab" ],
      "furniture": { "X": "f_crate_c" },
      "terrain": { "W": "t_gates_mech_control_lab" },
      "items": { "X": { "item": "tools_science", "repeat": [ 2, 6 ] } }
    }
  },
  {
    "type": "mapgen",
    "om_terrain": [ [ "microlab_generic" ] ],
    "method": "json",
    "object": {
      "fill_ter": "t_strconc_floor",
      "rows": [
        " cc c|r  r|  |   c|c    ",
        " ||||||||||  | ccc|c  c ",
        " |Y          ||||||c  c ",
        " |           2    2     ",
        " |  ||||||| |||||||     ",
        "||  |l+         +l|2||||",
        " |  ||| ||||||| ||| ccc ",
        " 2  |;+   i|i   +;|     ",
        " |  |||   i|i   |||     ",
        " |  |;+   i|i   +;|FFrr ",
        "||  ||||||||||||||||||||",
        "                        ",
        "                        ",
        "||||||||||||||||||||||||",
        " |ll|        (      c|  ",
        " 2  dh       2  tt  c|  ",
        " 2  d   cccc (      c|  ",
        " |           |||||||||  ",
        "|| cccc  ccc |rrr|F F|2|",
        "F|   h    h  2   |F F|  ",
        " |FFccc  ccrr|rrr|F F| c",
        " ||||||||||||||||||2|| c",
        " cFFc|cccc|^^|cccc|     ",
        "     2    |  2    |     "
      ],
      "palettes": [ "microlab" ]
    }
  },
  {
    "type": "mapgen",
    "om_terrain": [ [ "microlab_generic" ] ],
    "method": "json",
    "object": {
      "fill_ter": "t_strconc_floor",
      "rows": [
        " cc c|c  c|  | cc |     ",
        " ||||||||||  | cc | c c ",
        " |Y          2    | c c ",
        " |           |ccrr| c c ",
        " |  |||||||||||||||     ",
        "||  |OO           |2||||",
        " |  |O   RRRRRRRR | ccc ",
        " 2  |||           |     ",
        " |  |th  RRRRRRRR |     ",
        " |  |tt           |FFrr ",
        "||  |((| RRRRRRRR ||||||",
        "    2  2        Y   6|^ ",
        "    2  2        Y   6|^ ",
        "||  |((| RRRRRR66   R||2",
        " |  |O              O|c ",
        " 2  |O   RRRRRRRR  |||c ",
        " 2  |O             h6|c ",
        " |  |O   RR6RRRRR   6|c ",
        "||  ||||||||||||||||||||",
        "F|           |rcc|FF|ccr",
        "c|Y          |          ",
        "||2((||||||  | cci  icc ",
        "    c|cccc|  | ccc  ccc ",
        "    c|    |  |          "
      ],
      "palettes": [ "microlab" ]
    }
  },
  {
    "type": "mapgen",
    "om_terrain": [ [ "microlab_generic" ] ],
    "method": "json",
    "object": {
      "fill_ter": "t_strconc_floor",
      "rows": [
        " cc c|    |  | cc |     ",
        " ||||||22||  | cc | c c ",
        " 2           |    2 c c ",
        " (           |ccrr| c c ",
        " |  |||||||||||||||     ",
        "||  2 2          6||||||",
        " |  2 2  tt6RRRt O| ccc ",
        " 2  |((          O|     ",
        " |  |th  6RRRttt R|     ",
        " |  |tt          6|FFrr ",
        "||  ||||(((((((((|||||||",
        "    2             2     ",
        "    2             2     ",
        "||22|||||||||||||||||||2",
        " |  |???^ dd^dd6ddd6d|c ",
        "c|  |     6h d  hd hd|c ",
        "c|  2     dd         2  ",
        " |  2                2  ",
        "||22||||||||||||||22||||",
        "F|           |ccc|  |ccr",
        "c|Y          |          ",
        "||2((||||||  |      ccc ",
        "     |cccc|  | ccc  ccc ",
        "     |    |  |          "
      ],
      "palettes": [ "microlab" ]
    }
  },
  {
    "type": "mapgen",
    "om_terrain": [ [ "microlab_generic" ] ],
    "method": "json",
    "object": {
      "fill_ter": "t_strconc_floor",
      "rows": [
        " cc c|cccc|  | cc |     ",
        " ||||||||||  | cc c c c ",
        "  F|UUUUUU|  | cc c c c ",
        "  F|      |  | cc c c c ",
        "  F|  cc  |  2          ",
        "||||  cc  |  |    |2||||",
        "      cc  |  |c  c| ccc ",
        "      cc  |  |t ht|     ",
        "          |  |ch c|     ",
        "    |FFFFF|22|c66c|FFrr ",
        "||22|||||||  |||||||||||",
        "        2    Y        2 ",
        "        2    Y        2 ",
        "||22|||||||   a     ?|||",
        " (  |F   U|      tt ?|c ",
        " (  |F   U|   a  tt ?|c ",
        " 2  |F   U|         ?|c ",
        " |  |F   U|  ^???tV??|c ",
        "||  |||2((|  |||||||||||",
        " |        |22|UUU|FF|ccr",
        " |        |  |          ",
        " |2((|2(((|  | cci  icc ",
        "    c| ccc|  | ccc  ccc ",
        "    c|    |  |          "
      ],
      "palettes": [ "microlab" ]
    }
  },
  {
    "type": "mapgen",
    "om_terrain": [ [ "microlab_generic" ] ],
    "method": "json",
    "object": {
      "fill_ter": "t_strconc_floor",
      "rows": [
        "     |    |  | cc |     ",
        "     | cc |  | cc | c c ",
        "  cc | cc 2  2    | c c ",
        "  cc | cc |  | h h| c c ",
        "     |    |  |6666|     ",
        "||22|||||||  ||||||2||||",
        "c|  |htth         | ccc ",
        " |  |htth         |     ",
        " |                |     ",
        "c|                |FFrr ",
        "||        dddd    ||||||",
        "2      Y  d hd    2     ",
        "2      Y  d  d    2     ",
        "||        dddd    ||||2|",
        "F|                |ccr  ",
        "F|               B|c    ",
        "F|  |htth   htth B|c    ",
        "F|  |htth   htth B|cc   ",
        "||22||||||||||||||||||2|",
        "F|   |ccc  YY( UUU|ccc  ",
        "c|Y  |c      2    |c    ",
        "     |c   |22|    |F cc ",
        "     |ccc |  |2(((|F cc ",
        "   cc|    |  |    |     "
      ],
      "palettes": [ "microlab" ]
    }
  },
  {
    "type": "mapgen",
    "om_terrain": [ [ "microlab_generic" ] ],
    "method": "json",
    "object": {
      "fill_ter": "t_strconc_floor",
      "rows": [
        "     |    |  | cc |     ",
        "  cc | cc |  | cc | c c ",
        "  c6 2 cc 2  2    | c c ",
        "  cc |    |  | h h| c c ",
        "     |FFFF|  |6666|     ",
        "|||||||||||22|||||||2|||",
        " t c|Y           Y|  |c ",
        " t c|             | Y|c ",
        "   ||             | Y|c ",
        "   i|             |  |c ",
        "2||||     ddd ^|22||2||2",
        "   2      d    |  2     ",
        "   2      6h   |  2     ",
        "2||||     ddd ^|22||||||",
        " th6|             |ccr  ",
        " t c|             |c    ",
        "   c|             |c    ",
        " th6|Y           Y|cc   ",
        "|||||||||||22|||||||||2|",
        "     |ccc |  (    |ccc  ",
        " ccc |c   |  2  Y |c    ",
        " c6c |ccc |  (    |F cc ",
        " ccc |c   2  |2(((|F cc ",
        "     |c   |  |    |     "
      ],
      "palettes": [ "microlab" ]
    }
  },
  {
    "type": "mapgen",
    "om_terrain": [ [ "microlab_generic" ] ],
    "method": "json",
    "object": {
      "fill_ter": "t_strconc_floor",
      "rows": [
        "     |    |  | cc |     ",
        "  cc | cc |  |||||| c c ",
        "  c6 2 cc 2  2    | c c ",
        "  cc | YY |  | h h| c c ",
        "     |FFFF|  |6666|     ",
        "|||||||||||22||||||2||||",
        " t c|    c|  |B  6d  |c ",
        " t c| cc 6|  |B  hd Y|c ",
        "   || cc 6|  |B   d Y|c ",
        "   i| cc r|  |B      2  ",
        "2|||| cc r|  |||||||||||",
        "  2 2     |  2  Y 5  T  ",
        "  ( ( Y   |  2  Y 5     ",
        "2||||c c c|  |((((G  |||",
        " th6|c c 6|  |dddd|  |cc",
        " t c|c c c|  |Mh  |  |  ",
        "   c|c   c|  | |2||  2  ",
        " th6|FFFFF|  | | l|^^|  ",
        "|||||||||||  |2|||||||2|",
        "     |ccc |    |#####|  ",
        " ccc |c   |    |#####|  ",
        " c6c |ccc |YY|||||||||c ",
        " ccc |c   2  |FFcc|F cc ",
        "     |c   |  |    |     "
      ],
      "palettes": [ "microlab" ],
      "monster": { "T": { "monster": "mon_turret_rifle" }, "M": { "monster": "mon_zombie_bio_op" } }
    }
  },
  {
    "type": "mapgen",
    "om_terrain": [ [ "microlab_generic" ] ],
    "method": "json",
    "object": {
      "fill_ter": "t_strconc_floor",
      "rows": [
        "     |    |  |    |     ",
        "     2   c|  |cccc| cc  ",
        " c((2|  cc|  |||||| cc  ",
        " c(  2   6|  |l  l|     ",
        "cc(  (  cc|  |l  l|FFc6 ",
        "|||(2||||||  |||2||||||2",
        " F|   tttt(         ^|  ",
        " c|r     t(         ^|c ",
        " c|r     t(  |((((2((|c ",
        " F|   tttt(  |    Y  2  ",
        "2|||2||||||  | RRR |||||",
        "           YY|     |    ",
        "           YY| RRR |    ",
        "|||||||||||  |ORRRO|  ||",
        " |R66RRRR (  |||||||  |c",
        " |R       2  |#|      | ",
        " || RRRR  (  |#|      | ",
        "c|l       (  |#|  |||||c",
        "||| RRRR  (  |#|  |FFF||",
        " 2        2  |#|  2     ",
        " |R66ROOOO(  |#|  | ccc ",
        " ||||||||||  |||22|     ",
        " cccc|cccc|  |    | ccc ",
        "    c|c   2  5    2     "
      ],
      "palettes": [ "microlab" ]
    }
  },
  {
    "type": "mapgen",
    "om_terrain": [ [ "microlab_generic" ] ],
    "method": "json",
    "object": {
      "fill_ter": "t_strconc_floor",
      "rows": [
        "     |c  c|  |    |     ",
        " cccc|c  c|  |    | c c ",
        " c|||||22||  ||22|| c c ",
        " 6|          |t   |     ",
        "cc|          |t   | ccc ",
        "|||  |||||||||t   ||||||",
        "rr|  |  R  c      RRR|FF",
        "  2  |  R  c        6|  ",
        "  2  |              6|  ",
        "FF|  |yyy  RRR66RRRRR|FF",
        "|||  |  y        R||||||",
        "     |6 y  RRRRR R|     ",
        "     |  y        O|     ",
        "|2||||yyy  RRRRR O|  |||",
        "  |l             o|  |c ",
        " c|l |R    ttttt R|  |c ",
        " c|l |R          R|  |  ",
        " c|l      RRR66RRR|  |  ",
        "|||||||22||||||||||22|2|",
        "  66 |l  l|       2  |  ",
        "  66 |l  l|       2  |  ",
        "  66 ||22||  |||||||||  ",
        "  66 |    |  |c66c|ccc  ",
        "     |    |  |    |     "
      ],
      "palettes": [ "microlab" ]
    }
  }
]
