[
  {
    "type": "mapgen",
    "method": "json",
    "om_terrain": [ "microlab_sub_connector" ],
    "weight": 1000,
    "object": {
      "fill_ter": "t_concrete",
      "rows": [
        "########################",
        "########################",
        "########################",
        "########################",
        "########################",
        "########################",
        "########################",
        "########################",
        "########################",
        "########################",
        "########################",
        "########################",
        "########################",
        "########################",
        "########################",
        "########################",
        "########################",
        "########################",
        "########################",
        "########################",
        "########################",
        "########################",
        "########################",
        "########################"
      ],
      "palettes": [ "microlab" ]
    }
  },
  {
    "type": "mapgen",
    "method": "json",
    "om_terrain": [ "microlab_rock_border" ],
    "weight": 1000,
    "object": {
      "fill_ter": "t_concrete",
      "rows": [
        "########################",
        "########################",
        "########################",
        "########################",
        "########################",
        "########################",
        "########################",
        "########################",
        "########################",
        "########################",
        "########################",
        "########################",
        "########################",
        "########################",
        "########################",
        "########################",
        "########################",
        "########################",
        "########################",
        "########################",
        "########################",
        "########################",
        "########################",
        "########################"
      ],
      "palettes": [ "microlab" ]
    }
  },
  {
    "type": "mapgen",
    "method": "json",
    "om_terrain": [ "microlab_sub_station" ],
    "weight": 1000,
    "object": {
      "fill_ter": "t_concrete",
      "rows": [
        "##|                  |##",
        "##|^                 |##",
        "##|^ hhhh  YY   hhhh |##",
        "##|^                 |##",
        "##|^ hhhh       hhhh |##",
        "##|^                 |##",
        "##|^          |^^^^^^|##",
        "##||(((((|    ||||||||##",
        "###|l h  ( YY |#########",
        "###|l    ( YY |#########",
        "###|l    (    |#########",
        "###||2||||    |#########",
        "###|     |    |#########",
        "###|   hd|G55||#########",
        "###|  ddd|   ^|#########",
        "###||5(((|   ^|||||||###",
        "###|B          VV ^^|###",
        "###|B      YY      ?|###",
        "###|B dddd YY    t ?|###",
        "###|B d hd         ?|###",
        "###|B          t? ^^|###",
        "###||||||||  ||||||||###",
        "##########|22|##########",
        "##########|  |##########"
      ],
      "palettes": [ "microlab" ],
      "terrain": { "G": "t_card_science" },
      "items": {
        "l": [ { "item": "guns_milspec", "chance": 10 }, { "item": "ammo_milspec", "chance": 70 } ],
        "t": { "item": "magazines", "chance": 90 }
      }
    }
  },
  {
    "type": "mapgen",
    "method": "json",
    "om_terrain": [ "microlab_generic_sub_entry" ],
    "weight": 1000,
    "object": {
      "fill_ter": "t_concrete",
      "rows": [
        "|||||||||||  |||||||||||",
        " cc  c    |  |^BBB|     ",
        " cc  c   c|  |   h|r i  ",
        "         c|  |  dd|r c  ",
        " FFFFccccc|  |   h|r c  ",
        "|||||||||||YY|[===||    ",
        " FF c|^???^       v| c  ",
        "    c|?           V| c  ",
        "    c|? tt         | i  ",
        "    c|             |    ",
        "|5||||    dddd     |==2|",
        "    Y2    d hd     2Y   ",
        "    Y2    ^^^^     2Y   ",
        "|2||||    ||||    ^|((2|",
        "    r|            ^|    ",
        "cc  r|n^^^        ^|^   ",
        "cc hc||||||YY|[====| h  ",
        "    c|FFFF|  | h ^B|6tt ",
        "|||||||22||22|dd  B|||||",
        "          |  |h  nB|FFF ",
        "   c6  6c |  |||||||    ",
        "   cc  cc |  |6h        ",
        "   cc  cc 2  |c  ccccc  ",
        "          |  |          "
      ],
      "palettes": [ "microlab" ],
      "terrain": { "G": "t_card_science" },
      "items": {
        "l": [ { "item": "guns_milspec", "chance": 10 }, { "item": "ammo_milspec", "chance": 70 } ],
        "t": { "item": "magazines", "chance": 90 }
      }
    }
  },
  {
    "type": "mapgen",
    "om_terrain": [ [ "microlab_generic_surface_connector" ] ],
    "method": "json",
    "object": {
      "fill_ter": "t_concrete",
      "rows": [
        "     |    |  |cccc|     ",
        "     |=[==|  ||||||     ",
        "  ((2|    |  2    2  i  ",
        "  (  | cci|  2    2  c  ",
        "  (@@|    |  ||||||  c  ",
        "|||||| cci|  |rrrr|     ",
        " F|F (    |  |    2  c  ",
        " F|F ( cci|  ||||||  c  ",
        " F|F 2    |  |rrrr|  i  ",
        "  |F |rrrr|  |    2     ",
        "|5|||||||||22|||||||||||",
        "    2      YY      5TYY ",
        "    2      YY      5 YY ",
        "|2||||^???    yyyyy|(((|",
        "    r|t       y    5 dd|",
        "cc  r|V tt    yyyyy| hl|",
        "cc hc|t       y    |||||",
        "    c|^???    yyyyy|###|",
        "|||||||||||  ^|((22|||#|",
        " rrcc| hd^=  ^|eeeeee|#|",
        "    c| dd =  ^|eeeeee|#|",
        " c6 6|B   =  ^|EeeeeE|#|",
        " cc r|B   [  ^|eeeeee|#|",
        "     |    |22|||||||||||"
      ],
      "palettes": [ "microlab" ],
      "terrain": { "e": "t_elevator", "E": "t_elevator_control" },
      "items": {
        "l": [ { "item": "guns_milspec", "chance": 10 }, { "item": "ammo_milspec", "chance": 70 } ],
        "t": { "item": "magazines", "chance": 90 }
      }
    }
  },
  {
    "type": "mapgen",
    "om_terrain": [ [ "microlab_generic_surface" ] ],
    "method": "json",
    "object": {
      "fill_ter": "t_concrete",
      "rows": [
        " yyyyyyyyyyyyyyyyyyyyyy ",
        " yyyyyyyyyyyyyyyyyyyyyy ",
        " y____________________y ",
        " y____________________y ",
        " y____________________y ",
        " ||||||||||22|yyyyyyyyy ",
        " |         SS|________y ",
        " |         SS|________y ",
        " |         SS|________y ",
        " |         SS|________y ",
        " |   |((((|22||555555|y ",
        " |   |........|yyyyyy|. ",
        " |   |..dddd..|......|. ",
        " |   |^.d.hd..5yyyyyy|  ",
        " |   |||||||..5......|  ",
        " |   (V.??....Gyyyyyy|  ",
        " |   (t.......|......|  ",
        " |   (^???....|yyyyyy|  ",
        " |   ||||||..^|yyyyyy|  ",
        " |   |.hd^=..^|eeeeee|  ",
        " |   |.dd.=..^|eeeeee|  ",
        " |   |B...=..^|EeeeeE|  ",
        " |   |B...[..^|eeeeee|  ",
        " |||||||||||||||||||||  "
      ],
      "palettes": [ "microlab" ],
      "terrain": {
        "e": "t_elevator",
        "E": "t_elevator_control",
        " ": "t_grass",
        "_": "t_pavement",
        ".": "t_thconc_floor",
        "G": "t_card_science"
      }
    }
  },
  {
    "type": "mapgen",
    "om_terrain": [ [ "microlab_generic_surface_roof" ] ],
    "method": "json",
    "object": {
      "fill_ter": "t_concrete",
      "rows": [
        "                        ",
        "                        ",
        "                        ",
        "                        ",
        "                        ",
        "                        ",
        "                        ",
        "                        ",
        "                        ",
        "                        ",
        "     .................  ",
        "     .................  ",
        "     .................  ",
        "     .................  ",
        "     .................  ",
        "     .................  ",
        "     .................  ",
        "     .................  ",
        "     .................  ",
        "     .................  ",
        "     .................  ",
        "     .................  ",
        "     .................  ",
        "     .................  "
      ],
      "terrain": { " ": "t_open_air", ".": "t_concrete" }
    }
  }
]
