[
  {
    "type": "mapgen",
    "method": "json",
    "om_terrain": "cabin_isherwood",
    "object": {
      "fill_ter": "t_floor",
      "rows": [
        "............//..........",
        "...........//...........",
        "...........//...........",
        "............//..........",
        "............//..........",
        "...........//...........",
        "..........//.B..........",
        "...////...//............",
        ".//.../////.777.........",
        "//..|||0||+||0|||||00||.",
        "//..|           |mmsmf|.",
        "//..|                n0.",
        "//..0           | nnon|.",
        "//..|W h      h |||||||.",
        ".//.0       h   |s &|S|.",
        "//..|           +     |.",
        "//..|||||+|||+|||||0|||.",
        "////.|     |    |l|.....",
        "//...| @@  |   @| +.....",
        "//...| @@  |   @|||.....",
        "//...||0|0|||00||4......",
        ".//.....................",
        "..//...............x....",
        "...//..................."
      ],
      "terrain": {
        ">": "t_stairs_down",
        " ": "t_floor",
        "B": "t_grass",
        "x": "t_grass",
        "/": "t_dirt",
        "7": "t_dirt",
        ".": [ [ "t_grass", 5 ], [ "t_grass_long", 2 ], "t_dirt", "t_shrub" ],
        "|": [ [ "t_wall_log", 5 ], "t_wall_log_chipped", "t_wall_log_broken" ],
        "0": [ "t_window_domestic", "t_window_open", "t_curtains", "t_window_frame" ],
        "+": [ "t_door_c", "t_door_boarded_damaged" ],
        "4": "t_gutter_downspout"
      },
      "furniture": {
        "h": "f_chair",
        "@": "f_bed",
        "s": "f_sink",
        "o": "f_oven",
        "f": "f_fridge",
        "n": "f_counter",
        "m": "f_cupboard",
        "7": "f_bench",
        "B": "f_birdbath",
        "W": "f_fireplace",
        "x": "f_rotary_clothesline",
        "S": "f_shower",
        "l": "f_water_heater"
      },
      "toilets": { "&": {  } }
    }
  },
  {
    "type": "mapgen",
    "method": "json",
    "nested_mapgen_id": "cabin_isherwood_update",
    "object": {
      "mapgensize": [ 20, 20 ],
      "rows": [
        "........//..........",
        "........//....|0||||",
        ".........//...|;%;;|",
        ".........//...+;H;;|",
        "........//....|;%;;|",
        ".......//.B...|0||||",
        "////...//...........",
        ".../////.777.uQeIjz.",
        ".|||0||+||0|||||00||",
        ".|bbg      ay|mmsmf|",
        ".|b               n0",
        ".0C t X  hth |Rnnon|",
        ".|W t X  hth |||||||",
        ".0C   X  hth |sR&|S|",
        ".|yMM        +     |",
        ".|||||+|||+|||||0|||",
        "..|D   D|y  a|k|.22.",
        "..| @@  |   @|l+....",
        "..|g@@ty|d t@|||....",
        "..||0|0|||00||4..J.F"
      ],
      "place_vehicles": [ { "vehicle": "uncovered_wagon", "x": 2, "y": 2, "rotation": 180, "chance": 100, "status": 0 } ],
      "place_monster": [ { "monster": "mon_horse", "x": 17, "y": 3, "chance": 100 } ],
      "sealed_item": {
        "Q": { "item": { "item": "seed_lentils" }, "furniture": "f_planter_harvest" },
        "e": { "item": { "item": "seed_tomato" }, "furniture": "f_planter_harvest" },
        "I": { "item": { "item": "seed_zucchini" }, "furniture": "f_planter_harvest" },
        "j": { "item": { "item": "seed_carrot" }, "furniture": "f_planter_harvest" },
        "z": { "item": { "item": "soybean_seed" }, "furniture": "f_planter_harvest" },
        "u": { "item": { "item": "seed_beans" }, "furniture": "f_planter_harvest" }
      },
      "terrain": {
        " ": "t_floor",
        "B": "t_grass",
        "x": "t_grass",
        "/": "t_dirt",
        "7": "t_dirt",
        ";": "t_dirtfloor",
        "e": "t_dirt",
        "F": "t_dirt",
        "2": "t_dirt",
        "J": "t_dirt",
        "I": "t_dirt",
        "j": "t_dirt",
        "z": "t_dirt",
        "u": "t_dirt",
        "Q": "t_dirt",
        ".": [ [ "t_grass", 5 ], [ "t_grass_long", 2 ], "t_dirt", "t_shrub" ],
        "|": "t_wall_log",
        "0": "t_window_domestic",
        "+": "t_door_c",
        "4": "t_gutter_downspout",
        "%": "t_splitrail_fence",
        "H": "t_splitrail_fencegate_c"
      },
      "furniture": {
        "h": "f_chair",
        "@": "f_bed",
        "y": [ "f_indoor_plant_y", "f_indoor_plant" ],
        "X": "f_sofa",
        "t": "f_table",
        "s": "f_sink",
        "o": "f_oven",
        "f": "f_fridge",
        "n": "f_counter",
        "m": "f_cupboard",
        "d": "f_dresser",
        "R": "f_trashcan",
        "D": "f_wardrobe",
        "7": "f_bench",
        "C": "f_armchair",
        "b": "f_bookcase",
        "B": "f_birdbath",
        "a": "f_rack_coat",
        "g": "f_floor_lamp",
        "W": "f_fireplace",
        "i": "f_beaded_door",
        "x": "f_rotary_clothesline",
        "S": "f_shower",
        "l": "f_water_heater",
        "k": "f_water_purifier",
        "J": "f_kiln_empty",
        "F": "f_forge_rock",
        "M": "f_workbench",
        "2": "f_smoking_rack"
      },
      "toilets": { "&": {  } },
      "liquids": { "l": { "liquid": "water_clean", "amount": [ 0, 100 ] } },
      "place_loot": [
        { "item": "cattlefodder", "x": [ 17, 18 ], "y": [ 2, 4 ], "chance": 100 },
        { "item": "riding_saddle", "x": 15, "y": 2, "chance": 100 },
        { "item": "stepladder", "x": 15, "y": 4, "chance": 100 },
        { "item": "straw_pile", "x": [ 17, 18 ], "y": [ 2, 4 ], "chance": 30, "repeat": [ 2, 4 ] }
      ],
      "items": {
        "b": { "item": "textbooks", "chance": 100, "repeat": [ 2, 4 ] },
        "M": { "item": "home_hw", "chance": 100, "repeat": [ 2, 4 ] },
        "@": { "item": "bed", "chance": 100, "repeat": [ 2, 4 ] },
        "d": { "item": "allclothes", "chance": 55, "repeat": [ 1, 2 ] },
        "D": { "item": "allclothes", "chance": 50, "repeat": [ 2, 3 ] },
        "o": { "item": "oven", "chance": 100, "repeat": [ 1, 3 ] },
        "f": { "item": "fresh_produce", "chance": 100, "repeat": [ 5, 10 ] },
        "S": { "item": "shower", "chance": 100, "repeat": [ 1, 2 ] },
        "R": { "item": "trash", "chance": 25, "repeat": [ 1, 2 ] },
        "w": { "item": "stash_wood", "chance": 100, "repeat": [ 5, 15 ] },
        "t": { "item": "book_survival", "chance": 20, "repeat": [ 1, 2 ] },
        "a": { "item": "jackets", "chance": 25, "repeat": [ 1, 2 ] },
        "m": [
          { "item": "groce_condiment", "chance": 100, "repeat": [ 4, 8 ] },
          { "item": "preserved_food", "chance": 100, "repeat": [ 5, 10 ] },
          { "item": "dry_goods", "chance": 100, "repeat": [ 3, 7 ] },
          { "item": "pantry_liquids", "chance": 100, "repeat": [ 3, 6 ] },
          { "item": "groce_bread", "chance": 20, "repeat": [ 3, 5 ] }
        ],
        "n": [
          { "item": "dishes_utility", "chance": 20, "repeat": [ 1, 2 ] },
          { "item": "kitchen_appliances", "chance": 30, "repeat": [ 1, 2 ] },
          { "item": "dishes_dining", "chance": 10, "repeat": [ 1, 2 ] }
        ]
      }
    }
  }
]
