[
  {
    "type": "mapgen",
    "method": "json",
    "om_terrain": [
      [ "horse_farm_isherwood_1", "horse_farm_isherwood_2", "horse_farm_isherwood_3", "horse_farm_isherwood_4" ],
      [ "horse_farm_isherwood_5", "horse_farm_isherwood_6", "horse_farm_isherwood_7", "horse_farm_isherwood_8" ],
      [ "horse_farm_isherwood_9", "horse_farm_isherwood_10", "horse_farm_isherwood_11", "horse_farm_isherwood_12" ],
      [ "horse_farm_isherwood_13", "horse_farm_isherwood_14", "horse_farm_isherwood_15", "horse_farm_isherwood_16" ]
    ],
    "weight": 250,
    "object": {
      "faction_owner": [
        { "id": "isherwood_family", "x": [ 0, 23 ], "y": [ 0, 23 ] },
        { "id": "isherwood_family", "x": [ 24, 47 ], "y": [ 0, 23 ] },
        { "id": "isherwood_family", "x": [ 48, 71 ], "y": [ 0, 23 ] },
        { "id": "isherwood_family", "x": [ 0, 23 ], "y": [ 24, 47 ] },
        { "id": "isherwood_family", "x": [ 24, 47 ], "y": [ 24, 47 ] },
        { "id": "isherwood_family", "x": [ 48, 71 ], "y": [ 24, 47 ] },
        { "id": "isherwood_family", "x": [ 0, 23 ], "y": [ 48, 71 ] },
        { "id": "isherwood_family", "x": [ 24, 47 ], "y": [ 48, 71 ] },
        { "id": "isherwood_family", "x": [ 48, 71 ], "y": [ 48, 71 ] }
      ],
      "fill_ter": "t_floor",
      "rows": [
        "........................X.......................X.......................X.......................",
        "................................................................................................",
        "..%%%%%%%%%%%%%%%%%%%%%%%%%%%%%%%%%%%%%%%%%%%%%%%%%%%%%%%%%%%%%%%%%%%%%%%%%%%%%%%%%%%%%%%%%%%%..",
        "..%..........................................................................................%..",
        "..%..........................................................................................%..",
        "..%..........................................................................................%..",
        "..%..........................................................................................%..",
        "..%..........................................................................................%..",
        "..%...........6...........................................6..................................%..",
        "..%..........................................................................................%..",
        "..%..........................................................................................%..",
        "..%.......................................................................W;;;;;;;;W.........%..",
        "..%.......................................................................;;;;;;;;;;.........%..",
        "..%.......................................................................;;;;;;;;;;.........%..",
        "..%.....................................6.................................W;JMMF2;2W.........%..",
        "..%...................................6...6...............................WWWWWWW+WW.........%..",
        "..%................9......................................................W;;7777;;W.........%..",
        "..%........9...9..........................................................G;;;;;;;;W.........%..",
        "..%.....9............................................................/////G;;;;;;;;W.........%..",
        "..%..9.....9..9...9.9..............................................///////G;;;;;;;;W.........%..",
        "..%.....9.........................................................////////G;;;;;;;;W.........%..",
        "..%........9..9...9.9...........................................//////////G;;;;;;;;W.........%..",
        "..%..9..9...9.9...9............................................./////....5W5;;222;;W.........%..",
        "..%.........................................................../////.......WWWWWWWWWW.........%..",
        "..%......9.9..9...9.9...X.......................X........../////........X....................%..",
        "..%..9......9............................................/////...............................%..",
        "..%..9.....9..9...9.9...................................../////...........%%%%%%%%%%%%%%%%%%%%..",
        "..%..9......9............................................/////............%............9..9.9%..",
        "..%.9..9................................................/////.............H..............9.9.%..",
        "..%.......9..9...........................................5/////...........%............9..9..%..",
        "..%...9...........9................................WWWWWWWGGGGGWWWWWWW....%..................%..",
        "..%.9.....9........................................W;;;W#5;;;;;77W;;;W....%..............9...%..",
        "..%....9......9....................................3;;;3;;;;;;;;;3;;;3//..%..................%..",
        "..%.......9......9.9...............................W;;;W77;;;;;;;W;;;W.//.%..................%..",
        "..%..9...9..9...9.9................................WWWWWWW;;;;;WWWWWWW//..%..................%..",
        "..%........~~~.....................9...............W;;;W77;;;;;77W;;;W.//.%..................%..",
        "..%...9...~~``~~.9..9..............................3;;;3;;;;;;;;;3;;;3//..%..................%..",
        "..%........~~``~~..................................W;;;W;;;;;;;;;W;;;W.//.%..................%..",
        "..%.........~~~~~~~................................WWWWWWW;;;;;WWWWWWW..//H..................%..",
        "..%...........~~~..................................W;;;W77;;;;;77W;;;W..//H..................%..",
        "..%.............................9..................3;;;3;;;;;;;;;3;;;3//..%................6.%..",
        "..%................................................W;;;W;;;;;;;;;W;;;W....%...............6..%..",
        "..%................................................WWWWWWW;;;;;WWWWWWW%%%%%..................%..",
        "..%...........................................9....W1  8W;;;;;;;WLL ^W....%..................%..",
        "..%................................................v h  +;;;;;;;+   ^v.9..%..................%..",
        "..%%%%%%%%%%%%%%%%%%%%%%%%%%%%%%%%%%%%%%%%%%%%%%%%%Wkkk8W5;;;;;;WL  ^W..//H..................%..",
        "..%................................................WWvvWWWGGGGGWWWvvWW.//.%..................%..",
        "..%......................................................5/////.......//..%%%%HHH%%%%%%%%%%%%%..",
        "..%.....................X....AAAAAAAAAAWWWWWWW..X..........///////////..X....////............%..",
        "..%......................///.A.........W;W;W;W................./////.. .////.////............%..",
        "..%................./////////T.........W;;;;;W..................////////////.////........9...%..",
        "..%................////.////.A.........A;;;;;W..................///////////////....9.........%..",
        "..%.............////.........A.........K;;;;;W..........................///...............9..%..",
        "..%...........///............A.........W;W;W;W..................%%%%%%%%333%%%%%%%%%.........%..",
        "..%..........///.............A.........WWWWWWW.................%%.......///........%%..9.9...%..",
        "..%...........///............A...............A................%%....////////////....%%.....9.%..",
        "..%.........///..............A...............A...............%%...///.///.///.///....%%.9....%..",
        "..%..........///.............A...............A..............%%..///............///....%%..9..%..",
        "..%.........///..............AATAAAAAAAAAAAAAA.............%%....///............///....%%.9..%..",
        "..%..........///..............,,..........................%%.....///..............///...%%..9%..",
        "..%.....$$OO$*$OO$$.........,,...........................%%.....///...............///....%%..%..",
        "..%.....$QQQQ;eeee$.........,,..........................%%.../////.................///....%%.%..",
        "..%.....O;;;;;;;;;O.........,,.........................%%.....///...................///....%.%..",
        "..%.....OIIII;jjjjO........,,..........................%.....////....................///....%%..",
        "..%.....O;;;;;;;;;O.......,,...........................%....///.......................///....%..",
        "..%.....$mmmm;uuuu$......,,............................%...///........................///....%..",
        "..%.....$$OO$*$OO$$.....,,.......................//,/,/3/////.........................///....%..",
        "..%..........,,.........,,.......................//,,,.%/////.........................///....%..",
        "..%.........,,...........,,..................,,../,//,/3/////.........................///....%..",
        "..%...b.....,,....,,....,,..............,,.,,.,,/,/....%..///.........................///....%..",
        "..%..........,,,,,,,,,,,,,,...........,,,,.,,..........%...///........................///....%..",
        "..%........0..,,,,,,,,,,,,,.........,,.................%....///......................///....%%..",
        "..%......ppppp...,,pp...X.,,.....,,,,...........X......%%...///.........X..........///.....%.%..",
        "..%..|---|vvv|---+-v-|.....,,...,,,,,,..................%%...///..................///.....%%.%..",
        "..%..|ccfccSc       8|p.....,,,,,,,,,,,,.................%%...///................///.....%%..%..",
        "..%..|o        hnnh  |p....,,,,,,,,,,,,,,.................%%....///.............///.....%%...%..",
        "..%..vc  c     hnnh yvp..,,,,,,,,,..,,,....................%%....///...........///.....%%.9..%..",
        "..%..vc  c     hnnh yvp..,,,,,,,,..,,,,,....................%%....///.........///.....%%.....%..",
        "..%..|D             8vp..,,,,,,,,..,,,,,.....................%%....///......///......%%.9..9.%..",
        "..%..|---|-+-|---i---|p.,,,,,,,,,..,,,,,......................%%...../////////......%%....9..%..",
        "..%..|t y|r r|8    n1|..,,,,,,.,,..,,..........................%%.......///........%%.9..9..9%..",
        "..%..|   |r r|8     g|.,,,,,,..,,..,,...........................%%%%%%%%333%%%%%%%%%.........%..",
        "..%..|S D|rrr|8      +,,,,,,..,,..,,....................................///.........9..9..9..%..",
        "..%..|-+------      a|.......,,..,,............................9....9...///...9...9..........%..",
        "..%..|<              ||.....,,..,,..............................9.......///....9......9..9...%..",
        "..%..|---+---- YYYYY yvp....,,..,,......................9...9..9...9..9..///......9.......9..%..",
        "..%..|88  yYY|       1vp....,,..,,..............................9....9..9.///.9....9..9......%..",
        "..%..v1      |       gvp....,,..,,...............................9..9..9...///......9....9..9%..",
        "..%.4|8  h  8|8nnnnn8||.....,,..,,.............................///...9..9...///...9....9..9..%..",
        "..%..|--kkk-----------......,,..,,....................9...9..9...///.9..9..9.///.9....9..9...%..",
        "..%....-vvv-...p.p..........,,..,,.......................9...9..9..////...9...///..9....9..9.%..",
        "..%..9................9...9.,,..,,.9..9..9...9..99...9..9....9...9..9///9...///.......9......%..",
        "..%.9...0.....9...9..9.9...9,,..,,...9..99...9..9..........9...9..9....//////...9....9..9....%..",
        "..%...9....9.......9...9..9.,,..,,.9..9...9..99...9..9.9...9..9.9...9..9..9..x.9..99...9..9...%..",
        "..%%%%%%%%%%%%%%%%%%%%%%%%%%,,..,,%%%%%%%%%%%%%%%%%%%%%%%%%%%%%%%%%%%%%%%%%%%%%%%%%%%%%%%%%%%%..",
        "..%.........................,,..,,...........................................................%.."
      ],
      "place_npcs": [
        { "class": "isherwood_carlos", "x": 80, "y": 17 },
        { "class": "isherwood_jesse", "x": 54, "y": 44 },
        { "class": "isherwood_lisa", "x": 11, "y": 77 }
      ],
      "place_vehicles": [ { "vehicle": "uncovered_wagon", "x": 78, "y": 19, "rotation": 180, "chance": 100, "status": 0 } ],
      "palettes": [ "farm_horse" ],
      "terrain": {
        "p": "t_grass",
        "0": "t_grass",
        "6": "t_grass",
        "F": "t_dirtfloor",
        "M": "t_dirtfloor",
        "J": "t_dirtfloor",
        "2": "t_dirtfloor"
      },
      "furniture": { "J": "f_kiln_empty", "F": "f_forge_rock", "M": "f_workbench", "2": "f_locker" },
      "sealed_item": {
        "Q": { "item": { "item": "seed_lentils" }, "furniture": "f_planter_harvest" },
        "e": { "item": { "item": "seed_tomato" }, "furniture": "f_planter_harvest" },
        "I": { "item": { "item": "seed_zucchini" }, "furniture": "f_planter_harvest" },
        "j": { "item": { "item": "seed_carrot" }, "furniture": "f_planter_harvest" },
        "m": { "item": { "item": "soybean_seed" }, "furniture": "f_planter_harvest" },
        "u": { "item": { "item": "seed_beans" }, "furniture": "f_planter_harvest" }
      },
      "items": {
        "k": { "item": "office", "chance": 30 },
        "f": { "item": "fridge", "chance": 30 },
        "o": { "item": "oven", "chance": 30 },
        "8": { "item": "ranch_homebooks", "chance": 30 },
        "r": { "item": "restaur_kitchen", "chance": 30 },
        "c": { "item": "kitchen_counters", "chance": 30 },
        "D": { "item": "trash", "chance": 20, "repeat": [ 2, 4 ] },
        "2": { "item": "metal_workshop", "chance": 30, "repeat": [ 2, 4 ] },
        "7": { "item": "horse_gear", "chance": 30 },
        "^": { "item": "horse_gear", "chance": 30 }
      },
      "place_loot": [
        { "item": "television", "x": 17, "y": 88, "chance": 100 },
        { "item": "stepladder", "x": 67, "y": 43, "chance": 100 },
        { "item": "straw_pile", "x": [ 40, 44 ], "y": [ 48, 52 ], "chance": 30, "repeat": [ 2, 4 ] },
        { "item": "straw_pile", "x": [ 52, 54 ], "y": [ 31, 33 ], "chance": 30, "repeat": [ 2, 4 ] },
        { "item": "straw_pile", "x": [ 52, 54 ], "y": [ 35, 37 ], "chance": 30, "repeat": [ 2, 4 ] },
        { "item": "straw_pile", "x": [ 52, 54 ], "y": [ 39, 41 ], "chance": 30, "repeat": [ 2, 4 ] },
        { "item": "straw_pile", "x": [ 66, 68 ], "y": [ 31, 33 ], "chance": 30, "repeat": [ 2, 4 ] },
        { "item": "straw_pile", "x": [ 66, 68 ], "y": [ 35, 37 ], "chance": 30, "repeat": [ 2, 4 ] },
        { "item": "straw_pile", "x": [ 66, 68 ], "y": [ 39, 41 ], "chance": 30, "repeat": [ 2, 4 ] },
        { "group": "farming_seeds", "x": [ 9, 18 ], "y": [ 61, 65 ], "chance": 80, "repeat": [ 2, 4 ] },
        { "group": "farming_tools", "x": [ 74, 77 ], "y": 15, "chance": 40, "repeat": [ 2, 4 ] },
        { "group": "farming_tools", "x": [ 79, 81 ], "y": 15, "chance": 40, "repeat": [ 2, 4 ] },
        { "group": "farming_tools", "x": [ 75, 81 ], "y": [ 17, 22 ], "chance": 50, "repeat": [ 2, 4 ] },
        { "item": "bucket", "x": 46, "y": 48, "chance": 20 },
        { "item": "bucket", "x": 56, "y": 52, "chance": 30 },
        { "item": "bucket", "x": 56, "y": 33, "chance": 30 },
        { "item": "bucket", "x": 56, "y": 37, "chance": 30 },
        { "item": "bucket", "x": 64, "y": 41, "chance": 30 },
        { "item": "cattlefodder", "x": [ 52, 68 ], "y": [ 31, 41 ], "chance": 80, "repeat": [ 6, 10 ] },
        { "item": "birdfood", "x": [ 40, 44 ], "y": [ 48, 52 ], "chance": 80, "repeat": [ 2, 4 ] }
      ],
      "place_monster": [
        { "monster": "mon_chicken", "x": [ 40, 44 ], "y": [ 48, 52 ], "repeat": [ 2, 6 ], "chance": 100 },
        { "monster": "mon_horse", "x": [ 52, 54 ], "y": [ 31, 33 ], "chance": 90 },
        { "monster": "mon_horse", "x": [ 52, 54 ], "y": [ 35, 37 ], "chance": 90 },
        { "monster": "mon_horse", "x": [ 52, 54 ], "y": [ 39, 41 ], "chance": 50 },
        { "monster": "mon_horse", "x": [ 66, 68 ], "y": [ 31, 33 ], "chance": 80 },
        { "monster": "mon_horse", "x": [ 66, 68 ], "y": [ 35, 37 ], "chance": 60 },
        { "monster": "mon_horse", "x": [ 66, 68 ], "y": [ 39, 41 ], "chance": 60 }
      ]
    }
  },
  {
    "type": "mapgen",
    "method": "json",
    "om_terrain": "horse_farm_isherwood_4_roof",
    "object": {
      "fill_ter": "t_shingle_flat_roof",
      "rows": [
        "                        ",
        "                        ",
        "                        ",
        "                        ",
        "                        ",
        "                        ",
        "                        ",
        "                        ",
        "                        ",
        "                        ",
        "                        ",
        "  ..........            ",
        "  ..........            ",
        "  ..........            ",
        "  ..........            ",
        "  ..........            ",
        "  ..........            ",
        "  ..........            ",
        "  ..........            ",
        "  ..........            ",
        "  ..........            ",
        "  ..........            ",
        "  ..........            ",
        "  ..........            "
      ],
      "palettes": [ "roof_palette" ],
      "terrain": { ".": "t_shingle_flat_roof" }
    }
  },
  {
    "type": "mapgen",
    "method": "json",
    "om_terrain": "horse_farm_isherwood_7_hayloft",
    "object": {
      "fill_ter": "t_floor",
      "rows": [
        "                        ",
        "                        ",
        "                        ",
        "                        ",
        "                        ",
        "                        ",
        "   wwwwwww.....wwwwwww  ",
        "   w..6..>.........6.w  ",
        "   w...6.........6...w  ",
        "   w......*****`.....w  ",
        "   wwww...*****...wwww  ",
        "   w......*****....66w  ",
        "   w.6.6..*****....66w  ",
        "   w......*****....6.w  ",
        "   wwww...*****...wwww  ",
        "   w..6...*****....6.w  ",
        "   w......*****....66w  ",
        "   w...6..*****....6.w  ",
        "   wwww...*****...wwww  ",
        "   w...6...........6.w  ",
        "   w.6.............66w  ",
        "   w...............6.w  ",
        "   wwwwwww.....wwwwwww  ",
        "                        "
      ],
      "terrain": { ">": "t_ladder_down", ".": "t_floor", "*": "t_open_air_rooved", "w": "t_wall_wood", " ": "t_open_air" },
      "furniture": { "6": "f_hay" }
    }
  },
  {
    "type": "mapgen",
    "method": "json",
    "om_terrain": "horse_farm_isherwood_7_roof",
    "object": {
      "fill_ter": "t_shingle_flat_roof",
      "rows": [
        "                        ",
        "                        ",
        "                        ",
        "                        ",
        "                        ",
        "                        ",
        "   ...................  ",
        "   ...................  ",
        "   ...................  ",
        "   ...................  ",
        "   ...................  ",
        "   ...................  ",
        "   ...................  ",
        "   ...................  ",
        "   ...................  ",
        "   ...................  ",
        "   ...................  ",
        "   ...................  ",
        "   ...................  ",
        "   ...................  ",
        "   ...................  ",
        "   ...................  ",
        "   ...................  ",
        "                        "
      ],
      "palettes": [ "roof_palette" ],
      "terrain": { ".": "t_shingle_flat_roof" }
    }
  },
  {
    "type": "mapgen",
    "method": "json",
    "om_terrain": "horse_farm_isherwood_9_roof",
    "object": {
      "fill_ter": "t_glass_roof",
      "rows": [
        "                        ",
        "                        ",
        "                        ",
        "                        ",
        "                        ",
        "                        ",
        "                        ",
        "                        ",
        "                        ",
        "                        ",
        "                        ",
        "                        ",
        "        ooooooooooo     ",
        "        ooooooooooo     ",
        "        ooooooooooo     ",
        "        ooooooooooo     ",
        "        ooooooooooo     ",
        "        ooooooooooo     ",
        "        ooooooooooo     ",
        "                        ",
        "                        ",
        "                        ",
        "                        ",
        "                        "
      ],
      "palettes": [ "roof_palette" ]
    }
  },
  {
    "type": "mapgen",
    "method": "json",
    "om_terrain": "horse_farm_isherwood_10_roof",
    "object": {
      "fill_ter": "t_shingle_flat_roof",
      "rows": [
        "               .......  ",
        "               .......  ",
        "               .......  ",
        "               .......  ",
        "               .......  ",
        "               .......  ",
        "               .......  ",
        "                        ",
        "                        ",
        "                        ",
        "                        ",
        "                        ",
        "                        ",
        "                        ",
        "                        ",
        "                        ",
        "                        ",
        "                        ",
        "                        ",
        "                        ",
        "                        ",
        "                        ",
        "                        ",
        "                        "
      ],
      "palettes": [ "roof_palette" ],
      "terrain": { ".": "t_shingle_flat_roof" }
    }
  },
  {
    "type": "mapgen",
    "method": "json",
    "om_terrain": "horse_farm_isherwood_13_2ndfloor",
    "object": {
      "fill_ter": "t_floor",
      "rows": [
        "                        ",
        "     |-vv-|-v-v-|_____  ",
        "     |@*hk|@@**d|_____  ",
        "     |@**k|***hkv_____  ",
        "     vd**8|8***k|_____  ",
        "     |-+------+-|_____  ",
        "     v**********|_____  ",
        "     |---|-+-|*8|_____  ",
        "     |t*B|S*y|**v_____  ",
        "     |**B|***|**v_____  ",
        "     |S*D|BBt|**v_____  ",
        "     |-+------*8|_____  ",
        "     |>*********|______ ",
        "     |---+-------______ ",
        "     |@@****d|_________ ",
        "     v@@****yv_________ ",
        "     |n*****d|_________ ",
        "     |--1n1---_________ ",
        "       -vvv-            ",
        "                        ",
        "                        ",
        "                        ",
        "                        ",
        "                        "
      ],
      "palettes": [ "farm_horse" ],
      "terrain": { "_": "t_shingle_flat_roof", "*": "t_floor", " ": "t_open_air", ">": "t_stairs_down" },
      "items": {
        "@": { "item": "bed", "chance": 50, "repeat": [ 1, 2 ] },
        "D": { "item": "trash_cart", "chance": 50 },
        "B": { "item": "shower", "chance": 40, "repeat": [ 2, 4 ] },
        "d": { "item": "dresser", "chance": 70, "repeat": [ 2, 4 ] },
        "8": { "item": "homebooks", "chance": 70, "repeat": [ 2, 4 ] },
        "k": { "item": "bedroom", "chance": 60, "repeat": [ 2, 4 ] },
        "S": { "item": "softdrugs", "chance": 60, "repeat": [ 2, 4 ] }
      }
    }
  },
  {
    "type": "mapgen",
    "method": "json",
    "om_terrain": "horse_farm_isherwood_13_roof",
    "object": {
      "fill_ter": "t_shingle_flat_roof",
      "rows": [
        "                        ",
        "     |22222222223       ",
        "     |..........3       ",
        "     |..........3       ",
        "     |..........3       ",
        "     |..........3       ",
        "     |..........3       ",
        "     |..........3       ",
        "     |..........3       ",
        "     |..........3       ",
        "     |..........3       ",
        "     |..........3       ",
        "     |..........3       ",
        "     |.......---3       ",
        "     |.......3          ",
        "     |.......3          ",
        "     |.......3          ",
        "     |--...---          ",
        "       -----            ",
        "                        ",
        "                        ",
        "                        ",
        "                        ",
        "                        "
      ],
      "palettes": [ "roof_palette" ],
      "terrain": { ".": "t_shingle_flat_roof" }
    }
  }
]
