[
  {
    "type": "mapgen",
    "method": "json",
    "om_terrain": [ "rural_road" ],
    "weight": 100,
    "object": {
      "fill_ter": "t_dirt",
      "predecessor_mapgen": "field",
      "rows": [
        ".......i///ii///i.......",
        ".......i///ii///i.......",
        ".......i///ii///i.......",
        ".......i///ii///i.......",
        ".......i///ii///i.......",
        ".......i///ii///i.......",
        ".......i///ii///i.......",
        "......i///ii////i.......",
        "......i///ii////i.......",
        "......i///ii///i........",
        "......i///ii///i........",
        "......i///ii///i........",
        "......i///ii///i........",
        "......i///ii///i........",
        "......i///ii///i........",
        "......i///ii///i........",
        "......i////ii///i.......",
        "......i////ii///i.......",
        ".......i///ii///i.......",
        ".......i///ii///i.......",
        ".......i///ii///i.......",
        ".......i///ii///i.......",
        ".......i///ii///i.......",
        ".......i///ii///i......."
      ],
      "palettes": [ "rural_road" ],
      "place_nested": [ { "chunks": [ [ "2x2_haybale", 5 ], [ "null", 20 ] ], "x": [ 4, 18 ], "y": [ 0, 22 ] } ]
    }
  },
  {
    "type": "mapgen",
    "method": "json",
    "om_terrain": [ "rural_road" ],
    "weight": 100,
    "object": {
      "fill_ter": "t_dirt",
      "predecessor_mapgen": "field",
      "rows": [
        ".......i///ii///i.......",
        ".......i///ii///i.......",
        ".......i///ii///i.......",
        ".......i///ii///i.......",
        ".......i///ii///i.......",
        "........i///ii///i......",
        "........i///ii///i......",
        "........i///ii///i......",
        "........i///ii///i......",
        "........i///ii///i......",
        "........i///ii///i......",
        ".........i///ii///i.....",
        ".........i///ii///i.....",
        ".........i///ii///i.....",
        ".........i///ii///i.....",
        "........i///ii///i......",
        "........i///ii///i......",
        "........i///ii///i......",
        "........i///ii///i......",
        ".......i///ii///i.......",
        ".......i///ii///i.......",
        ".......i///ii///i.......",
        ".......i///ii///i.......",
        ".......i///ii///i......."
      ],
      "palettes": [ "rural_road" ],
      "place_nested": [ { "chunks": [ [ "2x2_haybale", 5 ], [ "null", 20 ] ], "x": [ 4, 18 ], "y": [ 0, 22 ] } ]
    }
  },
  {
    "type": "mapgen",
    "method": "json",
    "om_terrain": [ "rural_road_3way" ],
    "weight": 100,
    "object": {
      "fill_ter": "t_dirt",
      "predecessor_mapgen": "field",
      "rotation": [ 1, 1 ],
      "rows": [
        ".......i///ii///i.......",
        ".......i///ii///i.......",
        ".......i///ii///i.......",
        ".......i///ii///i.......",
        ".......i///ii///i.......",
        ".......i///ii///i.......",
        ".......i///ii///i.......",
        "......i////ii///iiiiiiii",
        "......i////ii///////////",
        "......i////ii///////////",
        "......i//////ii/////////",
        "......i/////iiiiiiiiiiii",
        "......i/////iiiiiiiiiiii",
        "......i//////ii/////////",
        "......i/////ii//////////",
        "......i////ii///////////",
        "......i////ii///iiiiiiii",
        "......i////ii///i.......",
        ".......i///ii///i.......",
        ".......i///ii///i.......",
        ".......i///ii///i.......",
        ".......i///ii///i.......",
        ".......i///ii///i.......",
        ".......i///ii///i......."
      ],
      "palettes": [ "rural_road" ],
      "place_nested": [ { "chunks": [ [ "2x2_haybale", 5 ], [ "null", 20 ] ], "x": [ 10, 20 ], "y": [ 0, 22 ] } ]
    }
  },
  {
    "type": "mapgen",
    "method": "json",
    "om_terrain": [ "rural_road_turn" ],
    "weight": 100,
    "object": {
      "fill_ter": "t_dirt",
      "predecessor_mapgen": "field",
      "rows": [
        "........................",
        "........................",
        "........................",
        "........................",
        "........................",
        "........................",
        "........................",
        "iiiiiiiiii..............",
        "/////////iiii...........",
        "/////////////i..........",
        "//////////////i.........",
        "iiiiiiiii//////i........",
        "iiiiiiiiii/////i........",
        "/////////ii////i........",
        "/////////ii////i........",
        "//////////ii///i........",
        "iiiiiii////ii///i.......",
        "......i////ii///i.......",
        ".......i///ii///i.......",
        ".......i///ii///i.......",
        ".......i///ii///i.......",
        ".......i///ii///i.......",
        ".......i///ii///i.......",
        ".......i///ii///i......."
      ],
      "palettes": [ "rural_road" ]
    }
  },
  {
    "type": "mapgen",
    "method": "json",
    "om_terrain": [ "rural_road_turn1" ],
    "weight": 100,
    "object": {
      "fill_ter": "t_dirt",
      "predecessor_mapgen": "field",
      "rows": [
        "........................",
        "........................",
        "........................",
        "........................",
        "........................",
        "........................",
        "........................",
        "..............iiiiiiiiii",
        "...........iiii/////////",
        "..........i/////////////",
        ".........i//////////////",
        "........i//////iiiiiiiii",
        "........i/////iiiiiiiiii",
        "........i/////ii////////",
        "........i/////ii////////",
        "........i////ii/////////",
        "........i///ii////iiiiii",
        ".......i///ii////i......",
        ".......i///ii///i.......",
        ".......i///ii///i.......",
        ".......i///ii///i.......",
        ".......i///ii///i.......",
        ".......i///ii///i.......",
        ".......i///ii///i......."
      ],
      "palettes": [ "rural_road" ]
    }
  },
  {
    "type": "mapgen",
    "method": "json",
    "om_terrain": [ "rural_road_forest" ],
    "weight": 100,
    "object": {
      "fill_ter": "t_dirt",
      "predecessor_mapgen": "forest",
      "rows": [
        ".......i///ii///i.......",
        ".......i///ii///i.......",
        ".......i///ii///i.......",
        ".......i///ii///i.......",
        ".......i///ii///i.......",
        ".......i///ii///i.......",
        ".......i///ii///i.......",
        "......i///ii////i.......",
        "......i///ii////i.......",
        "......i///ii///i........",
        "......i///ii///i........",
        "......i///ii///i........",
        "......i///ii///i........",
        "......i///ii///i........",
        "......i///ii///i........",
        "......i///ii///i........",
        "......i////ii///i.......",
        "......i////ii///i.......",
        ".......i///ii///i.......",
        ".......i///ii///i.......",
        ".......i///ii///i.......",
        ".......i///ii///i.......",
        ".......i///ii///i.......",
        ".......i///ii///i......."
      ],
      "palettes": [ "rural_road" ]
    }
  },
  {
    "type": "mapgen",
    "method": "json",
    "om_terrain": [ "rural_road_forest" ],
    "weight": 100,
    "object": {
      "fill_ter": "t_dirt",
      "predecessor_mapgen": "forest",
      "rows": [
        ".......i///ii///i.......",
        ".......i///ii///i.......",
        ".......i///ii///i.......",
        ".......i///ii///i.......",
        ".......i///ii///i.......",
        "........i///ii///i......",
        "........i///ii///i......",
        "........i///ii///i......",
        "........i///ii///i......",
        "........i///ii///i......",
        "........i///ii///i......",
        ".........i///ii///i.....",
        ".........i///ii///i.....",
        ".........i///ii///i.....",
        ".........i///ii///i.....",
        "........i///ii///i......",
        "........i///ii///i......",
        "........i///ii///i......",
        "........i///ii///i......",
        ".......i///ii///i.......",
        ".......i///ii///i.......",
        ".......i///ii///i.......",
        ".......i///ii///i.......",
        ".......i///ii///i......."
      ],
      "palettes": [ "rural_road" ]
    }
  },
  {
    "type": "mapgen",
    "method": "json",
    "om_terrain": [ "rural_road_turn_forest" ],
    "weight": 100,
    "object": {
      "fill_ter": "t_dirt",
      "predecessor_mapgen": "forest",
      "rows": [
        "........................",
        "........................",
        "........................",
        "........................",
        "........................",
        "........................",
        "........................",
        "iiiiiiiiii..............",
        "/////////iiii...........",
        "/////////////i..........",
        "//////////////i.........",
        "iiiiiiiii//////i........",
        "iiiiiiiiii/////i........",
        "/////////ii////i........",
        "/////////ii////i........",
        "//////////ii///i........",
        "iiiiiii////ii///i.......",
        "......i////ii///i.......",
        ".......i///ii///i.......",
        ".......i///ii///i.......",
        ".......i///ii///i.......",
        ".......i///ii///i.......",
        ".......i///ii///i.......",
        ".......i///ii///i......."
      ],
      "palettes": [ "rural_road" ]
    }
  },
  {
    "type": "mapgen",
    "method": "json",
    "om_terrain": [ "rural_road_turn1_forest" ],
    "weight": 100,
    "object": {
      "fill_ter": "t_dirt",
      "predecessor_mapgen": "forest",
      "rows": [
        "........................",
        "........................",
        "........................",
        "........................",
        "........................",
        "........................",
        "........................",
        "..............iiiiiiiiii",
        "...........iiii/////////",
        "..........i/////////////",
        ".........i//////////////",
        "........i//////iiiiiiiii",
        "........i/////iiiiiiiiii",
        "........i/////ii////////",
        "........i/////ii////////",
        "........i////ii/////////",
        "........i///ii////iiiiii",
        ".......i///ii////i......",
        ".......i///ii///i.......",
        ".......i///ii///i.......",
        ".......i///ii///i.......",
        ".......i///ii///i.......",
        ".......i///ii///i.......",
        ".......i///ii///i......."
      ],
      "palettes": [ "rural_road" ]
    }
  },
  {
    "type": "mapgen",
    "method": "json",
    "om_terrain": [ "rural_road_3way_forest" ],
    "weight": 100,
    "object": {
      "fill_ter": "t_dirt",
      "predecessor_mapgen": "forest",
      "rotation": [ 1, 1 ],
      "rows": [
        ".......i///ii///i.......",
        ".......i///ii///i.......",
        ".......i///ii///i.......",
        ".......i///ii///i.......",
        ".......i///ii///i.......",
        ".......i///ii///i.......",
        ".......i///ii///i.......",
        "......i////ii///iiiiiiii",
        "......i////ii///////////",
        "......i////ii///////////",
        "......i//////ii/////////",
        "......i/////iiiiiiiiiiii",
        "......i/////iiiiiiiiiiii",
        "......i//////ii/////////",
        "......i/////ii//////////",
        "......i////ii///////////",
        "......i////ii///iiiiiiii",
        "......i////ii///i.......",
        ".......i///ii///i.......",
        ".......i///ii///i.......",
        ".......i///ii///i.......",
        ".......i///ii///i.......",
        ".......i///ii///i.......",
        ".......i///ii///i......."
      ],
      "palettes": [ "rural_road" ]
    }
  }
]
