[
  {
    "type": "monstergroup",
    "name": "GROUP_MI-GO_CAMP_OM",
    "//": "Mi-go raiding parties spawning in the vicinity of a mi-go camp.  Puts slavers later on and keeps large groups from spawning until the player can deal with them.",
    "default": "mon_mi_go_slaver",
    "monsters": [
      { "monster": "mon_mi_go", "freq": 100, "cost_multiplier": 20, "pack_size": [ 2, 4 ] },
      { "monster": "mon_mi_go", "freq": 100, "cost_multiplier": 10, "pack_size": [ 4, 8 ] },
      { "monster": "mon_mi_go", "freq": 100, "cost_multiplier": 2, "starts": 720, "pack_size": [ 3, 6 ] },
      { "monster": "mon_mi_go_slaver", "freq": 30, "cost_multiplier": 10, "starts": 840 },
      { "monster": "mon_mi_go_slaver", "freq": 30, "cost_multiplier": 20, "starts": 1080, "pack_size": [ 1, 2 ] },
      { "monster": "mon_mi_go_scout", "freq": 100, "cost_multiplier": 50, "starts": 840 },
      { "monster": "mon_mi_go_myrmidon", "freq": 10, "cost_multiplier": 50, "starts": 1080 }
    ]
  },
  {
    "type": "monstergroup",
    "name": "GROUP_MI-GO_BASE_COMMON",
    "//": "Basic mi-go base defenders.",
    "default": "mon_mi_go_slaver",
    "monsters": [
      { "monster": "mon_mi_go", "freq": 100, "cost_multiplier": 1, "pack_size": [ 2, 4 ] },
      { "monster": "mon_mi_go", "freq": 100, "cost_multiplier": 3, "pack_size": [ 2, 4 ] },
      { "monster": "mon_mi_go_guard", "freq": 50, "cost_multiplier": 1, "pack_size": [ 1, 2 ] },
      { "monster": "mon_mi_go_guard", "freq": 30, "cost_multiplier": 3, "pack_size": [ 1, 2 ] },
      { "monster": "mon_mi_go_slaver", "freq": 20, "cost_multiplier": 4, "starts": 840, "pack_size": [ 1, 2 ] },
      { "monster": "mon_mi_go_scout", "freq": 100, "cost_multiplier": 2, "starts": 840 }
    ]
  },
  {
    "type": "monstergroup",
    "name": "GROUP_MI-GO_BASE_CAPTORS",
    "//": "Mi-go base defenders for rooms where captives are being held.",
    "default": "mon_mi_go_guard",
    "monsters": [
      { "monster": "mon_mi_go_guard", "freq": 50, "cost_multiplier": 1, "pack_size": [ 1, 2 ] },
      { "monster": "mon_mi_go_guard", "freq": 50, "cost_multiplier": 3, "pack_size": [ 2, 4 ] },
      { "monster": "mon_mi_go_surgeon", "freq": 100, "cost_multiplier": 2 },
      { "monster": "mon_mi_go_surgeon", "freq": 100, "cost_multiplier": 4, "pack_size": [ 1, 2 ] }
    ]
  },
  {
    "type": "monstergroup",
    "name": "GROUP_MI-GO_BASE_BOSS",
    "//": "Mi-go base defenders for major boss battles.",
    "default": "mon_mi_go_guard",
    "monsters": [
      { "monster": "mon_mi_go_guard", "freq": 70, "cost_multiplier": 3, "pack_size": [ 2, 5 ] },
      { "monster": "mon_mi_go_myrmidon", "freq": 30, "cost_multiplier": 6, "starts": 840, "pack_size": [ 1, 2 ] },
      { "monster": "mon_mi_go_scout", "freq": 100, "cost_multiplier": 3, "pack_size": [ 1, 2 ] }
    ]
  },
  {
    "type": "monstergroup",
    "name": "GROUP_MI-GO_SCOUT_TOWER",
    "//": "Mi-go scout tower prisoner room.",
    "default": "mon_mi_go",
    "monsters": [
      { "monster": "mon_mi_go_surgeon", "freq": 100, "cost_multiplier": 3 },
      { "monster": "mon_mi_go_guard", "freq": 100, "cost_multiplier": 6 },
      { "monster": "mon_mi_go", "freq": 100, "cost_multiplier": 2, "pack_size": [ 3, 4 ] }
    ]
  }
]
