[
  {
    "type": "mapgen",
    "method": "json",
    "nested_mapgen_id": "tacoma_commune_west_wall_door",
    "object": {
      "mapgensize": [ 2, 2 ],
      "rows": [
        "q+",
        "  "
      ],
      "terrain": { "q": "t_wall_wood", "+": "t_door_c" }
    }
  },
  {
    "type": "mapgen",
    "method": "json",
    "nested_mapgen_id": "tacoma_commune_east_wall_door",
    "object": {
      "mapgensize": [ 2, 2 ],
      "rows": [
        "+q",
        "  "
      ],
      "terrain": { "q": "t_wall_wood", "+": "t_door_c" }
    }
  },
  {
    "type": "mapgen",
    "method": "json",
    "nested_mapgen_id": "tacoma_commune_makeshift_bed",
    "object": {
      "mapgensize": [ 2, 2 ],
      "rows": [
        "##",
        "  "
      ],
      "terrain": { "#": "t_dirt" },
      "furniture": { "#": "f_makeshift_bed" }
    }
  },
  {
    "type": "mapgen",
    "method": "json",
    "nested_mapgen_id": "tacoma_commune_bar_14",
    "object": {
      "mapgensize": [ 20, 20 ],
      "rows": [
        "                    ",
        "                    ",
        "                    ",
        "                    ",
        "                    ",
        "                    ",
        "       w..wwwww     ",
        "       w..w...w     ",
        "       w..w...w     ",
        "wwwwwwww..ww.www..ww",
        "w.............w....w",
        "w..................w",
        "w.............w....w",
        "w.............wwwwww",
        "w.............w     ",
        "w.............w     ",
        "wwww........www     ",
        "   .........w       ",
        "   .........w       ",
        "   wwwwwwwwww       "
      ],
      "terrain": { "w": "t_wall_half", ".": "t_dirt" }
    }
  },
  {
    "type": "mapgen",
    "method": "json",
    "nested_mapgen_id": "tacoma_commune_bar_15",
    "object": {
      "mapgensize": [ 20, 20 ],
      "rows": [
        "                    ",
        "                    ",
        "                    ",
        "                    ",
        "                    ",
        "                    ",
        "       w..wwwww     ",
        "       w..w...w     ",
        "       w..w...w     ",
        "www00www..ww.www..ww",
        "w.............w....w",
        "w..................w",
        "0.............w....w",
        "0.............wwwwww",
        "w.............w     ",
        "w.............w     ",
        "wwww........www     ",
        "   .........w       ",
        "   .........w       ",
        "   wwww00wwww       "
      ],
      "terrain": { "w": "t_wall", ".": "t_dirt", "0": "t_window_frame" }
    }
  },
  {
    "type": "mapgen",
    "method": "json",
    "nested_mapgen_id": "tacoma_commune_bar_16_done",
    "object": {
      "mapgensize": [ 20, 20 ],
      "rows": [
        "                    ",
        "                    ",
        "                    ",
        "                    ",
        "                    ",
        "                    ",
        "       w++wwwww     ",
        "       w..wr..w     ",
        "       w..wr..w     ",
        "www]]www++ww+www++ww",
        "w.............w....w",
        "wCC..CtC...c..+....w",
        "]tt........c.rwvvkkw",
        "]tt........c.rwwwwww",
        "wCC..CtC...c..w     ",
        "w.............w     ",
        "wwww..C..C..www     ",
        "   +..t..t..w       ",
        "   +..C..C..w       ",
        "   wwww]]wwww       "
      ],
      "terrain": {
        "w": "t_wall",
        ".": "t_floor",
        "]": "t_window_boarded_noglass",
        "c": "t_floor",
        "C": "t_floor",
        "t": "t_floor",
        "r": "t_floor",
        "k": "t_floor",
        "v": "t_floor",
        "+": "t_door_c"
      },
      "furniture": { "c": "f_counter", "C": "f_chair", "t": "f_table", "r": "f_rack", "k": "f_wood_keg", "v": "f_fvat_empty" },
      "//": "there used to be some logic to not place a bartender if there already was one, but it broke a lot and didn't place a bartender at all. Just place the bartender and sometimes the TC bar is so busy that they have two people on staff.",
      "place_npcs": [ { "class": "ranch_bartender", "x": 12, "y": 12 }, { "class": "scavenger_merc", "x": 5, "y": 11 } ]
    }
  },
  {
    "type": "mapgen",
    "method": "json",
    "nested_mapgen_id": "tacoma_commune_bar_bartender_1",
    "object": {
      "mapgensize": [ 20, 20 ],
      "rows": [
        "qqqqqqqqqqqqqqq     ",
        ",,,,,,,,,,,,,,q     ",
        ",,,,,,,,,,,,,,q     ",
        "q,,,,,,,,,,,,,q     ",
        "q,,,,,,,,,,,,,q     ",
        "q,,,,,,,,,,,,,q     ",
        "qqqqqqqw++wwwww     ",
        "       w..wr..w     ",
        "       w..wr..w     ",
        "wwww]]ww++ww+www++ww",
        "w.............w....w",
        "wCC..CtC...c..+....w",
        "]tt........c.rwvvkkw",
        "]tt........c.rwwwwww",
        "wCC..CtC...c..w     ",
        "w.............w     ",
        "wwww..C..C..www     ",
        "   +..t..t..w       ",
        "   +..C..C..w       ",
        "   wwww]]wwww       "
      ],
      "terrain": {
        "w": "t_wall",
        ".": "t_floor",
        "]": "t_window_boarded_noglass",
        "c": "t_floor",
        "C": "t_floor",
        "t": "t_floor",
        "r": "t_floor",
        "k": "t_floor",
        "v": "t_floor",
        "+": "t_door_c",
        ",": "t_dirt",
        "q": "t_wall_half"
      },
      "furniture": { "c": "f_counter", "C": "f_chair", "t": "f_table", "r": "f_rack", "k": "f_wood_keg", "v": "f_fvat_empty" }
    }
  },
  {
    "type": "mapgen",
    "method": "json",
    "nested_mapgen_id": "tacoma_commune_bar_bartender_2",
    "object": {
      "mapgensize": [ 20, 20 ],
      "rows": [
        "wwww00www00wwww     ",
        "+,,,,,,,,,,,,,w     ",
        "+,,,,,,,,,,,,,wqqqqq",
        "w,,,,,,,,,,,,,w,,,,q",
        "0,,,,,,,,,,,,,w,,,,q",
        "w,,,,,,,,,,,,,w,,,,q",
        "wwwwwwww++wwwww,,,,q",
        "       w..wr..w,,,,q",
        "       w..wr..w,,,,q",
        "wwww]]ww++ww+www++ww",
        "w.............w...kw",
        "wCC..CtC...c..+....w",
        "]tt........c.rwvvkkw",
        "]tt........c.rwwwwww",
        "wCC..CtC...c..w     ",
        "w.............w     ",
        "wwww..C..C..www     ",
        "   +..t..t..w       ",
        "   +..C..C..w       ",
        "   wwww]]wwww       "
      ],
      "terrain": {
        "w": "t_wall",
        ".": "t_floor",
        "]": "t_window_boarded_noglass",
        "c": "t_floor",
        "C": "t_floor",
        "t": "t_floor",
        "r": "t_floor",
        "k": "t_floor",
        "v": "t_floor",
        "+": "t_door_c",
        ",": "t_dirt",
        "q": "t_wall_half",
        "0": "t_window_frame"
      },
      "furniture": { "c": "f_counter", "C": "f_chair", "t": "f_table", "r": "f_rack", "k": "f_wood_keg", "v": "f_fvat_empty" }
    }
  },
  {
    "type": "mapgen",
    "method": "json",
    "nested_mapgen_id": "tacoma_commune_bar_bartender_3",
    "object": {
      "mapgensize": [ 20, 20 ],
      "rows": [
        "wwww]]www]]wwww     ",
        "+.............w     ",
        "+.............wwwwww",
        "w.............w....w",
        "].............w....]",
        "w.............w....w",
        "wwwwwwww++wwwww....w",
        "       w..wr..w....w",
        "       w..wr..w....w",
        "wwww]]ww++ww+www++ww",
        "w.............w....w",
        "wCC..CtC...c..+....w",
        "]tt........c.rwvvkkw",
        "]tt........c.rwwwwww",
        "wCC..CtC...c..w     ",
        "w.............w     ",
        "wwww..C..C..www     ",
        "   +..t..t..w       ",
        "   +..C..C..w       ",
        "   wwww]]wwww       "
      ],
      "terrain": {
        "w": "t_wall",
        ".": "t_floor",
        "]": "t_window_boarded_noglass",
        "c": "t_floor",
        "C": "t_floor",
        "t": "t_floor",
        "r": "t_floor",
        "k": "t_floor",
        "v": "t_floor",
        "+": "t_door_c",
        ",": "t_dirt",
        "q": "t_wall_half",
        "0": "t_window_frame"
      },
      "furniture": { "c": "f_counter", "C": "f_chair", "t": "f_table", "r": "f_rack", "k": "f_wood_keg", "v": "f_fvat_empty" }
    }
  },
  {
    "type": "mapgen",
    "method": "json",
    "nested_mapgen_id": "tacoma_commune_bar_bartender_4",
    "object": {
      "mapgensize": [ 20, 20 ],
      "rows": [
        "wwww]]www]]wwww     ",
        "+.......CttC..w     ",
        "+.......CttC..wwwwww",
        "w..CtC........wk...w",
        "].........CtC.wk...]",
        "w..CtC........wk..sw",
        "wwwwwwww++wwwwwv..sw",
        "       w..wr..wv..sw",
        "       w..wr..wv..sw",
        "wwww]]ww++ww+www++ww",
        "w.............w...kw",
        "wCC..CtC...c..+....w",
        "]tt........c.rwvvkkw",
        "]tt........c.rwwwwww",
        "wCC..CtC...c..w     ",
        "w.............w     ",
        "wwww..C..C..www     ",
        "   +..t..t..w       ",
        "   +..C..C..w       ",
        "   wwww]]wwww       "
      ],
      "terrain": {
        "w": "t_wall",
        ".": "t_floor",
        "]": "t_window_boarded_noglass",
        "c": "t_floor",
        "C": "t_floor",
        "t": "t_floor",
        "r": "t_floor",
        "k": "t_floor",
        "v": "t_floor",
        "+": "t_door_c",
        ",": "t_dirt",
        "q": "t_wall_half",
        "0": "t_window_frame",
        "s": "t_floor"
      },
      "furniture": {
        "c": "f_counter",
        "C": "f_chair",
        "t": "f_table",
        "r": "f_rack",
        "k": "f_wood_keg",
        "v": "f_fvat_empty",
        "s": "f_standing_tank"
      }
    }
  },
  {
    "type": "mapgen",
    "method": "json",
    "nested_mapgen_id": "tacoma_commune_chopshop_10",
    "object": {
      "mapgensize": [ 20, 20 ],
      "rows": [
        "                    ",
        "                    ",
        "                    ",
        "                    ",
        "wwwwwwwwwwwwwwwwwwww",
        "w..................w",
        "....................",
        "....................",
        "....................",
        "....................",
        "....................",
        "....................",
        "w..................w",
        "wwwwwww.www.wwwwwwww",
        "     w...w...w      ",
        "     w...w...w      ",
        "     wwwwww.ww      ",
        "                    ",
        "                    ",
        "                    "
      ],
      "terrain": { "w": "t_wall_half", ".": "t_dirt" }
    }
  },
  {
    "type": "mapgen",
    "method": "json",
    "nested_mapgen_id": "tacoma_commune_chopshop_11",
    "object": {
      "mapgensize": [ 20, 20 ],
      "rows": [
        "                    ",
        "                    ",
        "                    ",
        "                    ",
        "wwwwwwwwwwwwwwwwwwww",
        "w..................w",
        "....................",
        "....................",
        "....................",
        "....................",
        "....................",
        "....................",
        "w..................w",
        "wwwwwww+www+wwwwwwww",
        "     w...w...w      ",
        "     w...w...w      ",
        "     wwwwww+ww      ",
        "                    ",
        "                    ",
        "                    "
      ],
      "terrain": { "w": "t_wall", ".": "t_dirt", "+": "t_door_c" }
    }
  },
  {
    "type": "mapgen",
    "method": "json",
    "nested_mapgen_id": "tacoma_commune_chopshop_12_done",
    "object": {
      "mapgensize": [ 20, 20 ],
      "rows": [
        "                    ",
        "                    ",
        "                    ",
        "                    ",
        "wwwwwwwwwwwwwwwwwwww",
        "w..................w",
        "....................",
        "....................",
        "..rrr...cccc........",
        "....................",
        "....................",
        "....................",
        "w..................w",
        "wwwwwww+www+wwwwwwww",
        "     wr.bwr..w      ",
        "     wr.bwr..w      ",
        "     wwwwww+ww      ",
        "                    ",
        "                    ",
        "                    "
      ],
      "terrain": { "w": "t_wall", ".": "t_dirtfloor", "+": "t_door_c", "r": "t_dirtfloor", "c": "t_dirtfloor", "b": "t_dirtfloor" },
      "furniture": { "r": "f_rack", "c": "f_counter", "b": "f_makeshift_bed" },
      "place_vehicles": [ { "vehicle": "armored_car", "chance": 100, "rotation": 0, "x": 15, "y": 7 } ],
      "place_npcs": [ { "class": "ranch_scrapper_1", "x": 13, "y": 12 } ]
    }
  },
  {
    "type": "mapgen",
    "method": "json",
    "nested_mapgen_id": "tacoma_commune_clinic_8",
    "object": {
      "mapgensize": [ 20, 20 ],
      "rows": [
        "                     ",
        "                     ",
        "                     ",
        "........      .......",
        "........      .......",
        ".....................",
        ".....................",
        ".....................",
        ".....................",
        ".....................",
        "........      .......",
        "                     ",
        "                     ",
        "                     ",
        "                     ",
        "                     ",
        "                     ",
        "                     ",
        "                     ",
        "                     "
      ],
      "terrain": { ".": "t_dirt" }
    }
  },
  {
    "type": "mapgen",
    "method": "json",
    "nested_mapgen_id": "tacoma_commune_clinic_9",
    "object": {
      "mapgensize": [ 20, 20 ],
      "rows": [
        "                    ",
        "                    ",
        "                    ",
        "wwwwwwww     wwwwwww",
        "w......w     w.....w",
        "w......wwwwwww.....w",
        "w..................w",
        "w..................w",
        "w..................w",
        "w......wwwwwww.....w",
        "www..www     wwwwwww",
        "                    ",
        "                    ",
        "                    ",
        "                    ",
        "                    ",
        "                    ",
        "                    ",
        "                    ",
        "                    "
      ],
      "terrain": { "w": "t_wall_half", ".": "t_dirt" }
    }
  },
  {
    "type": "mapgen",
    "method": "json",
    "nested_mapgen_id": "tacoma_commune_clinic_10",
    "object": {
      "mapgensize": [ 20, 20 ],
      "rows": [
        "                    ",
        "                    ",
        "                    ",
        "wwwwwwww     wwwwwww",
        "w......w     w.....w",
        "[......wwwwwww.....[",
        "w......w.....w.....w",
        "w..................w",
        "[......w.....w.....[",
        "w......wwwwwww.....w",
        "www..www     wwwwwww",
        "                    ",
        "                    ",
        "                    ",
        "                    ",
        "                    ",
        "                    ",
        "                    ",
        "                    ",
        "                    "
      ],
      "terrain": { "w": "t_wall", ".": "t_dirt", "[": "t_window_boarded_noglass" },
      "place_item": [ { "item": "ax", "x": 13, "y": 18 } ]
    }
  },
  {
    "type": "mapgen",
    "method": "json",
    "nested_mapgen_id": "tacoma_commune_clinic_11",
    "object": {
      "mapgensize": [ 20, 20 ],
      "rows": [
        "                    ",
        "                    ",
        "                    ",
        "wwwwwwww     wwwwwww",
        "w......w     wcccccw",
        "[......wwwwwww.....[",
        "w......w.....w.....w",
        "w..............tt..w",
        "[..... w.....w.....[",
        "w......wwwwwww.....w",
        "www++www     wwwwwww",
        "                    ",
        "                    ",
        "                    ",
        "                    ",
        "                    ",
        "                    ",
        "                    ",
        "                    ",
        "                    ",
        "                    "
      ],
      "terrain": { "w": "t_wall", ".": "t_floor", "+": "t_door_c", "[": "t_window_boarded_noglass", "c": "t_floor", "t": "t_floor" },
      "furniture": { "c": "f_cupboard", "t": "f_table" },
      "place_npcs": [ { "class": "ranch_nurse_1", "x": 5, "y": 6 } ]
    }
  },
  {
    "type": "mapgen",
    "method": "json",
    "nested_mapgen_id": "tacoma_commune_greenhouse_16",
    "object": {
      "mapgensize": [ 13, 13 ],
      "rows": [
        "wwwww.wwwww  ",
        "w.........w  ",
        "w.........w  ",
        "w.........w  ",
        "w.........w  ",
        "w.........w  ",
        "w.........w  ",
        "w.........w  ",
        "w.........w  ",
        "w.........w  ",
        "w.........w  ",
        "w.........w  ",
        "wwwww.wwwww  "
      ],
      "terrain": { "w": "t_wall_half", ".": "t_dirt" }
    }
  },
  {
    "type": "mapgen",
    "method": "json",
    "nested_mapgen_id": "tacoma_commune_greenhouse_17_done",
    "object": {
      "mapgensize": [ 13, 13 ],
      "rows": [
        "wwwww+wwwww  ",
        "w.........w  ",
        "w.........w  ",
        "w.........w  ",
        "w.........w  ",
        "w.........w  ",
        "w.........w  ",
        "w.........w  ",
        "w.........w  ",
        "w.........w  ",
        "w.........w  ",
        "w.........w  ",
        "wwwww+wwwww  "
      ],
      "terrain": { "w": "t_window", ".": "t_dirt", "+": "t_door_c" }
    }
  },
  {
    "type": "mapgen",
    "method": "json",
    "nested_mapgen_id": "tacoma_commune_junk_shop_12",
    "object": {
      "mapgensize": [ 16, 16 ],
      "rows": [
        "wwwwww              ",
        "w....wwwwwwwwwww    ",
        "w....w.........w    ",
        "w..............w    ",
        "w....w.........w    ",
        "wwwwww.........w    ",
        "     w.........w    ",
        "     ..........w    ",
        "     w.........w    ",
        "     www.....www    ",
        "       w.....w      ",
        "       w.....w      ",
        "       w......      ",
        "       w.....w      ",
        "       wwwwwww      ",
        "                    "
      ],
      "terrain": { "w": "t_wall_half", ".": "t_dirt" }
    }
  },
  {
    "type": "mapgen",
    "method": "json",
    "nested_mapgen_id": "tacoma_commune_junk_shop_13",
    "object": {
      "mapgensize": [ 16, 16 ],
      "rows": [
        "wwwwww              ",
        "w....wwww000wwww    ",
        "0....w.........w    ",
        "0..............w    ",
        "w....w.........0    ",
        "wwwwww.........0    ",
        "     w.........w    ",
        "     ..........w    ",
        "     w.........w    ",
        "     www.....www    ",
        "       w.....w      ",
        "       w.....w      ",
        "       0......      ",
        "       w.....w      ",
        "       wwwwwww      ",
        "                    "
      ],
      "terrain": { "w": "t_wall", ".": "t_dirtfloor", "0": "t_window_frame" }
    }
  },
  {
    "type": "mapgen",
    "method": "json",
    "nested_mapgen_id": "tacoma_commune_junk_shop_14_done",
    "object": {
      "mapgensize": [ 16, 16 ],
      "rows": [
        "wwwwww              ",
        "w....wwww[[[wwww    ",
        "[....w........rw    ",
        "[.............rw    ",
        "w....w..cc.cc.r[    ",
        "wwwwww..cc.cc.r[    ",
        "     w..cc.cc.rw    ",
        "     +..cc.cc.rw    ",
        "     w........rw    ",
        "     www.....www    ",
        "       w.....w      ",
        "       w..c..w      ",
        "       [..c..+      ",
        "       w..c..w      ",
        "       wwwwwww      ",
        "                    "
      ],
      "terrain": {
        "w": "t_wall",
        ".": "t_dirtfloor",
        "[": "t_window_boarded_noglass",
        "+": "t_door_c",
        "r": "t_dirtfloor",
        "c": "t_dirtfloor"
      },
      "furniture": { "c": "f_counter", "r": "f_rack" },
      "place_npcs": [ { "class": "ranch_scavenger_1", "x": 9, "y": 12 } ]
    }
  },
  {
    "type": "mapgen",
    "method": "json",
    "nested_mapgen_id": "tacoma_commune_lumbermill_4",
    "object": {
      "mapgensize": [ 12, 12 ],
      "rows": [
        "..........  ",
        "..........  ",
        "WWW.......  ",
        "W.........  ",
        "W.........  ",
        "..........  ",
        "..........  ",
        "..........  ",
        "..........  ",
        "..........  ",
        "..........  ",
        "..........  "
      ],
      "terrain": { "W": "t_wall_log_half", ".": "t_dirt" }
    }
  },
  {
    "type": "mapgen",
    "method": "json",
    "nested_mapgen_id": "tacoma_commune_lumbermill_5",
    "object": {
      "mapgensize": [ 12, 12 ],
      "rows": [
        "            ",
        "            ",
        "WWW....WWW  ",
        "W........W  ",
        "W........W  ",
        "W.........  ",
        "W.........  ",
        "W.........  ",
        "W.........  ",
        "W........W  ",
        "W........W  ",
        "WWW....WWW  "
      ],
      "terrain": { "W": "t_wall_log", ".": "t_dirtfloor" }
    }
  },
  {
    "type": "mapgen",
    "method": "json",
    "nested_mapgen_id": "tacoma_commune_lumbermill_6",
    "object": {
      "mapgensize": [ 12, 12 ],
      "rows": [
        "            ",
        "            ",
        "WWW....WWW  ",
        "W........W  ",
        "W........W  ",
        "W.........  ",
        "W.........  ",
        "W.........  ",
        "W.........  ",
        "W.......rW  ",
        "W.......rW  ",
        "WWW....WWW  "
      ],
      "terrain": { "r": "t_dirtfloor", "W": "t_wall_log", ".": "t_dirtfloor" },
      "furniture": { "r": "f_rack" },
      "place_item": [ { "item": "frame", "x": 3, "y": 6 }, { "item": "frame", "x": 3, "y": 7 }, { "item": "frame", "x": 3, "y": 8 } ]
    }
  },
  {
    "type": "mapgen",
    "method": "json",
    "nested_mapgen_id": "tacoma_commune_lumbermill_7",
    "object": {
      "mapgensize": [ 12, 12 ],
      "rows": [
        "            ",
        "            ",
        "WWWc...WWW  ",
        "W..c....rW  ",
        "W..c....rW  ",
        "W..c......  ",
        "W.........  ",
        "W.........  ",
        "W.........  ",
        "W.......rW  ",
        "W.......rW  ",
        "WWW....WWW  "
      ],
      "terrain": { "r": "t_dirtfloor", "W": "t_wall_log", ".": "t_dirtfloor", "c": "t_conveyor" },
      "furniture": { "r": "f_rack" }
    }
  },
  {
    "type": "mapgen",
    "method": "json",
    "nested_mapgen_id": "tacoma_commune_lumbermill_8_done",
    "object": {
      "mapgensize": [ 12, 12 ],
      "rows": [
        "            ",
        "            ",
        "WWWc...WWW  ",
        "W..c....rW  ",
        "W..c....rW  ",
        "W..c......  ",
        "W..m......  ",
        "W..m......  ",
        "W..M......  ",
        "W.......rW  ",
        "W.......rW  ",
        "WWW....WWW  "
      ],
      "terrain": {
        "r": "t_dirtfloor",
        "W": "t_wall_log",
        ".": "t_dirtfloor",
        "c": "t_conveyor",
        "m": "t_machinery_old",
        "M": "t_machinery_heavy"
      },
      "furniture": { "r": "f_rack" },
      "place_item": [
        { "item": "log", "x": 3, "y": 0 },
        { "item": "log", "x": 3, "y": 1 },
        { "item": "log", "x": 3, "y": 1 },
        { "item": "log", "x": 0, "y": 1, "amount": [ 1, 5 ] },
        { "item": "log", "x": 1, "y": 1, "amount": [ 1, 5 ] },
        { "item": "2x4", "x": 3, "y": 9, "amount": [ 1, 10 ] },
        { "item": "log", "x": 3, "y": 2 }
      ],
      "place_npcs": [ { "class": "ranch_woodcutter_1", "x": 4, "y": 7 } ]
    }
  },
  {
    "type": "mapgen",
    "method": "json",
    "nested_mapgen_id": "tacoma_commune_outhouse_8",
    "object": {
      "mapgensize": [ 5, 5 ],
      "rows": [
        "wwww ",
        "..0w ",
        "wwww ",
        "..0w ",
        "wwww "
      ],
      "terrain": { "w": "t_wall_half", "0": "t_pit", ".": "t_dirtfloor" }
    }
  },
  {
    "type": "mapgen",
    "method": "json",
    "nested_mapgen_id": "tacoma_commune_outhouse_9_done",
    "object": {
      "mapgensize": [ 5, 5 ],
      "rows": [
        "wwww ",
        "+.0w ",
        "wwww ",
        "+.0w ",
        "wwww "
      ],
      "terrain": { "w": "t_wall", "+": "t_door_c", ".": "t_dirtfloor", "0": "t_pit" },
      "place_npcs": [ { "class": "ranch_ill_1", "x": 2, "y": 1 } ]
    }
  },
  {
    "type": "mapgen",
    "method": "json",
    "nested_mapgen_id": "tacoma_commune_toolshed_8",
    "object": {
      "mapgensize": [ 6, 6 ],
      "rows": [
        "wwwwww",
        "w....w",
        ".....w",
        "w....w",
        "wwwwww",
        "      "
      ],
      "terrain": { "w": "t_wall_half", ".": "t_dirtfloor" }
    }
  },
  {
    "type": "mapgen",
    "method": "json",
    "nested_mapgen_id": "tacoma_commune_toolshed_9_done",
    "object": {
      "mapgensize": [ 6, 6 ],
      "rows": [
        "wwwwww",
        "wccccw",
        "+....W",
        "wccccw",
        "wwwwww",
        "      "
      ],
      "terrain": { "w": "t_wall", "+": "t_door_c", "W": "t_window_boarded_noglass", "c": "t_dirtfloor", ".": "t_dirtfloor" },
      "furniture": { "c": "f_counter" }
    }
  }
]
