[
  {
    "type": "mapgen",
    "method": "json",
    "om_terrain": [ [ "campus_admin_0_0_2" ], [ "campus_admin_0_1_2" ], [ "campus_admin_0_2_2" ] ],
    "weight": 250,
    "object": {
      "fill_ter": "t_open_air",
      "rows": [
        "                        ",
        "                        ",
        "                        ",
        " |||||||||              ",
        " |,,,,,,,|              ",
        " |,,,,,,,|              ",
        " |,,,,,,,|              ",
        " |,,,,,,,|              ",
        " |,,,,,,,|              ",
        " |,,,,,,,|              ",
        " |,,,,,,,|              ",
        " |||,,,,,|||||          ",
        "   |,,,,,,,,,|          ",
        "   |,,,,,,,,,|          ",
        "   |,,,,,,,,,|          ",
        "||||,,,,,,,,,|          ",
        "|,,,,,,,,,,,,|          ",
        "|,,,,,,,,,,,,|          ",
        "|,,,,,,,,,,,,|          ",
        "|||,,,,,,,,,,|          ",
        "  |,,,,,,,,,,|||        ",
        "  |,,,,,,,,,,,,|        ",
        "  |,,,,,,,,,,,,|        ",
        "  |,,,,,,,,,,,,|        ",
        "  |,,,,,,,,,,,,|        ",
        "  |,,,,,,,,,,,,|        ",
        "  |,,,,,,,,,,,,|        ",
        "  |,,,,,,,,,,,,|        ",
        "  |,,,,,,,,,,,,|        ",
        "  |,,,,,,,,,,,,|        ",
        "  |,,,,,,,,,,,,|        ",
        "  |,,,,,,,,,,,,|        ",
        "  |,,,,,,,,,,,,|        ",
        "  |,,,,,,,,,,,,|        ",
        "  |,,,,,,,,,,,,|||||||||",
        "  |,,,,,,,,,,,,,,,,,,,,,",
        "  |,,,,,,,,,,,,,,,,,,,,,",
        "  |,,,,,,,,,,,,,,,,,,,,,",
        "  |,,,,,,,,,,,,,,,,,,,,,",
        "  |,,,,,,,,,,,,,,,,,,,,,",
        "  |,,,,,,,,,,,,,,,,,,,,,",
        "  |,,,,,,,,,,,,,,,,,,,,,",
        "  |,,,,,,,,,,,,,,,,,,,,,",
        "  |,,,,,,,,,,,,,,,,,,,,,",
        "  |,,,,,,,,,,,,,,,,,,,,,",
        "  |,,,,,,,,,,,,,,,,,,,,,",
        "  |,,,,,,,,,,,,,,,,,,,,,",
        "  |,,,,,,,,,,,,,,|||||||",
        " ||,,,,,,,,,,,,,,|      ",
        " |,,,,,,,,,,,,,,,|      ",
        " |,,,,,,,,,,,,,,,|      ",
        " |,,,,,,,,,,,,,,,|      ",
        " |,,,,,,,,,,,,,,,|      ",
        " |,,,,,,,,,,,,,,,|      ",
        " |,,,,,,,,,,,,,,,|      ",
        " |,,,,,,,,,,,,,,,|      ",
        " |,,,,,,,,,,,|||||      ",
        " |,,,,,,,,,,,|          ",
        " |,,,,,,,,,,,|          ",
        " ||||||||,,,,|          ",
        "        |,,,,|          ",
        "        |,,,,|          ",
        "        ||||||          ",
        "                        ",
        "                        ",
        "                        ",
        "                        ",
        "                        ",
        "                        ",
        "                        ",
        "                        ",
        "                        "
      ],
      "terrain": {  },
      "furniture": {  },
      "palettes": [ "campus_common" ]
    }
  }
]
