[
  {
    "type": "mapgen",
    "method": "json",
    "om_terrain": [ [ "campus_admin_0_0_3" ], [ "campus_admin_0_1_3" ], [ "campus_admin_0_2_3" ] ],
    "weight": 250,
    "object": {
      "fill_ter": "t_open_air",
      "rows": [
        "                        ",
        "                        ",
        "                        ",
        " RRRRRRRRR              ",
        " RRRRRRRRR              ",
        " RRRRRRRRR              ",
        " RRRRRRRRR              ",
        " RRRRRRRRR              ",
        " RRRRRRRRR              ",
        " RRRRRRRRR              ",
        " RRRRRRRRR              ",
        " RRRRRRRRRRRRR          ",
        "   RRRRRRRRRRR          ",
        "   RRRRRRRRRRR          ",
        "   RRRRRRRRRRR          ",
        "RRRRRRRRRRRRRR          ",
        "RRRRRRRRRRRRRR          ",
        "RRRRRRRRRRRRRR          ",
        "RRRRRRRRRRRRRR          ",
        "RRRRRRRRRRRRRR          ",
        "  RRRRRRRRRRRRRR        ",
        "  RRRRRRRRRRRRRR        ",
        "  RRRRRRRRRRRRRR        ",
        "  RRRRRRRRRRRRRR        ",
        "  RRRRRRRRRRRRRR        ",
        "  RRRRRRRRRRRRRR        ",
        "  RRRRRRRRRRRRRR        ",
        "  RRRRRRRRRRRRRR        ",
        "  RRRRRRRRRRRRRR        ",
        "  RRRRRRRRRRRRRR        ",
        "  RRRRRRRRRRRRRR        ",
        "  RRRRRRRRRRRRRR        ",
        "  RRRRRRRRRRRRRR        ",
        "  RRRRRRRRRRRRRR        ",
        "  RRRRRRRRRRRRRRRRRRRRRR",
        "  RRRRRRRRRRRRRRRRRRRRRR",
        "  RRRRRRRRRRRRRRRRRRRRRR",
        "  RRRRRRRRRRRRRRRRRRRRRR",
        "  RRRRRRRRRRRRRRRRRRRRRR",
        "  RRRRRRRRRRRRRRRRRRRRRR",
        "  RRRRRRRRRRRRRRRRRRRRRR",
        "  RRRRRRRRRRRRRRRRRRRRRR",
        "  RRRRRRRRRRRRRRRRRRRRRR",
        "  RRRRRRRRRRRRRRRRRRRRRR",
        "  RRRRRRRRRRRRRRRRRRRRRR",
        "  RRRRRRRRRRRRRRRRRRRRRR",
        "  RRRRRRRRRRRRRRRRRRRRRR",
        " RRRRRRRRRRRRRRRRRRRRRRR",
        " RRRRRRRRRRRRRRRRR      ",
        " RRRRRRRRRRRRRRRRR      ",
        " RRRRRRRRRRRRRRRRR      ",
        " RRRRRRRRRRRRRRRRR      ",
        " RRRRRRRRRRRRRRRRR      ",
        " RRRRRRRRRRRRRRRRR      ",
        " RRRRRRRRRRRRRRRRR      ",
        " RRRRRRRRRRRRRRRRR      ",
        " RRRRRRRRRRRRRRRRR      ",
        " RRRRRRRRRRRRR          ",
        " RRRRRRRRRRRRR          ",
        " RRRRRRRRRRRRR          ",
        "        RRRRRR          ",
        "        RRRRRR          ",
        "        RRRRRR          ",
        "                        ",
        "                        ",
        "                        ",
        "                        ",
        "                        ",
        "                        ",
        "                        ",
        "                        ",
        "                        "
      ],
      "terrain": {  },
      "furniture": {  },
      "palettes": [ "campus_common" ]
    }
  }
]
