[
  {
    "type": "mapgen",
    "method": "json",
    "om_terrain": [
      [ "campus_commons_0_0_2", "campus_commons_1_0_2" ],
      [ "campus_commons_0_1_2", "campus_commons_1_1_2" ],
      [ "campus_commons_0_2_2", "campus_commons_1_2_2" ],
      [ "campus_commons_0_3_2", "campus_commons_1_3_2" ]
    ],
    "weight": 250,
    "object": {
      "fill_ter": "t_open_air",
      "rows": [
        "                                                ",
        "                                                ",
        "                                                ",
        "                                                ",
        "                                                ",
        "                                                ",
        "                                                ",
        "                                                ",
        "                                  ||||||||||    ",
        "                             ||||||,,,,,,,,|    ",
        "                             |,,,,,,,,,,,,,|    ",
        "                       |||||||,,,,,,,,,,,,,|    ",
        "                       |,,,,,,,,,,,,,,,,,,,|    ",
        "                       |,,,,,,,,,,,,,,,,,,,|    ",
        "                       |,,,,,,,,,,,,,,,,,,,|    ",
        "                       |,,,,,,,,,,,,,,,,,,,|    ",
        "                       |,,,,,,,,,,,,,,,,,,,|    ",
        "                       |,,,,,,,,,,,,,,,,,,,|    ",
        "                       |,,,,,,,,,,,,,,,,,,,|    ",
        "                       |,,,,,,,,,,,,,,,,,,,|    ",
        "                       |,,,,,,,,,,,,,,,,,,,|    ",
        "                       |,,,,,,,,,,,,,,,,,,,|    ",
        "                       |,,,,,,,,,,,,,,,,,,,|    ",
        "                       |,,,,,,,,,,,,,,,,,,,|    ",
        "                       |,,,,,,,,,,,,,,,,,,,|    ",
        "                       |,,,,,,,,,,,,,,,,,,,|    ",
        "                       |,,,,,,,,,,,,,,,,,,,|    ",
        "                       |,,,,,,,,,,,,,,,,,,,|    ",
        "                       |,,,,,,,,,,,,,,,,,,,|    ",
        "                       |,,,,,,,,,,,,,,,,,,,|    ",
        "                       |,,,,,,,,,,,,,,,,,,,|    ",
        "                       |,,,,,,,,,,,,,,,,,,,|    ",
        "                       |,,,,,,,,,,,,,,,,,,,|    ",
        "                       |,,,,,,,,,,,,,,,,,,,|    ",
        "                       |,,,,,,,,,,,,,|||||||    ",
        "                       |,,,,,,,,,,,,,|          ",
        "                       |,,,,,,,,,,,,,|          ",
        "                       |,,,,,,,,,,,,,|          ",
        "                       |,,,,,,,,,,,,,|          ",
        "                       |||||||,,,,,,,|          ",
        "                             |,,,,,,,|          ",
        "                             |,,,,,,,|          ",
        "                             |,,,,,,,|          ",
        "                             |,,,,,,,|||||      ",
        "                      ||||||||,,,,,,,,,,,||||   ",
        "                      |,,,,,,,,,,,,,,,,,,,,,|   ",
        "                      |,,,,,,,,,,,,,,,,,,,,,|   ",
        "                      |,,,,,,,,,,,,,,,,,,,,,|   ",
        "                      |,,,,,,,,,,,,,,,,,,,,,|   ",
        "                      |,,,,,,,,,,,,,,,,,,,,,|   ",
        "                      |,,,,,,,,,,,,,,,,,,,,,|   ",
        "                      ||||||,,,,,,,,,,,||||||   ",
        "                        RRR|,,,,,,,,,,,|RRR     ",
        "                        RRR|,,,,,,,,,,,|RRR     ",
        "                      ||||||,,,,,,,,,,,||||||   ",
        "                      |,,,,,,,,,,,,,,,,,,,,,|   ",
        "                      |,,,,,,,,,,,,,,,,,,,,,|   ",
        "                      |,,,,,,,,,,,,,,,,,,,,,|   ",
        "                      |,,,,,,,,,,,,,,,,,,,,,|   ",
        "                      |,,,,,,,,,,,,,,,,,,,,,|   ",
        "                      ||||||,,,,,,,,,,,||||||   ",
        "                        RRR|,,,,,,,,,,,|RRR     ",
        "                        RRR|,,,,,,,,,,,|RRR     ",
        "                      ||||||,,,,,,,,,,,||||||   ",
        "                      |,,,,,,,,,,,,,,,,,,,,,|   ",
        "                      |,,,,,,,,,,,,,,,,,,,,,|   ",
        "                      |,,,,,,,,,,,,,,,,,,,,,|   ",
        "                  |||||,,,,,,,,,,,,,,,,,,,,,|   ",
        "                  |,,,,,,,,,,,,,,,,,,,,,,,,,|   ",
        "                  |,,,,,,,,,,,,,,,,,,,,,,,,,|   ",
        "                  |,,,,,,,,,,,,,,,,,,,,||||||   ",
        "                  |,,,,,,,,,,,,,,,,,,,,|RRR     ",
        "                  |,,,,,,,,,,,,,,,,,,,,|RRR     ",
        "                  |,,,,,,,,,,,,,,,,,,,,||||||   ",
        "                  |,,,,,,,,,,,,,,,,,,,,,,,,,|   ",
        "                  |,,,,,,,,,,,,,,,,,,,,,,,,,|   ",
        "                  |||||,,,,,,,,,,,,,,,,,,,,,|   ",
        "                      |,,,,,,,,,,,,,,,,,,,,,|   ",
        "                      |,,,,,,,,,,,,,,,,,,,,,|   ",
        "                      ||||||,,,,,,,,,,,||||||   ",
        "                        RRR|,,,,,,,,,,,|RRR     ",
        "                        RRR|,,,,,,,,,,,|RRR     ",
        "                      ||||||,,,,,,,,,,,||||||   ",
        "                      |,,,,,,,,,,,,,,,,,,,,,|   ",
        "                      |,,,,,,,,,,,,,,,,,,,,,|   ",
        "                      |,,,,,,,,,,,,,,,,,,,,,|   ",
        "                      |,,,,,,,,,,,,,,,,,,,,,|   ",
        "                      |,,,,,,,,,,,,,,,,,,,,,|   ",
        "                      |,,,,,,,,,,,,,,,,,,,,,|   ",
        "                      |||,,,,,,,,,,,,,,,,,|||   ",
        "                        |,,,,,,,,,,,,,,,,,|     ",
        "                        ||||||,,,,,,,,,,|||     ",
        "                             |,,,,,,,,,,|       ",
        "                             |,,,,,,|||||       ",
        "                             ||||||||           ",
        "                                                "
      ],
      "terrain": {  },
      "furniture": {  },
      "palettes": [ "campus_common" ]
    }
  }
]
