[
  {
    "type": "mapgen",
    "method": "json",
    "om_terrain": [ [ "campus_health_0_0_0" ], [ "campus_health_0_1_0" ], [ "campus_health_0_2_0" ] ],
    "weight": 250,
    "object": {
      "fill_ter": "t_floor",
      "rows": [
        "________________________",
        "________________________",
        "________|||||||||_______",
        "________|,,,,,,,|_______",
        "________|,,,,,,,|_______",
        "________|,,,,,,,|_______",
        "________|,,,,,,,|_______",
        "_____||||,,,,,,,|_______",
        "_____|,,,,,,,,,,|_______",
        "_____|,,,,,,,,,,|_______",
        "_____|,,,,,,,,,,|_______",
        "_____|,,,,,,,,,,|_______",
        "_____|,,,,,,,,,,|_______",
        "||||||,,,,,,,,,,||||____",
        "|,,,,,,,,,,,,,,,,,,|____",
        "|,,,,,,,,,,,,,,,,,,|____",
        "|,,,,,,,,,,,,,,,,,,||___",
        "|,,,,,,,,,,,,,,,,,,,|___",
        "|,,,,,,,,,,,,,,,,,,,|___",
        "|,,,,,,,,,,,,,,,,,,,|___",
        "|,,,,,,,,,,,,,,,,,,,|___",
        "|,,,,,,,,,,,,,,,,,,,|___",
        "|,,,,,,,,,,,,,,,,,|||___",
        "|,,,,,,,,,,,,,,,,,|_____",
        "|,,,,,,,,,,,,,,,,,|_____",
        "|,,,,,,,,,,,,,,,,,|||___",
        "|,,,,,,,,,,,,,,,,,,,|___",
        "|,,,,,,,,,,,,,,,,,,,|___",
        "|,,,,,,,,,,,,,,,,,,,|___",
        "|,,,,,,,,,,,,,,,,,,,|___",
        "|,,,,,,,,,,,,,,,,,,,|___",
        "|,,,,,,,,,,,,,,,,,|||___",
        "|,,,,,,,,,,,,,,,,,|_____",
        "|,,,,,,,,,,,,,,,,,|_____",
        "|,,,,,,,,,,,,,,,,,|_____",
        "|,,,,,,,,,,,,,,,,,|||___",
        "|,,,,,,,,,,,,,,,,,,,|___",
        "|,,,,,,,,,,,,,,,,,,,|___",
        "|,,,,,,,,,,,,,,,,,,,|___",
        "|,,,,,,,,,,,,,,,,,,,|___",
        "|,,,,,,,,,,,,,,,,,,,|___",
        "|,,,,,,,,,,,,,,,,,|||___",
        "|,,,,,,,,,,,,,,,,,|_____",
        "|,,,,,,,,,,,,,,,,,|_____",
        "|,,,,,,,,,,,,,,,,,|_____",
        "|,,,,,,,,,,,,,,,,,|||___",
        "|,,,,,,,,,,,,,,,,,,,|___",
        "|,,,,,,,,,,,,,,,,,,,|___",
        "|,,,,,,,,,,,,,,,,,,,|___",
        "|,,,,,,,,,,,,,,,,,,,|___",
        "|,,,,,,,,,,,,,,,,,,,|___",
        "|,,,,,,,,,,,,,,,,,|||___",
        "|,,,,,,,,,,,,,,,,,|_____",
        "|,,,,,,,,,,,,,,,,,|_____",
        "|,,,,,,,,,,,,,,,,,|||___",
        "|,,,,,,,,,,,,,,,,,,,|___",
        "|,,,,,,,,,,,,,,,,,,,|___",
        "|,,,,,,,,,,,,,,,,,,,|___",
        "|,,,,,,,,,,,,,,,,,,,|___",
        "|,,,,,,,,,,,,,,,,,,,|___",
        "|,,,,,,,,,,,,,,,,,,||___",
        "|,,,,,,,,,,,,,,,,,,|____",
        "|,,,,,,,,,,,,,,,,,,|____",
        ",,,,,,,,,,,,,,,,||||____",
        ",,,,,,,,,,,,,,,,|_______",
        ",,,,,,,,,,,,,,,,|_______",
        ",,,,,,,,,,,,,,,,|_______",
        "||||,,,,,,,,,,,,|_______",
        "___|,,,,,,,,,,,,|_______",
        "___|,,,,,,,,,,,,|_______",
        "___||||||,,,,,,,|_______",
        "________|||||||||_______"
      ],
      "terrain": {  },
      "furniture": {  },
      "palettes": [ "campus_common" ]
    }
  }
]
