[
  {
    "type": "mapgen",
    "method": "json",
    "om_terrain": [ [ "campus_health_0_0_3" ], [ "campus_health_0_1_3" ], [ "campus_health_0_2_3" ] ],
    "weight": 250,
    "object": {
      "fill_ter": "t_open_air",
      "rows": [
        "                        ",
        "                        ",
        "        RRRRRRRRR       ",
        "        RRRRRRRRR       ",
        "        RRRRRRRRR       ",
        "        RRRRRRRRR       ",
        "        RRRRRRRRR       ",
        "     RRRRRRRRRRRR       ",
        "     RRRRRRRRRRRR       ",
        "     RRRRRRRRRRRR       ",
        "     RRRRRRRRRRRR       ",
        "     RRRRRRRRRRRR       ",
        "     RRRRRRRRRRRR       ",
        "RRRRRRRRRRRRRRRRRRRR    ",
        "RRRRRRRRRRRRRRRRRRRR    ",
        "RRRRRRRRRRRRRRRRRRRR    ",
        "RRRRRRRRRRRRRRRRRRRRR   ",
        "RRRRRRRRRRRRRRRRRRRRR   ",
        "RRRRRRRRRRRRRRRRRRRRR   ",
        "RRRRRRRRRRRRRRRRRRRRR   ",
        "RRRRRRRRRRRRRRRRRRRRR   ",
        "RRRRRRRRRRRRRRRRRRRRR   ",
        "RRRRRRRRRRRRRRRRRRRRR   ",
        "RRRRRRRRRRRRRRRRRRR     ",
        "RRRRRRRRRRRRRRRRRRR     ",
        "RRRRRRRRRRRRRRRRRRRRR   ",
        "RRRRRRRRRRRRRRRRRRRRR   ",
        "RRRRRRRRRRRRRRRRRRRRR   ",
        "RRRRRRRRRRRRRRRRRRRRR   ",
        "RRRRRRRRRRRRRRRRRRRRR   ",
        "RRRRRRRRRRRRRRRRRRRRR   ",
        "RRRRRRRRRRRRRRRRRRRRR   ",
        "RRRRRRRRRRRRRRRRRRR     ",
        "RRRRRRRRRRRRRRRRRRR     ",
        "RRRRRRRRRRRRRRRRRRR     ",
        "RRRRRRRRRRRRRRRRRRRRR   ",
        "RRRRRRRRRRRRRRRRRRRRR   ",
        "RRRRRRRRRRRRRRRRRRRRR   ",
        "RRRRRRRRRRRRRRRRRRRRR   ",
        "RRRRRRRRRRRRRRRRRRRRR   ",
        "RRRRRRRRRRRRRRRRRRRRR   ",
        "RRRRRRRRRRRRRRRRRRRRR   ",
        "RRRRRRRRRRRRRRRRRRR     ",
        "RRRRRRRRRRRRRRRRRRR     ",
        "RRRRRRRRRRRRRRRRRRR     ",
        "RRRRRRRRRRRRRRRRRRRRR   ",
        "RRRRRRRRRRRRRRRRRRRRR   ",
        "RRRRRRRRRRRRRRRRRRRRR   ",
        "RRRRRRRRRRRRRRRRRRRRR   ",
        "RRRRRRRRRRRRRRRRRRRRR   ",
        "RRRRRRRRRRRRRRRRRRRRR   ",
        "RRRRRRRRRRRRRRRRRRRRR   ",
        "RRRRRRRRRRRRRRRRRRR     ",
        "RRRRRRRRRRRRRRRRRRR     ",
        "RRRRRRRRRRRRRRRRRRRRR   ",
        "RRRRRRRRRRRRRRRRRRRRR   ",
        "RRRRRRRRRRRRRRRRRRRRR   ",
        "RRRRRRRRRRRRRRRRRRRRR   ",
        "RRRRRRRRRRRRRRRRRRRRR   ",
        "RRRRRRRRRRRRRRRRRRRRR   ",
        "RRRRRRRRRRRRRRRRRRRRR   ",
        "RRRRRRRRRRRRRRRRRRRR    ",
        "RRRRRRRRRRRRRRRRRRRR    ",
        "RRRRRRRRRRRRRRRRRRRR    ",
        "RRRRRRRRRRRRRRRRR       ",
        "RRRRRRRRRRRRRRRRR       ",
        "RRRRRRRRRRRRRRRRR       ",
        "RRRRRRRRRRRRRRRRR       ",
        "   RRRRRRRRRRRRRR       ",
        "   RRRRRRRRRRRRRR       ",
        "   RRRRRRRRRRRRRR       ",
        "        RRRRRRRRR       "
      ],
      "terrain": {  },
      "furniture": {  },
      "palettes": [ "campus_common" ]
    }
  }
]
