[
  {
    "type": "mapgen",
    "method": "json",
    "om_terrain": [ [ "campus_health_0_0_1" ], [ "campus_health_0_1_1" ], [ "campus_health_0_2_1" ] ],
    "weight": 250,
    "object": {
      "fill_ter": "t_open_air",
      "rows": [
        "                        ",
        "                        ",
        "        |||||||||       ",
        "        |,,,,,,,|       ",
        "        |,,,,,,,|       ",
        "        |,,,,,,,|       ",
        "        |,,,,,,,|       ",
        "     ||||,,,,,,,|       ",
        "     |,,,,,,,,,,|       ",
        "     |,,,,,,,,,,|       ",
        "     |,,,,,,,,,,|       ",
        "     |,,,,,,,,,,|       ",
        "     |,,,,,,,,,,|       ",
        "||||||,,,,,,,,,,||||    ",
        "|,,,,,,,,,,,,,,,,,,|    ",
        "|,,,,,,,,,,,,,,,,,,|    ",
        "|,,,,,,,,,,,,,,,,,,||   ",
        "|,,,,,,,,,,,,,,,,,,,|   ",
        "|,,,,,,,,,,,,,,,,,,,|   ",
        "|,,,,,,,,,,,,,,,,,,,|   ",
        "|,,,,,,,,,,,,,,,,,,,|   ",
        "|,,,,,,,,,,,,,,,,,,,|   ",
        "|,,,,,,,,,,,,,,,,,|||   ",
        "|,,,,,,,,,,,,,,,,,|     ",
        "|,,,,,,,,,,,,,,,,,|     ",
        "|,,,,,,,,,,,,,,,,,|||   ",
        "|,,,,,,,,,,,,,,,,,,,|   ",
        "|,,,,,,,,,,,,,,,,,,,|   ",
        "|,,,,,,,,,,,,,,,,,,,|   ",
        "|,,,,,,,,,,,,,,,,,,,|   ",
        "|,,,,,,,,,,,,,,,,,,,|   ",
        "|,,,,,,,,,,,,,,,,,|||   ",
        "|,,,,,,,,,,,,,,,,,|     ",
        "|,,,,,,,,,,,,,,,,,|     ",
        "|,,,,,,,,,,,,,,,,,|     ",
        "|,,,,,,,,,,,,,,,,,|||   ",
        "|,,,,,,,,,,,,,,,,,,,|   ",
        "|,,,,,,,,,,,,,,,,,,,|   ",
        "|,,,,,,,,,,,,,,,,,,,|   ",
        "|,,,,,,,,,,,,,,,,,,,|   ",
        "|,,,,,,,,,,,,,,,,,,,|   ",
        "|,,,,,,,,,,,,,,,,,|||   ",
        "|,,,,,,,,,,,,,,,,,|     ",
        "|,,,,,,,,,,,,,,,,,|     ",
        "|,,,,,,,,,,,,,,,,,|     ",
        "|,,,,,,,,,,,,,,,,,|||   ",
        "|,,,,,,,,,,,,,,,,,,,|   ",
        "|,,,,,,,,,,,,,,,,,,,|   ",
        "|,,,,,,,,,,,,,,,,,,,|   ",
        "|,,,,,,,,,,,,,,,,,,,|   ",
        "|,,,,,,,,,,,,,,,,,,,|   ",
        "|,,,,,,,,,,,,,,,,,|||   ",
        "|,,,,,,,,,,,,,,,,,|     ",
        "|,,,,,,,,,,,,,,,,,|     ",
        "|,,,,,,,,,,,,,,,,,|||   ",
        "|,,,,,,,,,,,,,,,,,,,|   ",
        "|,,,,,,,,,,,,,,,,,,,|   ",
        "|,,,,,,,,,,,,,,,,,,,|   ",
        "|,,,,,,,,,,,,,,,,,,,|   ",
        "|,,,,,,,,,,,,,,,,,,,|   ",
        "|,,,,,,,,,,,,,,,,,,||   ",
        "|,,,,,,,,,,,,,,,,,,|    ",
        "|,,,,,,,,,,,,,,,,,,|    ",
        ",,,,,,,,,,,,,,,,||||    ",
        ",,,,,,,,,,,,,,,,|       ",
        ",,,,,,,,,,,,,,,,|       ",
        ",,,,,,,,,,,,,,,,|       ",
        "||||,,,,,,,,,,,,|       ",
        "   |,,,,,,,,,,,,|       ",
        "   |,,,,,,,,,,,,|       ",
        "   ||||||,,,,,,,|       ",
        "        |||||||||       "
      ],
      "terrain": {  },
      "furniture": {  },
      "palettes": [ "campus_common" ]
    }
  }
]
