[
  {
    "type": "mapgen",
    "om_terrain": [ [ "campus_lecture_0_0_1" ], [ "campus_lecture_0_1_1" ], [ "campus_lecture_0_2_1" ], [ "campus_lecture_0_3_1" ] ],
    "method": "json",
    "weight": 250,
    "object": {
      "fill_ter": "t_open_air",
      "rows": [
        "                        ",
        "                        ",
        "                        ",
        "                        ",
        "                        ",
        "                        ",
        "                        ",
        "                        ",
        "                        ",
        "                        ",
        "        ||||||||||      ",
        "      |||,,,,,,,,|      ",
        "      |,,,,,,,,,,|      ",
        "      |,,,,,,,,,,|      ",
        "      |,,,,,,,,,,|||||||",
        "      |,,,,,,,,,,,,,,,,,",
        "      |,,,,,,,,,,,,,,,,,",
        "      |,,,,,,,,,,,,,,,,,",
        "    |||,,,,,,,,,,,,,,,,,",
        "    |,,,,,,,,,,,,,,,,,||",
        "    |,,,,,,,,,,,,,,,,,| ",
        "    |,,,,,,,,,,,,,,,,,| ",
        "    |,,,,,,,,,,,,,,,,,| ",
        "    |,,,,,,,,,,,,,,,,,| ",
        "    |,,,,,,,,,,,,,,,,,| ",
        " ||||,,,,,,,,,,,,,,,,,||",
        " |,,,,,,,,,,,,,,,,,,,,,|",
        " |,,,,,,,,,,,,,,,,,,,,,|",
        " |,,,,,,,,,,,,,,,,,,,,,|",
        " |,,,,,,,,,,,,,,,,,,,,,|",
        " |,,,,,,,,,,,,,,,|||||||",
        " |,,,,,,,,,,,,,,,|      ",
        " |,,,,,,,,,,,,,,,|      ",
        " |,,,,,,,,,,,,,,,|      ",
        " |,,,,,,,,,,,,,,,|      ",
        " |,,,,,,,,,,,,,,,|      ",
        " |,,,,,,,,,,,,,,,|||||| ",
        " |,,,,,,,,,,,,,,,,,,,,| ",
        " |,,,,,,,,,,,,,,,,,,,,| ",
        " |,,,,,,,,,,,,,,,,,,,,||",
        " |,,,,,,,,,,,,,,,,,,,,,|",
        " |,,,,,,,,,,,,,,,,,,,,,|",
        " |,,,,,,,,,,,,,,,,,,,,,|",
        " |,,,,,,,,,,,,,,,,,,,,,|",
        " |,,,,,,,,,,,,,,,,,,,,,|",
        " |,,,,,,,,,,,,,,,,,,,,,|",
        " |,,,,,,,,,,,,,,,,,,,,,|",
        " |,,,,,,,,,,,,,,,,,,,,,|",
        " |,,,,,,,,,,,,,,,,,,,,,|",
        " |,,,,,,,,,,,,,,,,,,,,,|",
        " |,,,,,,,,,,,,,,,,,,,,,|",
        " |,,,,,,,,,,,,,,,,,,,,,|",
        " |,,,,,,,,,,,,,,,,,,,,,|",
        " |,,,,,,,,,,,,,,,,,,,,,|",
        " |,,,,,,,,,,,,,,,,,,,,,|",
        " |,,,,,,,,,,,,,,,,,,,,,|",
        " |,,,,,,,,,,,,,,,,,,,,,|",
        " |,,,,,,,,,,,,,,,,,,,,,|",
        " |,,,,,,,,,,,,,,,,,,,,,|",
        " |,,,,,,,,,,,,,,,,,,,,,|",
        " |,,,,,,,,,,,,,,,,,,,,,|",
        " |,,,,,,,,,,,,,,,,,,,,,|",
        " |,,,,,,,,,,,,,,,,,,,,||",
        " |,,,,,,,,,,,,,,,,,,,,| ",
        " |,,,,,,,,,,,,,,,,,,,,| ",
        " |||||,,,,,,,,,,,,,,||| ",
        "     |,,,,,,,,,,,,,,|   ",
        "    ||,,,,,,,,,,,,,,|   ",
        "    |,,,,,,,,,,,,,,,|   ",
        "    |,,,,,,,,,,,,,,,|   ",
        "    |,,,,,,,,,,,,,,,|   ",
        "    |||||||,,,,,,,|||   ",
        "          |,,,,,,,|     ",
        "          |,,,,,,,|     ",
        "          |,,,,,,,|     ",
        "          |,,,,,,,|     ",
        "          |||||||||     ",
        "                        ",
        "                        ",
        "                        ",
        "                        ",
        "                        ",
        "                        ",
        "                        ",
        "                        ",
        "                        ",
        "                        ",
        "                        ",
        "                        ",
        "                        ",
        "                        ",
        "                        ",
        "                        ",
        "                        ",
        "                        ",
        "                        "
      ],
      "terrain": {  },
      "furniture": {  },
      "palettes": [ "campus_common" ]
    }
  }
]
