[
  {
    "type": "mapgen",
    "om_terrain": [ [ "campus_lecture_0_0_0" ], [ "campus_lecture_0_1_0" ], [ "campus_lecture_0_2_0" ], [ "campus_lecture_0_3_0" ] ],
    "method": "json",
    "weight": 250,
    "object": {
      "fill_ter": "t_open_air",
      "rows": [
        "________________________",
        "________________________",
        "________________________",
        "________________________",
        "________________________",
        "________________________",
        "________________________",
        "________________________",
        "________________________",
        "________________________",
        "________||||||||||______",
        "______|||,,,,,,,,|______",
        "______|,,,,,,,,,,|______",
        "______|,,,,,,,,,,|______",
        "______|,,,,,,,,,,|||||||",
        "______|,,,,,,,,,,,,,,,,,",
        "______|,,,,,,,,,,,,,,,,,",
        "______|,,,,,,,,,,,,,,,,,",
        "____|||,,,,,,,,,,,,,,,,,",
        "____|,,,,,,,,,,,,,,,,,||",
        "____|,,,,,,,,,,,,,,,,,|_",
        "____|,,,,,,,,,,,,,,,,,|_",
        "____|,,,,,,,,,,,,,,,,,|_",
        "____|,,,,,,,,,,,,,,,,,|_",
        "____|,,,,,,,,,,,,,,,,,|_",
        "_||||,,,,,,,,,,,,,,,,,||",
        "_|,,,,,,,,,,,,,,,,,,,,,|",
        "_|,,,,,,,,,,,,,,,,,,,,,|",
        "_|,,,,,,,,,,,,,,,,,,,,,|",
        "_|,,,,,,,,,,,,,,,,,,,,,|",
        "_|,,,,,,,,,,,,,,,|||||||",
        "_|,,,,,,,,,,,,,,,|______",
        "_|,,,,,,,,,,,,,,,|______",
        "_|,,,,,,,,,,,,,,,|______",
        "_|,,,,,,,,,,,,,,,|______",
        "_|,,,,,,,,,,,,,,,|______",
        "_|,,,,,,,,,,,,,,,||||||_",
        "_|,,,,,,,,,,,,,,,,,,,,|_",
        "_|,,,,,,,,,,,,,,,,,,,,|_",
        "_|,,,,,,,,,,,,,,,,,,,,||",
        "_|,,,,,,,,,,,,,,,,,,,,,|",
        "_|,,,,,,,,,,,,,,,,,,,,,|",
        "_|,,,,,,,,,,,,,,,,,,,,,|",
        "_|,,,,,,,,,,,,,,,,,,,,,|",
        "_|,,,,,,,,,,,,,,,,,,,,,|",
        "_|,,,,,,,,,,,,,,,,,,,,,|",
        "_|,,,,,,,,,,,,,,,,,,,,,|",
        "_|,,,,,,,,,,,,,,,,,,,,,|",
        "_|,,,,,,,,,,,,,,,,,,,,,|",
        "_|,,,,,,,,,,,,,,,,,,,,,|",
        "_|,,,,,,,,,,,,,,,,,,,,,|",
        "_|,,,,,,,,,,,,,,,,,,,,,|",
        "_|,,,,,,,,,,,,,,,,,,,,,|",
        "_|,,,,,,,,,,,,,,,,,,,,,|",
        "_|,,,,,,,,,,,,,,,,,,,,,|",
        "_|,,,,,,,,,,,,,,,,,,,,,|",
        "_|,,,,,,,,,,,,,,,,,,,,,|",
        "_|,,,,,,,,,,,,,,,,,,,,,|",
        "_|,,,,,,,,,,,,,,,,,,,,,|",
        "_|,,,,,,,,,,,,,,,,,,,,,|",
        "_|,,,,,,,,,,,,,,,,,,,,,|",
        "_|,,,,,,,,,,,,,,,,,,,,,|",
        "_|,,,,,,,,,,,,,,,,,,,,||",
        "_|,,,,,,,,,,,,,,,,,,,,|_",
        "_|,,,,,,,,,,,,,,,,,,,,|_",
        "_|||||,,,,,,,,,,,,,,|||_",
        "_____|,,,,,,,,,,,,,,|___",
        "____||,,,,,,,,,,,,,,|___",
        "____|,,,,,,,,,,,,,,,|___",
        "____|,,,,,,,,,,,,,,,|___",
        "____|,,,,,,,,,,,,,,,|___",
        "____|||||||,,,,,,,|||___",
        "__________|,,,,,,,|_____",
        "__________|,,,,,,,|_____",
        "__________|,,,,,,,|_____",
        "__________|,,,,,,,|_____",
        "__________|||||||||_____",
        "________________________",
        "________________________",
        "________________________",
        "________________________",
        "________________________",
        "________________________",
        "________________________",
        "________________________",
        "________________________",
        "________________________",
        "________________________",
        "bbbbbbb_________________",
        "b'''''b_________________",
        "b'''''b_________________",
        "b'''''b_________________",
        "b'''''bbbbbbbbbbbbb'''''",
        "b'''''''''''''''''''''''",
        "b'''''''''''''''''''''''",
        "b'''''''''''''''''''''''"
      ],
      "terrain": {  },
      "furniture": {  },
      "palettes": [ "campus_common" ]
    }
  }
]
