[
  {
    "type": "mapgen",
    "om_terrain": [ [ "campus_lecture_0_0_3" ], [ "campus_lecture_0_1_3" ], [ "campus_lecture_0_2_3" ], [ "campus_lecture_0_3_3" ] ],
    "method": "json",
    "weight": 250,
    "object": {
      "fill_ter": "t_open_air",
      "rows": [
        "                        ",
        "                        ",
        "                        ",
        "                        ",
        "                        ",
        "                        ",
        "                        ",
        "                        ",
        "                        ",
        "                        ",
        "        RRRRRRRRRR      ",
        "      RRRRRRRRRRRR      ",
        "      RRRRRRRRRRRR      ",
        "      RRRRRRRRRRRR      ",
        "      RRRRRRRRRRRRRRRRR ",
        "      RRRRRRRRRRRRRRRRR ",
        "      RRRRRRRRRRRRRRRRR ",
        "      RRRRRRRRRRRRRRRRR ",
        "    RRRRRRRRRRRRRRRRRRR ",
        "    RRRRRRRRRRRRRRRRRRR ",
        "    RRRRRRRRRRRRRRRRRRR ",
        "    RRRRRRRRRRRRRRRRRRR ",
        "    RRRRRRRRRRRRRRRRRRR ",
        "    RRRRRRRRRRRRRRRRRRR ",
        "    RRRRRRRRRRRRRRRRRRR ",
        " RRRRRRRRRRRRRRRRRRRRRRR",
        " RRRRRRRRRRRRRRRRRRRRRRR",
        " RRRRRRRRRRRRRRRRRRRRRRR",
        " RRRRRRRRRRRRRRRRRRRRRRR",
        " RRRRRRRRRRRRRRRRRRRRRRR",
        " RRRRRRRRRRRRRRRRRRRRRRR",
        " RRRRRRRRRRRRRRRRR      ",
        " RRRRRRRRRRRRRRRRR      ",
        " RRRRRRRRRRRRRRRRR      ",
        " RRRRRRRRRRRRRRRRR      ",
        " RRRRRRRRRRRRRRRRR      ",
        " RRRRRRRRRRRRRRRRRRRRRR ",
        " RRRRRRRRRRRRRRRRRRRRRR ",
        " RRRRRRRRRRRRRRRRRRRRRR ",
        " RRRRRRRRRRRRRRRRRRRRRRR",
        " RRRRRRRRRRRRRRRRRRRRRRR",
        " RRRRRRRRRRRRRRRRRRRRRRR",
        " RRRRRRRRRRRRRRRRRRRRRRR",
        " RRRRRRRRRRRRRRRRRRRRRRR",
        " RRRRRRRRRRRRRRRRRRRRRRR",
        " RRRRRRRRRRRRRRRRRRRRRRR",
        " RRRRRRRRRRRRRRRRRRRRRRR",
        " RRRRRRRRRRRRRRRRRRRRRRR",
        " RRRRRRRRRRRRRRRRRRRRRRR",
        " RRRRRRRRRRRRRRRRRRRRRRR",
        " RRRRRRRRRRRRRRRRRRRRRRR",
        " RRRRRRRRRRRRRRRRRRRRRRR",
        " RRRRRRRRRRRRRRRRRRRRRRR",
        " RRRRRRRRRRRRRRRRRRRRRRR",
        " RRRRRRRRRRRRRRRRRRRRRRR",
        " RRRRRRRRRRRRRRRRRRRRRRR",
        " RRRRRRRRRRRRRRRRRRRRRRR",
        " RRRRRRRRRRRRRRRRRRRRRRR",
        " RRRRRRRRRRRRRRRRRRRRRRR",
        " RRRRRRRRRRRRRRRRRRRRRRR",
        " RRRRRRRRRRRRRRRRRRRRRRR",
        " RRRRRRRRRRRRRRRRRRRRRRR",
        " RRRRRRRRRRRRRRRRRRRRRRR",
        " RRRRRRRRRRRRRRRRRRRRRR ",
        " RRRRRRRRRRRRRRRRRRRRRR ",
        " RRRRRRRRRRRRRRRRRRRRRR ",
        "     RRRRRRRRRRRRRRRR   ",
        "    RRRRRRRRRRRRRRRRR   ",
        "    RRRRRRRRRRRRRRRRR   ",
        "    RRRRRRRRRRRRRRRRR   ",
        "    RRRRRRRRRRRRRRRRR   ",
        "    RRRRRRRRRRRRRRRRR   ",
        "          RRRRRRRRR     ",
        "          RRRRRRRRR     ",
        "          RRRRRRRRR     ",
        "          RRRRRRRRR     ",
        "          RRRRRRRRR     ",
        "                        ",
        "                        ",
        "                        ",
        "                        ",
        "                        ",
        "                        ",
        "                        ",
        "                        ",
        "                        ",
        "                        ",
        "                        ",
        "                        ",
        "                        ",
        "                        ",
        "                        ",
        "                        ",
        "                        ",
        "                        ",
        "                        "
      ],
      "terrain": {  },
      "furniture": {  },
      "palettes": [ "campus_common" ]
    }
  }
]
