[
  {
    "type": "mapgen",
    "method": "json",
    "om_terrain": [ [ "campus_media_0_0_2", "campus_media_1_0_2" ], [ "campus_media_0_1_2", "campus_media_1_1_2" ] ],
    "weight": 250,
    "object": {
      "fill_ter": "t_open_air",
      "rows": [
        "                                                ",
        "                                                ",
        "                                                ",
        "                                                ",
        "                                                ",
        "                                                ",
        "                                                ",
        "                                                ",
        "RRRRRRRR  RRRRRRR  RRRRRRR  RRRRRRR  RRRRRRR    ",
        "RRRRRRRRRRRRRRRRRRRRRRRRRRRRRRRRRRRRRRRRRRRR    ",
        "||||||||||||||||||||||||||||||||||||||||||||RR  ",
        ",,,,,,,,,,,,,,,,,,,,,,,,,,,,,,,,,,,,,,,,,,,|RR  ",
        ",,,,,,,,,,,,,,,,,,,,,,,,,,,,,,,,,,,,,,,,,,,|||||",
        ",,,,,,,,,,,,,,,,,,,,,,,,,,,,,,,,,,,,,,,,,,,,,,,|",
        ",,,,,,,,,,,,,,,,,,,,,,,,,,,,,,,,,,,,,,,,,,,,,,||",
        ",,,,,,,,,,,,,,,,,,,,,,,,,,,,,,,,,,,,,,,,,,,,,,| ",
        ",,,,,,,,,,,,,,,,,,,,,,,,,,,,,,,,,,,,,,,,,,,,,,| ",
        ",,,,,,,,,,,,,,,,,,,,,,,,,,,,,,,,,,,,,,,,,,,,,,| ",
        ",,,,,,,,,,,,,,,,,,,,,,,,,,,,,,,,,,,,,,,,,,,|||| ",
        ",,,,,,,,,,,,,,,,,,,,,,,,,,,,,,,,,,,,,,,,,,,|RR  ",
        ",,,,,,,,,,,,,,,,,,,,,,,,,,,,||||||||||||||||RR  ",
        ",,,,,,,,,,,,,,,,,,,,,,,,,,,,|RRRRRRRRRRRRRRR    ",
        ",,,,,,,,,,,,,,,,,,,,,,,,,,,,|RRRRRR  RRRRRRR    ",
        "||||||,,,,,,,,,,,,,,,,,,,,,,|                   ",
        "     |,,,,,,,,,,,,,,,,,,,,,,|                   ",
        "  RRR||||||||||||||||||||||||                   ",
        "  RRRRRRRRRRRRRRRRRRRRRRRRRR                    ",
        "  RRRRR||||||||||||||||RRRRR                    ",
        "  RRRRR|,,,,,,,,,,,,,,|RRRRR                    ",
        "  RRRRR|,,,,,,,,,,,,,,|RRRRR                    ",
        "  RRRRR|,,,,,,,,,,,,,,|RRRRR                    ",
        "  RRRRR|,,,,,,,,,,,,,,|RRRRR                    ",
        "  RRRRR|,,,,,,,,,,,,,,|RRRRR                    ",
        "  RRRRR|,,,,,,,,,,,,,,|RRRRR                    ",
        "  RRRRR|,,,,,,,,,,,,,,|RRRRR                    ",
        "  RRRRR|,,,,,,,,,,,,,,|RRRRR                    ",
        "  RRR|||,,,,,,,,,,,,,,|||RRR                    ",
        "  RRR|,,,,,,,,,,,,,,,,,,|RRR                    ",
        "  RRR|,,,,,,,,,,,,,,,,,,|RRR                    ",
        "  RRR|,,,,,,,,,,,,,,,,,,|RRR                    ",
        "  RRR|,,,,,,,,,,,,,,,,,,|RRR                    ",
        "  RRR||||||||||||||||||||RRR                    ",
        "  RRRRRRRRRRRRRRRRRRRRRRRRRR                    ",
        "  RRRRRRRRRRRRRRRRRRRRRRRRRR                    ",
        "                                                ",
        "                                                ",
        "                                                ",
        "                                                ",
        "                                                "
      ],
      "terrain": {  },
      "furniture": {  },
      "palettes": [ "campus_common" ]
    }
  }
]
