[
  {
    "type": "mapgen",
    "method": "json",
    "om_terrain": [ [ "campus_media_0_0_3", "campus_media_1_0_3" ], [ "campus_media_0_1_3", "campus_media_1_1_3" ] ],
    "weight": 250,
    "object": {
      "fill_ter": "t_open_air",
      "rows": [
        "                                                ",
        "                                                ",
        "                                                ",
        "                                                ",
        "                                                ",
        "                                                ",
        "                                                ",
        "                                                ",
        "                                                ",
        "                                                ",
        "RRRRRRRRRRRRRRRRRRRRRRRRRRRRRRRRRRRRRRRRRRRR    ",
        "RRRRRRRRRRRRRRRRRRRRRRRRRRRRRRRRRRRRRRRRRRRR    ",
        "RRRRRRRRRRRRRRRRRRRRRRRRRRRRRRRRRRRRRRRRRRRRRRRR",
        "RRRRRRRRRRRRRRRRRRRRRRRRRRRRRRRRRRRRRRRRRRRRRRRR",
        "RRRRR||||||||||||||||||||||||RRRRRRRRRRRRRRRRRRR",
        "RRRRR|,,,,,,,,,,,,,,,,,,,,,,|RRRRRRRRRRRRRRRRRR ",
        "RRRRR|,,,,,,,,,,,,,,,,,,,,,,|RRRRRRRRRRRRRRRRRR ",
        "RRRRR|,,,,,,,,,,,,,,,,,,,,,,|RRRRRRRRRRRRRRRRRR ",
        "RRRRR|,,,,,,,,,,,,,,,,,,,,,,|RRRRRRRRRRRRRRRRRR ",
        "RRRRR|,,,,,,,,,,,,,,,,,,,,,,|RRRRRRRRRRRRRRR    ",
        "RRRRR|,,,,,,,,,,,,,,,,,,,,,,|RRRRRRRRRRRRRRR    ",
        "RRRRR|,,,,,,,,,,,,,,,,,,,,,,|                   ",
        "RRRRR|,,,,,,,,,,,,,,,,,,,,,,|                   ",
        "RRRRR|,,,,,,,,,,,,,,,,,,,,,,|                   ",
        "     |,,,,,,,,,,,,,,,,,,,,,,|                   ",
        "     ||||||||||||||||||||||||                   ",
        "                                                ",
        "       RRRRRRRRRRRRRRRR                         ",
        "       RRRRRRRRRRRRRRRR                         ",
        "       RRRRRRRRRRRRRRRR                         ",
        "       RRRRRRRRRRRRRRRR                         ",
        "       RRRRRRRRRRRRRRRR                         ",
        "       RRRRRRRRRRRRRRRR                         ",
        "       RRRRRRRRRRRRRRRR                         ",
        "       RRRRRRRRRRRRRRRR                         ",
        "       RRRRRRRRRRRRRRRR                         ",
        "     ||||||||||||||||||||                       ",
        "     |,,,,,,,,,,,,,,,,,,|                       ",
        "     |,,,,,,,,,,,,,,,,,,|                       ",
        "     |,,,,,,,,,,,,,,,,,,|                       ",
        "     |,,,,,,,,,,,,,,,,,,|                       ",
        "     ||||||||||||||||||||                       ",
        "                                                ",
        "                                                ",
        "                                                ",
        "                                                ",
        "                                                ",
        "                                                ",
        "                                                "
      ],
      "terrain": {  },
      "furniture": {  },
      "palettes": [ "campus_common" ]
    }
  }
]
