[
  {
    "type": "mapgen",
    "method": "json",
    "om_terrain": [ [ "campus_media_0_0_1", "campus_media_1_0_1" ], [ "campus_media_0_1_1", "campus_media_1_1_1" ] ],
    "weight": 250,
    "object": {
      "fill_ter": "t_open_air",
      "rows": [
        "                                                ",
        "                                                ",
        "                                                ",
        "    RRRRRRRRRRRRRRRRRRRRRRR                     ",
        "    RRRRRRRRRRRRRRRRRRRRRRR                     ",
        "    RRRRRRRRRRRRRRRRRRRRRRR                     ",
        "    RRRRRRRRRRRRRRRRRRRRRRR                     ",
        "    RRRRRRRRRRRRRRRRRRRRRRR                     ",
        "||||||||RR|||||||RR|||||||R |||||||  |||||||    ",
        ",,,,,,,||||,,,,,||||,,,,,||||,,,,,||||,,,,,|    ",
        ",,,,,,,,,,,,,,,,,,,,,,,,,,,,,,,,,,,,,,,,,,,|||  ",
        ",,,,,,,,,,,,,,,,,,,,,,,,,,,,,,,,,,,,,,,,,,,,,|  ",
        ",,,,,,,,,,,,,,,,,,,,,,,,,,,,,,,,,,,,,,,,,,,,,|||",
        ",,,,,,,,,,,,,,,,,,,,,,,,,,,,,,,,,,,,,,,,,,,,,,,|",
        ",,,,,,,,,,,,,,,,,,,,,,,,,,,,,,,,,,,,,,,,,,,,,,||",
        ",,,,,,,,,,,,,,,,,,,,,,,,,,,,,,,,,,,,,,,,,,,,,,| ",
        ",,,,,,,,,,,,,,,,,,,,,,,,,,,,,,,,,,,,,,,,,,,,,,| ",
        ",,,,,,,,,,,,,,,,,,,,,,,,,,,,,,,,,,,,,,,,,,,,,,| ",
        ",,,,,,,,,,,,,,,,,,,,,,,,,,,,,,,,,,,,,,,,,,,,,|| ",
        ",,,,,,,,,,,,,,,,,,,,,,,,,,,,,,,,,,,,,,,,,,,,,|  ",
        ",,,,,,,,,,,,,,,,,,,,,,,,,,,,,,,,,,,,,,,,,,,|||  ",
        ",,,,,,,,,,,,,,,,,,,,,,,,,,,,,,,,,,||||,,,,,|    ",
        ",,,,,,,,,,,,,,,,,,,,,,,,,,,,|||||||  |||||||    ",
        "||||||,,,,,,,,,,,,,,,,,,,,,,|                   ",
        "     |,,,,,,,,,,,,,,,,,,,,,,|                   ",
        "  ||||,,,,,,,,,,,,,,,,,,,,,||                   ",
        "  |,,,,,,,,,,,,,,,,,,,,,,,,|                    ",
        "  |,,,,,,,,,,,,,,,,,,,,,,,,|                    ",
        "  |,,,,,,,,,,,,,,,,,,,,,,,,|                    ",
        "  |,,,,,,,,,,,,,,,,,,,,,,,,|                    ",
        "  |,,,,,,,,,,,,,,,,,,,,,,,,|                    ",
        "  |,,,,,,,,,,,,,,,,,,,,,,,,|                    ",
        "  |,,,,,,,,,,,,,,,,,,,,,,,,|                    ",
        "  |,,,,,,,,,,,,,,,,,,,,,,,,|                    ",
        "  |,,,,,,,,,,,,,,,,,,,,,,,,|                    ",
        "  |,,,,,,,,,,,,,,,,,,,,,,,,|                    ",
        "  |,,,,,,,,,,,,,,,,,,,,,,,,|                    ",
        "  |,,,,,,,,,,,,,,,,,,,,,,,,|                    ",
        "  |,,,,,,,,,,,,,,,,,,,,,,,,|                    ",
        "  |,,,,,,,,,,,,,,,,,,,,,,,,|                    ",
        "  |,,,,,,,,,,,,,,,,,,,,,,,,|                    ",
        "  |,,,,,,,,,,,,,,,,,,,,,,,,|                    ",
        "  |,,,,,,,,,,,,,,,,,,,,,,,,|                    ",
        "  ||||||||||||||||||||||||||                    ",
        "                                                ",
        "                                                ",
        "                                                ",
        "                                                ",
        "                                                "
      ],
      "terrain": {  },
      "furniture": {  },
      "palettes": [ "campus_common" ]
    }
  }
]
