[
  {
    "type": "mapgen",
    "method": "json",
    "nested_mapgen_id": "chef_s_restaurant",
    "object": {
      "mapgensize": [ 13, 13 ],
      "rows": [
        "mt_________#t",
        "____________r",
        "__________ffr",
        "___________W_",
        "_____________",
        "_____________",
        "_____________",
        "_____________",
        "_____________",
        "_____________",
        "_____________",
        "_____________",
        "_____________"
      ],
      "terrain": { "_": "t_null", "-": "t_wall", "W": "t_window_boarded" },
      "furniture": { "r": "f_rack", "f": "f_fridge", "t": "f_table", "#": "f_counter", "m": "f_makeshift_bed" },
      "place_npcs": [ { "class": "survivor_chef", "x": 5, "y": 1 } ],
      "place_loot": [
        { "group": "produce", "x": [ 10, 11 ], "y": 2, "chance": 70, "repeat": [ 2, 3 ] },
        { "group": "groce_meat", "x": [ 10, 11 ], "y": 2, "chance": 70, "repeat": [ 2, 3 ] },
        { "group": "groce_dairyegg", "x": [ 10, 11 ], "y": 2, "chance": 70, "repeat": [ 2, 3 ] },
        { "group": "bar_food", "x": [ 10, 11 ], "y": 2, "chance": 70, "repeat": [ 2, 3 ] },
        { "group": "bar_fridge", "x": [ 10, 11 ], "y": 2, "chance": 70, "repeat": [ 2, 3 ] },
        { "group": "jackets", "x": 0, "y": 0, "chance": 70, "repeat": [ 2, 3 ] },
        { "group": "alcohol_bottled_canned", "x": 1, "y": 0, "chance": 80 },
        { "group": "baked_goods", "x": [ 2, 4 ], "y": 2, "chance": 50, "repeat": [ 2, 3 ] },
        { "group": "groce_bread", "x": [ 2, 4 ], "y": 2, "chance": 50, "repeat": [ 2, 3 ] },
        { "group": "cannedfood", "x": [ 5, 6 ], "y": 0, "chance": 50, "repeat": [ 2, 3 ] },
        { "group": "cannedfood", "x": [ 9, 11 ], "y": 0, "chance": 50, "repeat": [ 2, 3 ] }
      ]
    }
  },
  {
    "type": "mapgen",
    "method": "json",
    "nested_mapgen_id": "city_cop_police_station",
    "object": {
      "mapgensize": [ 10, 10 ],
      "rows": [
        "__._____________________",
        "_L.7____________________",
        "_L.7____________________",
        "_L.7____________________",
        "_L.7____________________",
        "_L.7____________________",
        "_L.7____________________",
        "_L.2mtb.________________",
        "_L....._________________",
        "_LLLLLL.________________"
      ],
      "terrain": { "_": "t_null", "-": "t_wall", ".": "t_floor" },
      "furniture": { "t": "f_table", "b": "f_brazier", "m": "f_makeshift_bed", "7": "f_safe_o", "L": "f_locker" },
      "place_npcs": [ { "class": "survivor_cop", "x": 5, "y": 8 } ],
      "items": {
        "L": [ { "item": "cannedfood", "chance": 50, "repeat": [ 1, 2 ] }, { "item": "alcohol", "chance": 50, "repeat": [ 1, 2 ] } ],
        "7": [
          { "item": "jewelry_front", "chance": 50, "repeat": [ 1, 2 ] },
          { "item": "harddrugs", "chance": 20, "repeat": [ 1, 2 ] },
          { "item": "stash_drugs", "chance": 50, "repeat": [ 2, 3 ] }
        ],
        "m": { "item": "bed", "chance": 50, "repeat": [ 1, 2 ] },
        "b": { "item": "stash_wood", "chance": 100, "repeat": [ 2, 3 ] },
        "t": { "item": "cannedfood", "chance": 100, "repeat": [ 2, 3 ] }
      }
    }
  },
  {
    "type": "mapgen",
    "method": "json",
    "nested_mapgen_id": "foodperson_break_room",
    "object": {
      "mapgensize": [ 9, 9 ],
      "rows": [
        "WWWWWWWWW",
        ",,sWh,,sW",
        ",,,WT,,,W",
        "WDWWWWDWW",
        ",,bWl,,bW",
        ",,bWl,,bW",
        "WDWWWWDWW",
        ",,,M@,,,W",
        ",,,,,,,aW"
      ],
      "terrain": { "W": "t_wall_p", "D": "t_door_c", ",": "t_floor" },
      "toilets": { "T": {  } },
      "furniture": {
        "l": "f_locker",
        "b": "f_bench",
        "h": "f_shower",
        "s": "f_sink",
        "M": "f_bigmirror",
        "@": "f_mannequin",
        "a": "f_armchair"
      },
      "place_nested": [ { "chunks": [ [ "foodperson_barred_bathroom", 20 ], [ "null", 80 ] ], "x": 3, "y": 1 } ],
      "place_npcs": [ { "class": "true_foodperson", "x": 4, "y": 8 } ]
    }
  },
  {
    "type": "mapgen",
    "method": "json",
    "nested_mapgen_id": "foodperson_barred_bathroom",
    "object": {
      "mapgensize": [ 6, 6 ],
      "rows": [
        "Wh,,sW",
        "WT,,,W",
        "WWWDWW",
        "Wl,,bW",
        "Wl,,bW",
        "WWWXWW"
      ],
      "terrain": { "W": "t_wall_p", "D": "t_door_c", "X": "t_rdoor_boarded", ",": "t_floor" },
      "toilets": { "T": {  } },
      "furniture": { "l": "f_locker", "b": "f_bench", "h": "f_shower", "s": "f_sink" },
      "place_loot": [
        { "item": "corpse", "x": 0, "y": [ 0, 1 ], "repeat": 3, "chance": 100 },
        { "item": "foodperson_mask", "x": 0, "y": [ 0, 1 ], "repeat": 3, "chance": 100 },
        { "item": "cape_fp", "x": 0, "y": [ 0, 1 ], "repeat": 3, "chance": 100 },
        { "item": "chestguard_hard", "x": 0, "y": [ 0, 1 ], "repeat": 3, "chance": 100 },
        { "item": "legguard_hard", "x": 0, "y": [ 0, 1 ], "repeat": 3, "chance": 100 },
        { "item": "armguard_hard", "x": 0, "y": [ 0, 1 ], "repeat": 3, "chance": 100 },
        { "item": "gloves_rubber", "x": 0, "y": [ 0, 1 ], "repeat": 3, "chance": 100 },
        { "item": "boots_rubber", "x": 0, "y": [ 0, 1 ], "repeat": 3, "chance": 100 }
      ]
    }
  }
]
