[
  {
    "type": "mapgen",
    "method": "json",
    "nested_mapgen_id": "2x2_haybale",
    "object": {
      "mapgensize": [ 2, 2 ],
      "rotation": [ 0, 3 ],
      "rows": [
        "@@",
        "@@"
      ],
      "palettes": [ "farm_lots" ]
    }
  },
  {
    "type": "mapgen",
    "method": "json",
    "nested_mapgen_id": "24x24_fence1",
    "object": {
      "mapgensize": [ 24, 24 ],
      "rotation": [ 3, 3 ],
      "rows": [
        "%%%%%%%%%%%%%%%%////////",
        "%///////////////////////",
        "%///////////////////////",
        "%///////////////////////",
        "%///////////////////////",
        "%///////////////////////",
        "%///////////////////////",
        "%///////////////////////",
        "%///////////////////////",
        "%///////////////////////",
        "%///////////////////////",
        "%///////////////////////",
        "%///////////////////////",
        "%///////////////////////",
        "%///////////////////////",
        "%///////////////////////",
        "%///////////////////////",
        "%///////////////////////",
        "%///////////////////////",
        "%///////////////////////",
        "%///////////////////////",
        "%///////////////////////",
        "%%%%%%%%%%%%%%%%////////",
        "////////////////////////"
      ],
      "palettes": [ "farm_house" ]
    }
  },
  {
    "type": "mapgen",
    "method": "json",
    "nested_mapgen_id": "24x24_fence2",
    "object": {
      "mapgensize": [ 24, 24 ],
      "rotation": [ 3, 3 ],
      "rows": [
        "%%%%%%%%%%%%%%%%%%%%%%//",
        "%////////////////////%//",
        "%////////////////////H//",
        "%///////////////////////",
        "%///////////////////////",
        "%///////////////////////",
        "%///////////////////////",
        "%///////////////////////",
        "%///////////////////////",
        "%///////////////////////",
        "%///////////////////////",
        "%///////////////////////",
        "%///////////////////////",
        "%///////////////////////",
        "%///////////////////////",
        "%///////////////////////",
        "%///////////////////////",
        "%///////////////////////",
        "%///////////////////////",
        "%///////////////////////",
        "%////////////////////%//",
        "%////////////////////%//",
        "%%%%%%%%%%%%%%%%%%%%%%//",
        "////////////////////////"
      ],
      "palettes": [ "farm_house" ]
    }
  },
  {
    "type": "mapgen",
    "method": "json",
    "nested_mapgen_id": "24x24_fence3",
    "object": {
      "mapgensize": [ 24, 24 ],
      "rotation": [ 3, 3 ],
      "rows": [
        "PPPPPP%%%%%%%%%%%%%%%%%%",
        "P//////////////////////%",
        "P//////////////////////%",
        "P//////////////////////%",
        "P//////////////////////%",
        "P///////////////////////",
        "P///////////////////////",
        "P///////////////////////",
        "P///////////////////////",
        "P///////////////////////",
        "P///////////////////////",
        "P///////////////////////",
        "P///////////////////////",
        "P///////////////////////",
        "P///////////////////////",
        "P///////////////////////",
        "P///////////////////////",
        "P///////////////////////",
        "P///////////////////////",
        "P//////////////////////%",
        "P//////////////////////%",
        "P//////////////////////%",
        "P//////////////////////%",
        "PPPPP%%%%%%%%%%%%%%%%%%%"
      ],
      "palettes": [ "farm_house" ]
    }
  },
  {
    "type": "mapgen",
    "method": "json",
    "nested_mapgen_id": "24x24_fence4",
    "object": {
      "mapgensize": [ 24, 24 ],
      "rotation": [ 3, 3 ],
      "rows": [
        "PPPPPPP/////////////////",
        "P///////////////////////",
        "P///////////////////////",
        "P///////////////////////",
        "%///////////////////////",
        "%///////////////////////",
        "%///////////////////////",
        "%///////////////////////",
        "P///////////////////////",
        "P///////////////////////",
        "P///////////////////////",
        "P///////////////////////",
        "P///////////////////////",
        "P///////////////////////",
        "P///////////////////////",
        "P///////////////////////",
        "%///////////////////////",
        "%///////////////////////",
        "%///////////////////////",
        "%///////////////////////",
        "P///////////////////////",
        "P///////////////////////",
        "P///////////////////////",
        "PPPPPPP/////////////////"
      ],
      "palettes": [ "farm_house" ]
    }
  },
  {
    "type": "mapgen",
    "method": "json",
    "nested_mapgen_id": "24x24_fence5",
    "object": {
      "mapgensize": [ 24, 24 ],
      "rotation": [ 3, 3 ],
      "rows": [
        "PPPPPPPPPPPPPPPPPPPPPPPP",
        "P//////////////////////P",
        "P//////////////////////P",
        "P//////////////////////P",
        "P//////////////////////P",
        "P//////////////////////P",
        "P//////////////////////%",
        "P//////////////////////%",
        "P//////////////////////%",
        "P///////////////////////",
        "P///////////////////////",
        "P///////////////////////",
        "P///////////////////////",
        "P///////////////////////",
        "P///////////////////////",
        "P//////////////////////%",
        "P//////////////////////%",
        "P//////////////////////%",
        "P//////////////////////P",
        "P//////////////////////P",
        "P//////////////////////P",
        "P//////////////////////P",
        "P//////////////////////P",
        "PPPPPPPPPPPPPPPPPPPPPPPP"
      ],
      "palettes": [ "farm_house" ]
    }
  },
  {
    "type": "mapgen",
    "method": "json",
    "nested_mapgen_id": "24x24_fence6",
    "object": {
      "mapgensize": [ 24, 24 ],
      "rotation": [ 3, 3 ],
      "rows": [
        "%%%%%%%%////////////////",
        "%///////////////////////",
        "%///////////////////////",
        "%///////////////////////",
        "%///////////////////////",
        "%///////////////////////",
        "%///////////////////////",
        "%///////////////////////",
        "%///////////////////////",
        "%///////////////////////",
        "%///////////////////////",
        "////////////////////////",
        "////////////////////////",
        "%///////////////////////",
        "%///////////////////////",
        "%///////////////////////",
        "%///////////////////////",
        "%///////////////////////",
        "%///////////////////////",
        "%///////////////////////",
        "%///////////////////////",
        "%///////////////////////",
        "%///////////////////////",
        "%%%%%%%%////////////////"
      ],
      "palettes": [ "farm_house" ]
    }
  }
]
