[
  {
    "type": "mapgen",
    "method": "json",
    "om_terrain": [ "s_hunting" ],
    "weight": 300,
    "object": {
      "fill_ter": "t_floor",
      "rows": [
        ".`''''`''''`''''`''''`..",
        ".`''''`''''`''''`''''`..",
        ".`''''`''''`''''`''''`..",
        ".`''''`''''`''''`''''`..",
        ".`''''`''''`''''`''''`..",
        ".----------**-~~~~~~~--.",
        ".| RRRRRRR^  ^RRRRRRR |.",
        ".|                    |.",
        ".| RRRRRRR    RRRRRRR |.",
        ".| RRRRRRR    RRRRRRR |.",
        ".|                    |.",
        ".|^     mm    RRRRRRR |.",
        ".|####        RRRRRRR |.",
        ".|R  #    ^           |.",
        ".|R cC   B|-----------|.",
        ".|R  #   B|FFFF  LYIII|.",
        ".|R       +         c |.",
        ".|RxX#^  Y|f###Y  ^FFF|.",
        ".|-----+--------------|.",
        ".|&,,|,,,,,,,,,|OOOOOO|.",
        ".|,,,+,,,,,,,,,+,,,,,,|.",
        ".|%y,|rrrrrr,,,|oooooo|.",
        ".------------*---------.",
        "........4..............."
      ],
      "terrain": {
        ".": [ "t_grass", "t_grass", "t_grass", "t_grass", "t_dirt" ],
        " ": "t_floor",
        ",": "t_thconc_floor",
        "y": "t_thconc_floor",
        "&": "t_thconc_floor",
        "%": "t_thconc_floor",
        "O": "t_thconc_floor",
        "o": "t_thconc_floor",
        "'": "t_pavement",
        "`": "t_pavement_y",
        "+": "t_door_c",
        "*": "t_door_metal_pickable",
        "|": "t_wall_w",
        "-": "t_wall_w",
        "~": "t_window_bars_alarm",
        "C": "t_console_broken",
        "4": "t_gutter_downspout"
      },
      "furniture": {
        "#": "f_counter",
        "%": "f_sink",
        "R": "f_rack",
        "r": "f_rack",
        "O": [ "f_crate_c", "f_crate_c", "f_crate_c", "f_crate_o" ],
        "o": [ "f_crate_c", "f_crate_c", "f_crate_c", "f_crate_o" ],
        "X": "f_safe_l",
        "x": "f_safe_l",
        "B": "f_bulletin",
        "^": "f_indoor_plant",
        "F": "f_filing_cabinet",
        "c": "f_chair",
        "f": "f_fridge",
        "I": "f_desk",
        "Y": "f_trashcan",
        "L": "f_locker",
        "m": "f_mannequin"
      },
      "toilets": { "&": {  } },
      "items": {
        "O": { "item": "clothing_hunting", "chance": 50 },
        "o": { "item": "tools_hunting", "chance": 50 },
        "r": { "item": "clothing_hunting", "chance": 50 },
        "f": { "item": "fridgesnacks", "chance": 80, "repeat": [ 2, 3 ] },
        "L": { "item": "jackets", "chance": 50 },
        "F": { "item": "office_supplies", "chance": 80, "repeat": [ 2, 4 ] },
        "X": { "item": "ammo_rifle_common", "chance": 80, "repeat": [ 4, 6 ] },
        "x": { "item": "ammo_shotgun_common", "chance": 80, "repeat": [ 4, 6 ] },
        "Y": { "item": "trash_cart", "chance": 70, "repeat": [ 1, 2 ] },
        "I": { "item": "office_supplies", "chance": 50 },
        "m": { "item": "clothing_hunting", "chance": 80, "repeat": [ 2, 3 ] }
      },
      "place_loot": [
        { "group": "guns_rifle_common", "x": 2, "y": 13, "chance": 70, "repeat": [ 4, 5 ] },
        { "group": "guns_shotgun_common", "x": 2, "y": 14, "chance": 70, "repeat": [ 4, 5 ] },
        { "group": "archery", "x": 2, "y": 15, "chance": 80, "repeat": [ 4, 5 ] },
        { "group": "archery_ammo", "x": 2, "y": 16, "chance": 80, "repeat": [ 4, 6 ] },
        { "group": "archery_mods", "x": 2, "y": 17, "chance": 70, "repeat": [ 3, 4 ] },
        { "group": "clothing_hunting", "x": [ 3, 9 ], "y": 6, "chance": 80, "repeat": [ 6, 7 ] },
        { "group": "clothing_hunting", "x": [ 3, 9 ], "y": [ 8, 9 ], "chance": 80, "repeat": [ 12, 14 ] },
        { "group": "tools_hunting", "x": [ 14, 20 ], "y": 6, "chance": 70, "repeat": [ 6, 7 ] },
        { "group": "tools_hunting", "x": [ 14, 20 ], "y": [ 8, 9 ], "chance": 70, "repeat": [ 12, 14 ] },
        { "group": "tools_hunting", "x": [ 14, 20 ], "y": [ 11, 12 ], "chance": 70, "repeat": [ 12, 14 ] }
      ],
      "place_monsters": [ { "monster": "GROUP_ZOMBIE", "x": [ 2, 21 ], "y": 2, "chance": 2, "repeat": [ 2, 3 ] } ]
    }
  },
  {
    "type": "mapgen",
    "method": "json",
    "om_terrain": "s_hunting_roof",
    "object": {
      "fill_ter": "t_flat_roof",
      "rows": [
        "                        ",
        "                        ",
        "                        ",
        "                        ",
        "                        ",
        " |222222222222222222223 ",
        " |....................3 ",
        " |....................3 ",
        " |....................3 ",
        " |....................3 ",
        " |....................3 ",
        " |....................3 ",
        " |....................3 ",
        " |....................3 ",
        " |....................3 ",
        " |....................3 ",
        " |....................3 ",
        " |....................3 ",
        " |....................3 ",
        " |....................3 ",
        " |...&.........=......3 ",
        " |....................3 ",
        " |------5-------------3 ",
        "                        "
      ],
      "palettes": [ "roof_palette" ],
      "place_nested": [
        {
          "chunks": [
            [ "null", 20 ],
            [ "roof_2x2_utilities_b", 15 ],
            [ "roof_2x2_utilities_c", 5 ],
            [ "roof_2x2_utilities_d", 40 ],
            [ "roof_2x2_utilities", 50 ]
          ],
          "x": [ 4, 17 ],
          "y": [ 15, 16 ]
        }
      ]
    }
  }
]
