[
  {
    "type": "mapgen",
    "method": "json",
    "om_terrain": [
      [
        "lab_surface_brick_basementA0",
        "lab_surface_brick_basementB0",
        "lab_surface_brick_basementC0",
        "lab_surface_brick_basementD0",
        "lab_surface_brick_basementE0"
      ],
      [
        "lab_surface_brick_basementA1",
        "lab_surface_brick_basementB1",
        "lab_surface_brick_basementC1",
        "lab_surface_brick_basementD1_hidden_lab_stairs",
        "lab_surface_brick_basementE1"
      ],
      [
        "lab_surface_brick_basementA2",
        "lab_surface_brick_basementB2",
        "lab_surface_brick_basementC2",
        "lab_surface_brick_basementD2",
        "lab_surface_brick_basementE2"
      ],
      [
        "lab_surface_brick_basementA3",
        "lab_surface_brick_basementB3",
        "lab_surface_brick_basementC3",
        "lab_surface_brick_basementD3",
        "lab_surface_brick_basementE3"
      ],
      [
        "lab_surface_brick_basementA4",
        "lab_surface_brick_basementB4",
        "lab_surface_brick_basementC4",
        "lab_surface_brick_basementD4",
        "lab_surface_brick_basementE4"
      ]
    ],
    "object": {
      "fill_ter": "t_strconc_floor",
      "rows": [
        "########################################################################################################################",
        "########################################################################################################################",
        "########################################################################################################################",
        "########################################################################################################################",
        "########################################################################################################################",
        "########################################################################################################################",
        "########################################################################################################################",
        "########################################################################################################################",
        "########################################################################################################################",
        "########################################################################################################################",
        "########################################################################################################################",
        "########################################################################################################################",
        "########################################################################################################################",
        "########################################################################################################################",
        "########################################################################################################################",
        "########################################################################################################################",
        "########################################################################################################################",
        "########################################################################################################################",
        "########################################################################################################################",
        "########################################################################################################################",
        "########################################################################################################################",
        "########################################################################################################################",
        "########################################################################################################################",
        "########################################################################################################################",
        "########################################################################################################################",
        "########################################################################################################################",
        "########################################################################################################################",
        "########################################################################################################################",
        "########################################################################################################################",
        "########################################################################################################################",
        "########################################################################################################################",
        "#################################################################################||||||||||||||||||#####################",
        "#################################################################################|eeee|b  <||>   *|#####################",
        "#################################################################################|eeee|b  <||>    |#####################",
        "#################################################################################|eeee@b*  |||||mm||||||||||############",
        "#################################################################################|eeeem    |bbb|  m........|############",
        "#################################################################################||||||||mm|...|mm|||m||||.|############",
        "#################################################################################|f..d.w|  1...1  |wd.*.f|.|############",
        "#################################################################################|l....s}   ...   }s....l|.|############",
        "#################################################################################|l....s} *1bbb1* }s....l|.|############",
        "#################################################################################|l.*.dx|   ...   |xd...l|.|############",
        "#################################################################################||m|||||:::::::::||||||||.|############",
        "#################################################################################|l........................|############",
        "#################################################################################|||||||||||||||||||||||||||############",
        "########################################################################################################################",
        "########################################################################################################################",
        "########################################################################################################################",
        "########################################################################################################################",
        "########################################################################################################################",
        "########################################################################################################################",
        "########################################################################################################################",
        "########################################################################################################################",
        "########################################################################################################################",
        "########################################################################################################################",
        "########################################################################################################################",
        "########################################################################################################################",
        "########################################################################################################################",
        "########################################################################################################################",
        "########################################################################################################################",
        "########################################################################################################################",
        "########################################################################################################################",
        "########################################################################################################################",
        "########################################################################################################################",
        "########################################################################################################################",
        "########################################################################################################################",
        "########################################################################################################################",
        "########################################################################################################################",
        "########################################################################################################################",
        "########################################################################################################################",
        "########################################################################################################################",
        "########################################################################################################################",
        "########################################################################################################################",
        "########################################################################################################################",
        "########################################################################################################################",
        "########################################################################################################################",
        "########################################################################################################################",
        "########################################################################################################################",
        "########################################################################################################################",
        "########################################################################################################################",
        "########################################################################################################################",
        "########################################################################################################################",
        "########################################################################################################################",
        "########################################################################################################################",
        "########################################################################################################################",
        "########################################################################################################################",
        "########################################################################################################################",
        "########################################################################################################################",
        "########################################################################################################################",
        "########################################################################################################################",
        "########################################################################################################################",
        "########################################################################################################################",
        "########################################################################################################################",
        "########################################################################################################################",
        "########################################################################################################################",
        "########################################################################################################################",
        "########################################################################################################################",
        "########################################################################################################################",
        "########################################################################################################################",
        "########################################################################################################################",
        "########################################################################################################################",
        "########################################################################################################################",
        "########################################################################################################################",
        "########################################################################################################################",
        "########################################################################################################################",
        "########################################################################################################################",
        "########################################################################################################################",
        "########################################################################################################################",
        "########################################################################################################################",
        "########################################################################################################################",
        "########################################################################################################################",
        "########################################################################################################################",
        "########################################################################################################################",
        "########################################################################################################################",
        "########################################################################################################################",
        "########################################################################################################################",
        "########################################################################################################################",
        "########################################################################################################################",
        "########################################################################################################################",
        "########################################################################################################################",
        "########################################################################################################################"
      ],
      "terrain": {
        "|": "t_strconc_wall",
        "#": "t_rock",
        "<": "t_stairs_up",
        ">": "t_stairs_down",
        "@": "t_elevator_control_off",
        "}": "t_window_bars",
        ":": "t_reinforced_glass",
        "*": "t_thconc_floor_olight",
        "e": "t_elevator",
        "m": "t_door_metal_c",
        "w": "t_gates_control_brick",
        "x": "t_console_broken"
      },
      "furniture": {
        "&": "f_trashcan",
        "1": [ "f_indoor_plant", "f_indoor_plant_y" ],
        "b": "f_sofa",
        "c": "f_chair",
        "d": "f_desk",
        "f": "f_fridge",
        "l": "f_locker",
        "s": "f_stool",
        "U": "f_utility_shelf"
      },
      "items": {
        "d": { "item": "office", "chance": 60, "repeat": [ 2, 6 ] },
        "f": [
          { "item": "snacks", "chance": 60, "repeat": [ 2, 10 ] },
          { "item": "fridgesnacks", "chance": 60, "repeat": [ 2, 10 ] }
        ],
        "l": [
          { "item": "guns_pistol_rare", "chance": 10, "repeat": [ 1, 2 ] },
          { "item": "mags_pistol_rare", "chance": 20, "repeat": 5 },
          { "item": "ammo_pistol_rare", "chance": 20, "repeat": [ 5, 10 ] }
        ]
      },
      "monsters": { "s": { "monster": "GROUP_LAB_SECURITY", "chance": 50 }, ".": { "monster": "GROUP_LAB_SECURITY", "chance": 15 } }
    }
  }
]
