[
  {
    "type": "mapgen",
    "method": "json",
    "om_terrain": [
      [
        "lab_surface_brick_block2A0",
        "lab_surface_brick_block2B0",
        "lab_surface_brick_block2C0",
        "lab_surface_brick_block2D0",
        "lab_surface_brick_block2E0"
      ],
      [
        "lab_surface_brick_block2A1",
        "lab_surface_brick_block2B1",
        "lab_surface_brick_block2C1",
        "lab_surface_brick_block2D1",
        "lab_surface_brick_block2E1"
      ],
      [
        "lab_surface_brick_block2A2",
        "lab_surface_brick_block2B2",
        "lab_surface_brick_block2C2",
        "lab_surface_brick_block2D2",
        "lab_surface_brick_block2E2"
      ],
      [
        "lab_surface_brick_block2A3",
        "lab_surface_brick_block2B3",
        "lab_surface_brick_block2C3",
        "lab_surface_brick_block2D3",
        "lab_surface_brick_block2E3"
      ],
      [
        "lab_surface_brick_block2A4",
        "lab_surface_brick_block2B4",
        "lab_surface_brick_block2C4",
        "lab_surface_brick_block2D4",
        "lab_surface_brick_block2E4"
      ]
    ],
    "object": {
      "fill_ter": "t_strconc_floor",
      "rows": [
        "................................................^.......................................................................",
        "................................................^.......................................................................",
        "^^^^^^^^^^^^^^^^^^^^^^^^^^^^^^^^^^^^^^^^^^^^^^^^^.................]]]]]^^^^^^^^^^^^^^^^^^^^^^^^^^^^^^^^^^^^^^^^^^^^^^^^^",
        "^...............................................^........^........]]]]]................................................^",
        "^...............................................^........^........]]]]]................................................^",
        "^...............................................^........^........]]]A]................................................^",
        "^...............................................^........^........]]]]]................................................^",
        "^...............................................^........^.............................................................^",
        "^......................................................................................................................^",
        "^......................................................................................................................^",
        "^......................................................................................................................^",
        "^......................................................................................................................^",
        "^......................................................................................................................^",
        "^......................................................................................................................^",
        "^......................................................................................................................^",
        "^......................................................................................................................^",
        "^......................................................................................................................^",
        "^......................................................................................................................^",
        "^......................................................................................................................^",
        "^......................................................................................................................^",
        "^......................................................................................................................^",
        "^......................................................................................................................^",
        "^......................................................................................................................^",
        "^......................................................................................................................^",
        "^......................................................................................................................^",
        "^......................................................................................................................^",
        "^......................................................................................................................^",
        "^......................................................................................................................^",
        "^......................................................................................................................^",
        "^......................................................................................................................^",
        "^..........#########::######################................................######################::#########..........^",
        "^..........#llllllfC  st#LL#T#T#T#T#H#H#H#H#................................#l               cx#H+  #T#T#T#T#..........^",
        "^..........:          st#  #+#+#+#+#+#+#+#+#................................#l  l|||||||M||| cx###  #+#+#+#+#..........^",
        "^..........:          st#&                 :................................#l  l|eeee|b ><| cx#H+          :..........^",
        "^..........#llllllll  #####  SCS&SCS&SCS&SC:................................#l  l|eeee|b ><| #####  &SCS&SCS#..........^",
        "^..........#########mm#<#<#++###############................................#l  l|eeee@b   |##<#<#++#########..........^",
        "^..........#     #E    > >     #           #................................#l  l|eeeem    |# > >    E#     #..........^",
        "^..........:     #             #           :................................#|||||||||||##M##         #     :..........^",
        "^..........#     =             #           #................................#############             =     #..........^",
        "^..........:     #        %%%  #           :................................:           =  %%%        #     :..........^",
        "^..........#     #        % %  #           #................................#lllllllllll#  % %        #     #..........^",
        "^..........#############  % %  #           :................................#############  % %  #############..........^",
        "^..........#     :     #  % %  #           #................................#     :     #  % %  #     :     #..........^",
        "^..........:     :     #  % %  #           :................................:     :     #  % %  #     :     :..........^",
        "^..........#     =     =  % %  #           #................................#     =     =  % %  =     =     #..........^",
        "^..........:     :     #  % %  #           :................................:     :     #  % %  #     :     :..........^",
        "^..........#     :     #  % %  =           #................................#     :     #  % %  #     :     #..........^",
        "^..........#############  % % E############:................................#############E % %  ############:..........^",
        "^..........#           #  % %  #           #................................#           #  % %  #           #..........^",
        "^..........:           #  % %  #           :................................:           #  % %  #           :..........^",
        "^..........#           #  % %  #           #................................#           #  % %  #           #..........^",
        "^..........:           #  % %  #           :................................:           #  % %  #           :..........^",
        "^..........#           #  % %  #           #................................#           #  % %  #           #..........^",
        "^..........:           #  % %  #           :................................:           #  % %  #           :..........^",
        "^..........#           #  % %  #           #................................#           #  % %  #           #..........^",
        "^..........:           #  % %  #           :................................:           #  % %  #           :..........^",
        "^..........#           #  % %  #           #................................#           #  % %  #           #..........^",
        "^..........:           #  % %  #           :................................:           #  % %  #           :..........^",
        "^..........#           =  % %  =           #................................#           =  % %  =           #..........^",
        "^..........#############E % %  #############................................#############  % % E#############..........^",
        "^..........#           #  % %  #           #................................#           #  % %  #           #..........^",
        "^..........:           #  % %  #           :................................:           #  % %  #           :..........^",
        "^..........#           #  % %  #           #................................#           #  % %  #           #..........^",
        "^..........:           #  % %  #           :................................:           #  % %  #           :..........^",
        "^..........#           #  % %  #           #................................#           #  % %  #           #..........^",
        "^..........:           #  % %  #           :................................:           #  % %  #           :..........^",
        "^..........#           #  % %  #           #................................#           #  % %  #           #..........^",
        "^..........:           #  % %  #           :................................:           #  % %  #           :..........^",
        "^..........#           #  % %  #           #................................#           #  % %  #           #..........^",
        "^..........:           #  % %  #           :................................:           #  % %  #           :..........^",
        "^..........#           =  % %  =           #................................#           =  % %  =           #..........^",
        "^..........#############  % % E#############................................#############E % %  #############..........^",
        "^..........#           #  % %  #           #................................#           #  % %  #           #..........^",
        "^..........:           #  % %  #           :................................:           #  % %  #           :..........^",
        "^..........#           #  % %  #           #................................#           #  % %  #           #..........^",
        "^..........:           #  % %  #           :............::::::::............:           #  % %  #           :..........^",
        "^..........#           #  % %  #           #.........::::......::::.........#           #  % %  #           #..........^",
        "^..........:           #  % %  #           :.......:::............:::.......:           #  % %  #           :..........^",
        "^..........#           #  % %  #           #......::................::......#           #  % %  #           #..........^",
        "^..........:           #  % %  #           :.....::..................::.....:           #  % %  #           :..........^",
        "^..........#           #  % %  #           #.....:....................:.....#           #  % %  #           #..........^",
        "^..........:           #  % %  #           ######:....................:######           #  % %  #           :..........^",
        "^..........#           =  % %  =           #    :......................:    #           =  % %  =           #..........^",
        "^..........#############E % %  #############    :......................:    #############  % % E#############..........^",
        "^..........#           #  % %  #lllllslllll#    :......................:    #lllllslllll#  % %  #           #..........^",
        "^..........:           #  % %  =           #    :......................:    #           =  % %  #           :..........^",
        "^..........#           #  % %  #############-####......................####-#############  % %  #           #..........^",
        "^..........:           #  % %                   !......................!     hhhhd1dhhhh   % %  #           :..........^",
        "^..........#           #  % %                   !......................!     hdd     ddh   % %  #           #..........^",
        "^..........:           #  % %   bttb  bttb      !......................!                   % %  #           :..........^",
        "^..........#           #  % %   bttb  bttb      !......................!    hhh  1   hh    % %  #           #..........^",
        "^..........:           #  % %   bttb  bttb      !......................!    hd   h   hd    % %  #           :..........^",
        "^..........#           #  % %                   !......................!    h   dh         % %  #           #..........^",
        "^..........:           #  % %                   !......................!    1 hhhh    dh   % %  #           :..........^",
        "^..........#           =  % %   bttb  bttb      !......................!             1hh   % %  =           #..........^",
        "^..........#############  % %   bttb  bttb      !......................!         1         % %  #############..........^",
        "^..........#     :     #  % %   bttb  bttb       !....................!     hh  dh  hh     % %  #     :     #..........^",
        "^..........:     :     #  % %    &&    &&         !..................!      hd  hh  hd     % %  #     :     :..........^",
        "^..........#     =     =  % %                      !!!!!!!!!!!!!!!!!!                      % %  =     =     #..........^",
        "^..........:     :     #  % %                                                              % %  #     :     :..........^",
        "^..........#     :     #  %%%%%%%%%%%%%%%%%%%%%%%%%%%%>>%%%%%%%%>>%%%%%%%%%%%%%%%%%%%%%%%%%%%%  #     :     #..........^",
        "^..........#############  % %                        <|>%%%%%%%%>|<                        % %  #############..........^",
        "^..........:      =       %%%%%%%%%%%%%%%%%%%%%%%%%%%<<%%%%%%%%%%<<%%%%%%%%%%%%%%%%%%%%%%%%%%%       =      :..........^",
        "^..........#+#+#  #                                                                                  #  #+#+#..........^",
        "^..........#T#T#S&#E                                                                                E#&S#T#T#..........^",
        "^..........#########=###########=###########=###                        ###=###########=###########=#########..........^",
        "^..........#     :     #     :     #     :     #                        #     :     #     :     #     :     #..........^",
        "^..........:     :     #     :     #     :     #                        #     :     #     :     #     :     :..........^",
        "^..........#     =     #     =     #     =     #   #--#--#    #--#--#   #     =     #     =     #     =     #..........^",
        "^..........:     :     #     :     #     :     #   :ee@ee:    :ee@ee:   #     :     #     :     #     :     :..........^",
        "^..........#     :     #     :     #     :     #DF&:ee:ee:1bb1:ee:ee:&FD#     :     #     :     #     :     #..........^",
        "^..........##:#:###:#:###:#:###:#:###:#:###:#:#####|::|::|#::#|::|::|###################################:#:##..........^",
        "^..........]]]]]]]]]]]]]]]]]]]]]]]]]]]]]]]]]]]]]]]]]]]]]]]]]]]]]]]]]]]]]]]]]]]]]]]]]]]]]]]]]]]]]]]]]]]]]]]]]]..........^",
        "^......................................................................................................................^",
        "^......................................................................................................................^",
        "^......................................................................................................................^",
        "^......................................................................................................................^",
        "^......................................................................................................................^",
        "^......................................................................................................................^",
        "^^^^^^^^^^^^^^^^^^^^^^^^^^^^^^^^^^^^^^^^^^^^^^^^^^^^^^^^^^^^^^^^^^^^^^^^^^^^^^^^^^^^^^^^^^^^^^^^^^^^^^^^^^^^^^^^^^^^^^^^"
      ],
      "items": {
        "&": [ { "item": "tools_science", "chance": 5 }, { "item": "trash", "chance": 50, "repeat": [ 1, 2 ] } ],
        "f": [
          { "item": "fridge", "chance": 60, "repeat": [ 2, 10 ] },
          { "item": "fridgesnacks", "chance": 60, "repeat": [ 2, 10 ] }
        ],
        "l": [
          { "item": "lab_shoes", "chance": 70, "repeat": 2 },
          { "item": "lab_pants", "chance": 70, "repeat": 2 },
          { "item": "lab_torso", "chance": 70, "repeat": 2 }
        ],
        "L": { "item": "cleaning", "chance": 70, "repeat": [ 1, 8 ] },
        "t": [ { "item": "snacks", "chance": 5 }, { "item": "dining", "chance": 10 } ]
      },
      "palettes": [ "lab_upstairs_palette" ],
      "place_nested": [
        { "chunks": [ "surface_sub_hall_clutter" ], "x": 24, "y": [ 45, 47 ] },
        { "chunks": [ "surface_sub_hall_clutter" ], "x": 24, "y": [ 48, 57 ], "repeat": 6 },
        { "chunks": [ "surface_sub_hall_clutter" ], "x": 24, "y": [ 60, 69 ], "repeat": 7 },
        { "chunks": [ "surface_sub_hall_clutter" ], "x": 24, "y": [ 72, 81 ], "repeat": 7 },
        { "chunks": [ "surface_sub_hall_clutter" ], "x": 24, "y": [ 84, 93 ], "repeat": 7 },
        { "chunks": [ "surface_sub_hall_clutter" ], "x": 30, "y": [ 36, 45 ], "repeat": 7 },
        { "chunks": [ "surface_sub_hall_clutter" ], "x": 30, "y": [ 48, 57 ], "repeat": 7 },
        { "chunks": [ "surface_sub_hall_clutter" ], "x": 30, "y": [ 59, 69 ], "repeat": 7 },
        { "chunks": [ "surface_sub_hall_clutter" ], "x": 30, "y": [ 72, 81 ], "repeat": 7 },
        { "chunks": [ "surface_sub_hall_clutter" ], "x": 89, "y": [ 45, 47 ] },
        { "chunks": [ "surface_sub_hall_clutter" ], "x": 89, "y": [ 48, 57 ], "repeat": 6 },
        { "chunks": [ "surface_sub_hall_clutter" ], "x": 89, "y": [ 72, 81 ], "repeat": 7 },
        { "chunks": [ "surface_sub_hall_clutter" ], "x": 95, "y": [ 45, 47 ] },
        { "chunks": [ "surface_sub_hall_clutter" ], "x": 95, "y": [ 48, 57 ], "repeat": 7 },
        { "chunks": [ "surface_sub_hall_clutter" ], "x": 95, "y": [ 59, 69 ], "repeat": 7 },
        { "chunks": [ "surface_sub_hall_clutter" ], "x": 95, "y": [ 72, 81 ], "repeat": 7 },
        { "chunks": [ "surface_sub_hall_clutter" ], "x": 95, "y": [ 84, 93 ], "repeat": 7 },
        { "chunks": [ "lab_surface_office_5x5" ], "x": 12, "y": 36 },
        { "chunks": [ "lab_surface_2partworkspace_front_5x5" ], "x": 18, "y": 42 },
        { "chunks": [ "lab_surface_2partworkspace_back_5x5" ], "x": 12, "y": 42 },
        { "chunks": [ "lab_surface_workspace_Edoor_11x11" ], "x": 12, "y": 48 },
        { "chunks": [ "lab_surface_workspace_Edoor_11x11" ], "x": 12, "y": 60 },
        { "chunks": [ "lab_surface_workspace_Edoor_11x11" ], "x": 12, "y": 72 },
        { "chunks": [ "lab_surface_workspace_Edoor_11x11" ], "x": 12, "y": 84 },
        { "chunks": [ "lab_surface_workspace_Wdoor_11x11" ], "x": 32, "y": 36 },
        { "chunks": [ "lab_surface_workspace_Wdoor_11x11" ], "x": 32, "y": 48 },
        { "chunks": [ "lab_surface_workspace_Wdoor_11x11" ], "x": 32, "y": 60 },
        { "chunks": [ "lab_surface_workspace_Wdoor_11x11" ], "x": 32, "y": 72 },
        { "chunks": [ "lab_surface_2partworkspace_front_5x5" ], "x": 18, "y": 96 },
        { "chunks": [ "lab_surface_2partworkspace_back_5x5" ], "x": 12, "y": 96 },
        { "chunks": [ "lab_surface_office_5x5" ], "x": 103, "y": 36 },
        { "chunks": [ "lab_surface_2partworkspace_front_5x5" ], "x": 83, "y": 42 },
        { "chunks": [ "lab_surface_2partworkspace_back_5x5" ], "x": 77, "y": 42 },
        { "chunks": [ "lab_surface_2partworkspace_front_5x5" ], "x": 97, "y": 42 },
        { "chunks": [ "lab_surface_2partworkspace_back_5x5" ], "x": 103, "y": 42 },
        { "chunks": [ "lab_surface_workspace_Edoor_11x11" ], "x": 77, "y": 48 },
        { "chunks": [ "lab_surface_workspace_Edoor_11x11" ], "x": 77, "y": 60 },
        { "chunks": [ "lab_surface_workspace_Edoor_11x11" ], "x": 77, "y": 72 },
        { "chunks": [ "lab_surface_workspace_Wdoor_11x11" ], "x": 97, "y": 48 },
        { "chunks": [ "lab_surface_workspace_Wdoor_11x11" ], "x": 97, "y": 60 },
        { "chunks": [ "lab_surface_workspace_Wdoor_11x11" ], "x": 97, "y": 72 },
        { "chunks": [ "lab_surface_workspace_Wdoor_11x11" ], "x": 97, "y": 84 },
        { "chunks": [ "lab_surface_2partworkspace_front_5x5" ], "x": 97, "y": 96 },
        { "chunks": [ "lab_surface_2partworkspace_back_5x5" ], "x": 103, "y": 96 },
        { "chunks": [ "lab_surface_office_W4x4" ], "x": 44, "y": 82 },
        { "chunks": [ "lab_surface_office_E4x4" ], "x": 72, "y": 82 },
        { "chunks": [ "lab_surface_2partworkspace_front_5x5" ], "x": 18, "y": 106 },
        { "chunks": [ "lab_surface_2partworkspace_back_5x5" ], "x": 12, "y": 106 },
        { "chunks": [ "lab_surface_2partworkspace_front_5x5" ], "x": 30, "y": 106 },
        { "chunks": [ "lab_surface_2partworkspace_back_5x5" ], "x": 24, "y": 106 },
        { "chunks": [ "lab_surface_2partworkspace_front_5x5" ], "x": 42, "y": 106 },
        { "chunks": [ "lab_surface_2partworkspace_back_5x5" ], "x": 36, "y": 106 },
        { "chunks": [ "lab_surface_2partworkspace_front_5x5" ], "x": 73, "y": 106 },
        { "chunks": [ "lab_surface_2partworkspace_back_5x5" ], "x": 79, "y": 106 },
        { "chunks": [ "lab_surface_2partworkspace_front_5x5" ], "x": 85, "y": 106 },
        { "chunks": [ "lab_surface_2partworkspace_back_5x5" ], "x": 91, "y": 106 },
        { "chunks": [ "lab_surface_2partworkspace_front_5x5" ], "x": 97, "y": 106 },
        { "chunks": [ "lab_surface_2partworkspace_back_5x5" ], "x": 103, "y": 106 }
      ]
    }
  }
]
