[
  {
    "type": "mapgen",
    "method": "json",
    "om_terrain": [
      [
        "lab_surface_brick_block4A0",
        "lab_surface_brick_block4B0",
        "lab_surface_brick_block4C0",
        "lab_surface_brick_block4D0",
        "lab_surface_brick_block4E0"
      ],
      [
        "lab_surface_brick_block4A1",
        "lab_surface_brick_block4B1",
        "lab_surface_brick_block4C1",
        "lab_surface_brick_block4D1",
        "lab_surface_brick_block4E1"
      ],
      [
        "lab_surface_brick_block4A2",
        "lab_surface_brick_block4B2",
        "lab_surface_brick_block4C2",
        "lab_surface_brick_block4D2",
        "lab_surface_brick_block4E2"
      ],
      [
        "lab_surface_brick_block4A3",
        "lab_surface_brick_block4B3",
        "lab_surface_brick_block4C3",
        "lab_surface_brick_block4D3",
        "lab_surface_brick_block4E3"
      ],
      [
        "lab_surface_brick_block4A4",
        "lab_surface_brick_block4B4",
        "lab_surface_brick_block4C4",
        "lab_surface_brick_block4D4",
        "lab_surface_brick_block4E4"
      ]
    ],
    "object": {
      "fill_ter": "t_strconc_floor",
      "rows": [
        "........................................................................................................................",
        "........................................................................................................................",
        "........................................................................................................................",
        "........................................................................................................................",
        "........................................................................................................................",
        "........................................................................................................................",
        "........................................................................................................................",
        "........................................................................................................................",
        "........................................................................................................................",
        "........................................................................................................................",
        "........................................................................................................................",
        "........................................................................................................................",
        "........................................................................................................................",
        "........................................................................................................................",
        "........................................................................................................................",
        "........................................................................................................................",
        "........................................................................................................................",
        "........................................................................................................................",
        "........................................................................................................................",
        "........................................................................................................................",
        "........................................................................................................................",
        "........................................................................................................................",
        "........................................................................................................................",
        "........................................................................................................................",
        "........................................................................................................................",
        "........................................................................................................................",
        "........................................................................................................................",
        "........................................................................................................................",
        "........................................................................................................................",
        "........................................................................................................................",
        "...........#########::####::################................................######################::#########...........",
        "...........#llllllfC  st#L  C#T#T#T#H#H#H#H#................................#l               cx#H+  #T#T#T#T#...........",
        "...........:          st#L  &#+#+#+#+#+#+#+#................................#l  l|||||||m||| cx###  #+#+#+#+#...........",
        "...........:          st###                :................................#l  l|eeee|b > | ###H+          :...........",
        "...........#llllllll  st#<#  SCS&SCS&SCS&SC:................................#l  l|eeee|b > | #<###  &SCS&SCS#...........",
        "...........#########mm###m#++###############................................#l  l|eeee@b   |##m###++#########...........",
        "...........#     #     > >    E#           #................................#l  l|eeeem    |# > >    E#     #...........",
        "...........:     #             #           :................................#|||||||||||##m##         #     :...........",
        "...........#     =             #           #................................#############             =     #...........",
        "...........:     #        %%%  #           :................................:           =  %%%        #     :...........",
        "...........#     #        % %  #           #................................#lllllllllll#  % %        #     #...........",
        "...........#############  % %  #           :................................#############  % %  #############...........",
        "...........#     :     #  % %  #           #................................#     :     #  % %  #     :     #...........",
        "...........:     :     #  % %  #           :................................:     :     #  % %  #     :     :...........",
        "...........#     =     =  % %  #           #................................#     =     =  % %  =     =     #...........",
        "...........:     :     #  % %  #           :................................:     :     #  % %  #     :     :...........",
        "...........#     :     #  % %  =           #................................#     :     #  % %  #     :     #...........",
        "...........#############E % % 1############:................................#############1 % % E############:...........",
        "...........#           #  % %  #           #................................#           #  % %  #           #...........",
        "...........:           #  % %  #           :................................:           #  % %  #           :...........",
        "...........#           #  % %  #           #................................#           #  % %  #           #...........",
        "...........:           #  % %  #           :................................:           #  % %  #           :...........",
        "...........#           #  % %  #           #................................#           #  % %  #           #...........",
        "...........:           #  % %  #           :................................:           #  % %  #           :...........",
        "...........#           #  % %  #           #................................#           #  % %  #           #...........",
        "...........:           #  % %  #           :................................:           #  % %  #           :...........",
        "...........#           #  % %  #           #................................#           #  % %  #           #...........",
        "...........:           #  % %  #           :................................:           #  % %  #           :...........",
        "...........#           =  % %  =           #................................#           =  % %  =           #...........",
        "...........#############1 % % E#############................................#############E % % 1#############...........",
        "...........#           #  % %  #           #................................#           #  % %  #           #...........",
        "...........:           #  % %  #           :................................:           #  % %  #           :...........",
        "...........#           #  % %  #           #................................#           #  % %  #           #...........",
        "...........:           #  % %  #           :................................:           #  % %  #           :...........",
        "...........#           #  % %  #           #................................#           #  % %  #           #...........",
        "...........:           #  % %  #           :................................:           #  % %  #           :...........",
        "...........#           #  % %  #           #................................#           #  % %  #           #...........",
        "...........:           #  % %  #           :................................:           #  % %  #           :...........",
        "...........#           #  % %  #           #................................#           #  % %  #           #...........",
        "...........:           #  % %  #           :................................:           #  % %  #           :...........",
        "...........#           =  % %  =           #................................#           =  % %  =           #...........",
        "...........#############E % % 1#############................................#############1 % % E#############...........",
        "...........#           #  % %  #           #................................#           #  % %  #           #...........",
        "...........:           #  % %  #           :................................:           #  % %  #           :...........",
        "...........#           #  % %  #           #................................#           #  % %  #           #...........",
        "...........:           #  % %  #           :................................:           #  % %  #           :...........",
        "...........#           #  % %  #           #................................#           #  % %  #           #...........",
        "...........:           #  % %  #           :................................:           #  % %  #           :...........",
        "...........#           #  % %  #           #................................#           #  % %  #           #...........",
        "...........:           #  % %  #           :................................:           #  % %  #           :...........",
        "...........#           #  % %  #           #................................#           #  % %  #           #...........",
        "...........:           #  % %  #           :________________________________:           #  % %  #           :...........",
        "...........#           =  % %  =           #________________________________#           =  % %  =           #...........",
        "...........#############1 % % E#############________________________________#############E % % 1#############...........",
        "...........#           #  % %  #           #________________________________#           #  % %  #           #...........",
        "...........:           #  % %  #           :________________________________:           #  % %  #           :...........",
        "...........#           #  % %  #           #________________________________#           #  % %  #           #...........",
        "...........:           #  % %  #           :________________________________:           #  % %  #           :...........",
        "...........#           #  % %  #           #________________________________#           #  % %  #           #...........",
        "...........:           #  % %  #           :________________________________:           #  % %  #           :...........",
        "...........#           #  % %  #           #________________________________#           #  % %  #           #...........",
        "...........:           #  % %  #           :________________________________:           #  % %  #           :...........",
        "...........#           #  % %  #           #________________________________#           #  % %  #           #...........",
        "...........:           #  % %  #           :________________________________:           #  % %  #           :...........",
        "...........#           =  % %  =           #________________________________#           =  % %  =           #...........",
        "...........#############E % % 1#############________________________________#############1 % % E#############...........",
        "...........#     :     #  % %  #     :     #________________________________#     :     #  % %  #     :     #...........",
        "...........:     :     #  % %  #     :     :________________________________:     :     #  % %  #     :     :...........",
        "...........#     =     =  % %  =     =     #___,,,,,,,,,,,,,,,,,,,,,,,,,,___#     =     =  % %  =     =     #...........",
        "...........:     :     #  % %  #     :     :___,,,,,,,,,,,,,,,,,,,,,,,,,,___:     :     #  % %  #     :     :...........",
        "...........#     :     #  % %  #     :     #___,,,,,,,,,,,,,,,,,,,,,,,,,,___#     :     #  % %  #     :     #...........",
        "...........#############  % %  ##############______________,,______________##############  % %  #############...........",
        "...........:      =       % %              1#:::::::::::#__,,__#:::::::::::#1              % %       =      :...........",
        "...........#+#+#  #1      %%%                      bttb :__,,__: bttb                      %%%      1#  #+#+#...........",
        "...........#T#T#S&#E                               bttb :__,,__: bttb                               E#&S#T#T#...........",
        "...........#########=###########=###########=###   bttb :__,,__: bttb   ###=###########=###########=#########...........",
        "...........#     :     #     :     #     :     #        ##_,,_##        #     :     #     :     #     :     #...........",
        "...........:     :     #     :     #     :     #         :_,,_:         #     :     #     :     #     :     :...........",
        "...........#     =     #     =     #     =     #&  #--#--#_,,_#--#--#  &#     =     #     =     #     =     #...........",
        "...........:     :     #     :     #     :     #F  :ee@ee:_,,_:ee@ee:  F#     :     #     :     #     :     :...........",
        "...........#     :     #     :     #     :     #D  :ee:ee:_,,_:ee:ee:  D#     :     #     :     #     :     #...........",
        "...........##:#:###:#:###:#:###:#:###:#:###:#:#####|::|::|____|::|::|###################################:#:##...........",
        "........................................................................................................................",
        "........................................................................................................................",
        "........................................................................................................................",
        "........................................................................................................................",
        "........................................................................................................................",
        "........................................................................................................................",
        "........................................................................................................................",
        "........................................................................................................................"
      ],
      "items": {
        "&": [ { "item": "tools_science", "chance": 5 }, { "item": "trash", "chance": 50, "repeat": [ 1, 2 ] } ],
        "f": [
          { "item": "fridge", "chance": 60, "repeat": [ 2, 10 ] },
          { "item": "fridgesnacks", "chance": 60, "repeat": [ 2, 10 ] }
        ],
        "l": [
          { "item": "lab_shoes", "chance": 70, "repeat": 2 },
          { "item": "lab_pants", "chance": 70, "repeat": 2 },
          { "item": "lab_torso", "chance": 70, "repeat": 2 }
        ],
        "L": { "item": "cleaning", "chance": 70, "repeat": [ 1, 8 ] },
        "t": [ { "item": "snacks", "chance": 5 }, { "item": "dining", "chance": 10 } ]
      },
      "palettes": [ "lab_upstairs_palette" ],
      "place_nested": [
        { "chunks": [ "surface_sub_hall_clutter" ], "x": 24, "y": [ 45, 47 ] },
        { "chunks": [ "surface_sub_hall_clutter" ], "x": 24, "y": [ 48, 57 ], "repeat": 6 },
        { "chunks": [ "surface_sub_hall_clutter" ], "x": 24, "y": [ 60, 69 ], "repeat": 7 },
        { "chunks": [ "surface_sub_hall_clutter" ], "x": 24, "y": [ 72, 81 ], "repeat": 7 },
        { "chunks": [ "surface_sub_hall_clutter" ], "x": 24, "y": [ 84, 93 ], "repeat": 7 },
        { "chunks": [ "surface_sub_hall_clutter" ], "x": 30, "y": [ 36, 45 ], "repeat": 7 },
        { "chunks": [ "surface_sub_hall_clutter" ], "x": 30, "y": [ 48, 57 ], "repeat": 7 },
        { "chunks": [ "surface_sub_hall_clutter" ], "x": 30, "y": [ 59, 69 ], "repeat": 7 },
        { "chunks": [ "surface_sub_hall_clutter" ], "x": 30, "y": [ 72, 81 ], "repeat": 7 },
        { "chunks": [ "surface_sub_hall_clutter" ], "x": 89, "y": [ 45, 47 ] },
        { "chunks": [ "surface_sub_hall_clutter" ], "x": 89, "y": [ 48, 57 ], "repeat": 6 },
        { "chunks": [ "surface_sub_hall_clutter" ], "x": 89, "y": [ 72, 81 ], "repeat": 7 },
        { "chunks": [ "surface_sub_hall_clutter" ], "x": 95, "y": [ 48, 57 ], "repeat": 7 },
        { "chunks": [ "surface_sub_hall_clutter" ], "x": 95, "y": [ 59, 69 ], "repeat": 7 },
        { "chunks": [ "surface_sub_hall_clutter" ], "x": 95, "y": [ 72, 81 ], "repeat": 7 },
        { "chunks": [ "surface_sub_hall_clutter" ], "x": 95, "y": [ 84, 93 ], "repeat": 7 },
        { "chunks": [ "lab_surface_office_5x5" ], "x": 12, "y": 36 },
        { "chunks": [ "lab_surface_2partworkspace_front_5x5" ], "x": 18, "y": 42 },
        { "chunks": [ "lab_surface_2partworkspace_back_5x5" ], "x": 12, "y": 42 },
        { "chunks": [ "lab_surface_workspace_Edoor_11x11" ], "x": 12, "y": 48 },
        { "chunks": [ "lab_surface_workspace_Edoor_11x11" ], "x": 12, "y": 60 },
        { "chunks": [ "lab_surface_workspace_Edoor_11x11" ], "x": 12, "y": 72 },
        { "chunks": [ "lab_surface_workspace_Edoor_11x11" ], "x": 12, "y": 84 },
        { "chunks": [ "lab_surface_workspace_Wdoor_11x11" ], "x": 32, "y": 36 },
        { "chunks": [ "lab_surface_workspace_Wdoor_11x11" ], "x": 32, "y": 48 },
        { "chunks": [ "lab_surface_workspace_Wdoor_11x11" ], "x": 32, "y": 60 },
        { "chunks": [ "lab_surface_workspace_Wdoor_11x11" ], "x": 32, "y": 72 },
        { "chunks": [ "lab_surface_workspace_Wdoor_11x11" ], "x": 32, "y": 84 },
        { "chunks": [ "lab_surface_2partworkspace_front_5x5" ], "x": 18, "y": 96 },
        { "chunks": [ "lab_surface_2partworkspace_back_5x5" ], "x": 12, "y": 96 },
        { "chunks": [ "lab_surface_2partworkspace_front_5x5" ], "x": 32, "y": 96 },
        { "chunks": [ "lab_surface_2partworkspace_back_5x5" ], "x": 38, "y": 96 },
        { "chunks": [ "lab_surface_office_5x5" ], "x": 103, "y": 36 },
        { "chunks": [ "lab_surface_2partworkspace_front_5x5" ], "x": 83, "y": 42 },
        { "chunks": [ "lab_surface_2partworkspace_back_5x5" ], "x": 77, "y": 42 },
        { "chunks": [ "lab_surface_2partworkspace_front_5x5" ], "x": 97, "y": 42 },
        { "chunks": [ "lab_surface_2partworkspace_back_5x5" ], "x": 103, "y": 42 },
        { "chunks": [ "lab_surface_workspace_Edoor_11x11" ], "x": 77, "y": 48 },
        { "chunks": [ "lab_surface_workspace_Edoor_11x11" ], "x": 77, "y": 60 },
        { "chunks": [ "lab_surface_workspace_Edoor_11x11" ], "x": 77, "y": 72 },
        { "chunks": [ "lab_surface_workspace_Edoor_11x11" ], "x": 77, "y": 84 },
        { "chunks": [ "lab_surface_workspace_Wdoor_11x11" ], "x": 97, "y": 48 },
        { "chunks": [ "lab_surface_workspace_Wdoor_11x11" ], "x": 97, "y": 60 },
        { "chunks": [ "lab_surface_workspace_Wdoor_11x11" ], "x": 97, "y": 72 },
        { "chunks": [ "lab_surface_workspace_Wdoor_11x11" ], "x": 97, "y": 84 },
        { "chunks": [ "lab_surface_2partworkspace_front_5x5" ], "x": 83, "y": 96 },
        { "chunks": [ "lab_surface_2partworkspace_back_5x5" ], "x": 77, "y": 96 },
        { "chunks": [ "lab_surface_2partworkspace_front_5x5" ], "x": 103, "y": 96 },
        { "chunks": [ "lab_surface_2partworkspace_back_5x5" ], "x": 97, "y": 96 },
        { "chunks": [ "lab_surface_2partworkspace_front_5x5" ], "x": 18, "y": 106 },
        { "chunks": [ "lab_surface_2partworkspace_back_5x5" ], "x": 12, "y": 106 },
        { "chunks": [ "lab_surface_2partworkspace_front_5x5" ], "x": 30, "y": 106 },
        { "chunks": [ "lab_surface_2partworkspace_back_5x5" ], "x": 24, "y": 106 },
        { "chunks": [ "lab_surface_2partworkspace_front_5x5" ], "x": 42, "y": 106 },
        { "chunks": [ "lab_surface_2partworkspace_back_5x5" ], "x": 36, "y": 106 },
        { "chunks": [ "lab_surface_2partworkspace_front_5x5" ], "x": 73, "y": 106 },
        { "chunks": [ "lab_surface_2partworkspace_back_5x5" ], "x": 79, "y": 106 },
        { "chunks": [ "lab_surface_2partworkspace_front_5x5" ], "x": 85, "y": 106 },
        { "chunks": [ "lab_surface_2partworkspace_back_5x5" ], "x": 91, "y": 106 },
        { "chunks": [ "lab_surface_2partworkspace_front_5x5" ], "x": 97, "y": 106 },
        { "chunks": [ "lab_surface_2partworkspace_back_5x5" ], "x": 103, "y": 106 }
      ]
    }
  }
]
