[
  {
    "type": "mapgen",
    "method": "json",
    "om_terrain": [
      [
        "lab_surface_brick_block5A0",
        "lab_surface_brick_block5B0",
        "lab_surface_brick_block5C0",
        "lab_surface_brick_block5D0",
        "lab_surface_brick_block5E0"
      ],
      [
        "lab_surface_brick_block5A1",
        "lab_surface_brick_block5B1",
        "lab_surface_brick_block5C1",
        "lab_surface_brick_block5D1",
        "lab_surface_brick_block5E1"
      ],
      [
        "lab_surface_brick_block5A2",
        "lab_surface_brick_block5B2",
        "lab_surface_brick_block5C2",
        "lab_surface_brick_block5D2",
        "lab_surface_brick_block5E2"
      ],
      [
        "lab_surface_brick_block5A3",
        "lab_surface_brick_block5B3",
        "lab_surface_brick_block5C3",
        "lab_surface_brick_block5D3",
        "lab_surface_brick_block5E3"
      ],
      [
        "lab_surface_brick_block5A4",
        "lab_surface_brick_block5B4",
        "lab_surface_brick_block5C4",
        "lab_surface_brick_block5D4",
        "lab_surface_brick_block5E4"
      ]
    ],
    "object": {
      "fill_ter": "t_flat_roof",
      "rows": [
        "........................................................................................................................",
        "........................................................................................................................",
        "........................................................................................................................",
        "........................................................................................................................",
        "........................................................................................................................",
        "........................................................................................................................",
        "........................................................................................................................",
        "........................................................................................................................",
        "........................................................................................................................",
        "........................................................................................................................",
        "........................................................................................................................",
        "........................................................................................................................",
        "........................................................................................................................",
        "........................................................................................................................",
        "........................................................................................................................",
        "........................................................................................................................",
        "........................................................................................................................",
        "........................................................................................................................",
        "........................................................................................................................",
        "........................................................................................................................",
        "........................................................................................................................",
        "........................................................................................................................",
        "........................................................................................................................",
        "........................................................................................................................",
        "........................................................................................................................",
        "........................................................................................................................",
        "........................................................................................................................",
        "........................................................................................................................",
        "........................................................................................................................",
        "........................................................................................................................",
        "..........._________________________________................................_________________________________...........",
        "..........._____________________AA__________................................__________AA_____________________...........",
        "...........__(__________________pp__________................................__________pp__________________(__...........",
        "..........._____________________pp__________................................__________pp_____________________...........",
        "...........______________>______aa__________................................__________aa______>______________...........",
        "..........._________________________________................................_________________________________...........",
        "..........._________________________________................................_________________________________...........",
        "..........._________________________________................................_________________________________...........",
        "..........._________________________________................................_________________________________...........",
        "..........._________________________________................................_________________________________...........",
        "..........._________________________________................................_________________________________...........",
        "...........___((_____________________  ((___................................___((_____________________  ((___...........",
        "...........___((pppV_______________Vppp((___................................___((pppV_______________Vppp((___...........",
        "..........._________________________________................................_________________________________...........",
        "..........._________________________________................................_________________________________...........",
        "..........._________________________________................................_________________________________...........",
        "..........._________________________________................................_________________________________...........",
        "..........._________________________________................................_________________________________...........",
        "..........._________________________________................................_________________________________...........",
        "..........._________________________________................................_________________________________...........",
        "..........._________________________________................................_________________________________...........",
        "..........._________________________________................................_________________________________...........",
        "..........._________________________________................................_________________________________...........",
        "...........___AA_______________________AA___................................___AA_______________________AA___...........",
        "...........___AApppa_______v_______apppAA___................................___AApppa_______v_______apppAA___...........",
        "..........._________________________________................................_________________________________...........",
        "..........._________________________________................................_________________________________...........",
        "..........._________________________________................................_________________________________...........",
        "..........._________________________________................................_________________________________...........",
        "..........._________________________________................................_________________________________...........",
        "..........._________________________________................................_________________________________...........",
        "..........._________________________________................................_________________________________...........",
        "..........._________________________________................................_________________________________...........",
        "..........._________________________________................................_________________________________...........",
        "..........._________________________________................................_________________________________...........",
        "..........._________________________________................................_________________________________...........",
        "..........._________________________________................................_________________________________...........",
        "...........___((_____________________  ((___................................_________________________________...........",
        "...........___((ppp_________________ppp((___................................___((_____________________  ((___...........",
        "..........._________________________________................................___((ppp_________________ppp((___...........",
        "..........._________________________________................................_________________________________...........",
        "..........._________________________________................................_________________________________...........",
        "..........._________________________________................................_________________________________...........",
        "..........._________________________________................................_________________________________...........",
        "..........._________________________________................................_________________________________...........",
        "..........._________________________________................................_________________________________...........",
        "..........._________________________________................................_________________________________...........",
        "..........._________________________________................................_________________________________...........",
        "..........._________________________________................................_________________________________...........",
        "...........___AA_______________________AA___................................_________________________________...........",
        "...........___AApppa_______v_______apppAA___................................___AA_______________________AA___...........",
        "..........._________________________________................................___AApppa_______v_______apppAA___...........",
        "..........._________________________________................................_________________________________...........",
        "..........._________________________________................................_________________________________...........",
        "..........._________________________________................................_________________________________...........",
        "..........._________________________________................................_________________________________...........",
        "..........._________________________________................................_________________________________...........",
        "..........._________________________________................................_________________________________...........",
        "..........._________________________________................................_________________________________...........",
        "..........._________________________________................................_________________________________...........",
        "..........._________________________________................................_________________________________...........",
        "..........._________________________________................................_________________________________...........",
        "..........._________________________________................................_________________________________...........",
        "..........._________________________________................................_________________________________...........",
        "..........._________________________________................................_________________________________...........",
        "...........___AA_______________________AA___................................___AA_______________________AA___...........",
        "...........___AApppa_______v_______apppAA___................................___AApppa_______v_______apppAA___...........",
        "..........._________________________________................................_________________________________...........",
        "..........._________________________________................................_________________________________...........",
        "..........._________________________________................................_________________________________...........",
        "..........._________________________________................................_________________________________...........",
        "...........__________________________________..............................__________________________________...........",
        "...........________________________________V________________________________V________________________________...........",
        "...........____________________________________((______________________((____________________________________...........",
        "...........____________________________________((______________________((____________________________________...........",
        "...........__________________________________________________________________________________________________...........",
        "...........________________________________________________AA________________________________________________...........",
        "..........._____________________________________________pppAAppp_____________________________________________...........",
        "..........._____________________________________________p______p_____________________________________________...........",
        "..........._((______________________________________v__aa______aa__v______________________________________((_...........",
        "..........._((pppV_____________________________________aa______aa_____________________________________Vppp((_...........",
        "...........__________________________________________________________________________________________________...........",
        "........................................................................................................................",
        "........................................................................................................................",
        "........................................................................................................................",
        "........................................................................................................................",
        "........................................................................................................................",
        "........................................................................................................................",
        "........................................................................................................................",
        "........................................................................................................................"
      ],
      "palettes": [ "lab_upstairs_palette" ]
    }
  }
]
