[
  {
    "type": "mapgen",
    "method": "json",
    "om_terrain": [ [ "refctr_S1a", "refctr_S2a", "refctr_S3a", "refctr_S4a", "refctr_S5a" ] ],
    "weight": 100,
    "object": {
      "fill_ter": "t_grass",
      "rows": [
        "................................................''''________________''''................................................",
        "................................................''''_______,,_______''''................................................",
        "................................................''''_______,,_______''''................................................",
        "................................................''''_______,,_______''''................................................",
        "................................................''''________________''''................................................",
        "................................................''''_______,,_______''''................................................",
        "................................................''''_______,,_______''''................................................",
        "................................................''''_______,,_______''''................................................",
        "................................................''''________________''''................................................",
        "................................................''''_______,,_______''''................................................",
        "................................................''''_______,,_______''''................................................",
        "................................................''''_______,,_______''''................................................",
        "................................................''''________________''''................................................",
        "................................................''''_______,,_______''''................................................",
        "................................................''''_______,,_______''''................................................",
        "................................................''''_______,,_______''''................................................",
        "................................................''''________________''''................................................",
        "................................................''''_______,,_______''''................................................",
        "................................................''''_______,,_______''''................................................",
        "................................................''''_______,,_______''''................................................",
        "................................................''''________________''''................................................",
        "................................................''''_______,,_______''''................................................",
        "................................................''''_______,,_______''''................................................",
        "................................................''''_______,,_______''''................................................"
      ],
      "palettes": [ "rc_grounds" ]
    }
  },
  {
    "type": "mapgen",
    "method": "json",
    "om_terrain": [ [ "refctr_S1b", "refctr_S2b", "refctr_S3b", "refctr_S4b", "refctr_S5b" ] ],
    "weight": 100,
    "object": {
      "fill_ter": "t_grass",
      "rows": [
        "................................................''''________________''''................................................",
        "................................................''''_______,,_______''''................................................",
        "................................................''''_______,,_______''''................................................",
        "................................................''''_______,,_______''''................................................",
        "................................................''''________________''''................................................",
        "................................................''''_______,,_______''''................................................",
        "................................................''''_______,,_______''''................................................",
        "................................................''''_______,,_______''''................................................",
        "................................................''''________________''''................................................",
        "................................................''''_______,,_______''''................................................",
        "................................................''''_______,,_______''''................................................",
        "................................................''''_______,,_______''''................................................",
        "................................................''''________________''''................................................",
        "................................................''''_______,,_______''''................................................",
        "................................................''''_______,,_______''''................................................",
        "................................................''''_______,,_______''''................................................",
        "................................................''''________________''''................................................",
        "................................................''''_______,,_______''''................................................",
        "................................................''''_______,,_______''''................................................",
        "................................................''''_______,,_______''''................................................",
        "................................................''''________________''''................................................",
        "................................................''''_______,,_______''''................................................",
        "................................................''''_______,,_______''''................................................",
        "................................................''''_______,,_______''''................................................"
      ],
      "palettes": [ "rc_grounds" ]
    }
  },
  {
    "type": "mapgen",
    "method": "json",
    "om_terrain": [ [ "refctr_S1c", "refctr_S2c", "refctr_S3c", "refctr_S4c", "refctr_S5c" ] ],
    "weight": 100,
    "object": {
      "fill_ter": "t_grass",
      "rows": [
        "................................................''''________________''''................................................",
        "................................................''''_______,,_______''''................................................",
        "................................................''''_______,,_______''''................................................",
        "................................................''''_______,,_______''''................................................",
        "................................................''''________________''''................................................",
        "................................................''''_______,,_______''''................................................",
        "................................................''''_______,,_______''''................................................",
        "................................................''''_______,,_______''''................................................",
        "................................................''''________________''''................................................",
        "................................................''''_______,,_______''''................................................",
        "................................................''''_______,,_______''''................................................",
        "................................................''''_______,,_______''''................................................",
        "................................................''''________________''''................................................",
        "................................................''''_______,,_______''''................................................",
        "................................................''''_______,,_______''''................................................",
        "................................................''''_______,,_______''''................................................",
        "................................................''''________________''''................................................",
        "................................................''''_______,,_______''''................................................",
        "................................................''''_______,,_______''''................................................",
        "................................................''''_______,,_______''''................................................",
        "................................................''''________________''''................................................",
        "................................................''''_______,,_______''''................................................",
        "................................................''''_______,,_______''''................................................",
        "................................................''''_______,,_______''''................................................"
      ],
      "palettes": [ "rc_grounds" ]
    }
  },
  {
    "type": "mapgen",
    "method": "json",
    "om_terrain": [ [ "refctr_S1d", "refctr_S2d", "refctr_S3d", "refctr_S4d", "refctr_S5d" ] ],
    "weight": 100,
    "object": {
      "fill_ter": "t_grass",
      "rows": [
        "................................................''''________________''''................................................",
        "................................................''''_______,,_______''''................................................",
        "................................................''''_______,,_______''''................................................",
        "................................................''''_______,,_______''''................................................",
        "................................................''''________________''''................................................",
        "................................................''''_______,,_______''''................................................",
        "................................................''''_______,,_______''''................................................",
        "................................................''''_______,,_______''''................................................",
        "................................................''''________________''''................................................",
        "................................................''''_______,,_______''''................................................",
        "................................................''''_______,,_______''''................................................",
        "................................................''''_______,,_______''''................................................",
        "................................................''''________________''''................................................",
        "................................................''''_______,,_______''''................................................",
        "................................................''''_______,,_______''''................................................",
        "................................................''''_______,,_______''''................................................",
        "................................................''''________________''''................................................",
        "................................................''''_______,,_______''''................................................",
        "................................................''''_______,,_______''''................................................",
        "................................................''''_______,,_______''''................................................",
        "................................................''''________________''''................................................",
        "................................................''''_______,,_______''''................................................",
        "................................................''''_______,,_______''''................................................",
        "................................................''''_______,,_______''''................................................"
      ],
      "palettes": [ "rc_grounds" ]
    }
  },
  {
    "type": "mapgen",
    "method": "json",
    "om_terrain": [ [ "refctr_S1e", "refctr_S2e", "refctr_S3e", "refctr_S4e", "refctr_S5e" ] ],
    "weight": 100,
    "object": {
      "fill_ter": "t_grass",
      "rows": [
        "................................................''''________________''''................................................",
        "................................................''''_______,,_______''''................................................",
        "................................................''''_______,,_______''''................................................",
        "................................................''''_______,,_______''''................................................",
        "................................................''''________________''''................................................",
        "................................................''''_______,,_______''''................................................",
        "................................................''''_______,,_______''''................................................",
        "................................................''''_______,,_______''''................................................",
        "................................................''''________________''''................................................",
        "................................................''''_______,,_______''''................................................",
        "................................................''''_______,,_______''''................................................",
        "................................................''''_______,,_______''''................................................",
        "................................................''''________________''''................................................",
        "................................................''''_______,,_______''''................................................",
        "................................................''''_______,,_______''''................................................",
        "................................................''''_______,,_______''''................................................",
        "................................................''''________________''''................................................",
        "||||||||||||||||||||||||||||||||||||............''''_______,,_______''''............||||||||||||||||||||||||||||||||||||",
        "................................................''''_______,,_______''''................................................",
        "................................................''''_______,,_______''''................................................",
        "................................................''''________________''''................................................",
        "................................................''''_______,,_______''''................................................",
        "................................................''''_______,,_______''''................................................",
        "................................................''''_______,,_______''''................................................"
      ],
      "palettes": [ "rc_grounds" ]
    }
  },
  {
    "type": "mapgen",
    "method": "json",
    "om_terrain": [
      [ "refctr_S1a_z2", "refctr_S2a_z2", "refctr_S3a_z2", "refctr_S4a_z2", "refctr_S5a_z2" ],
      [ "refctr_S1b_z2", "refctr_S2b_z2", "refctr_S3b_z2", "refctr_S4b_z2", "refctr_S5b_z2" ],
      [ "refctr_S1c_z2", "refctr_S2c_z2", "refctr_S3c_z2", "refctr_S4c_z2", "refctr_S5c_z2" ],
      [ "refctr_S1d_z2", "refctr_S2d_z2", "refctr_S3d_z2", "refctr_S4d_z2", "refctr_S5d_z2" ],
      [ "refctr_S1e_z2", "refctr_S2e_z2", "refctr_S3e_z2", "refctr_S4e_z2", "refctr_S5e_z2" ]
    ],
    "weight": 100,
    "object": { "fill_ter": "t_open_air" }
  },
  {
    "type": "mapgen",
    "method": "json",
    "om_terrain": [
      [ "refctr_S1a_z1", "refctr_S2a_z1", "refctr_S3a_z1", "refctr_S4a_z1", "refctr_S5a_z1" ],
      [ "refctr_S1b_z1", "refctr_S2b_z1", "refctr_S3b_z1", "refctr_S4b_z1", "refctr_S5b_z1" ],
      [ "refctr_S1c_z1", "refctr_S2c_z1", "refctr_S3c_z1", "refctr_S4c_z1", "refctr_S5c_z1" ],
      [ "refctr_S1d_z1", "refctr_S2d_z1", "refctr_S3d_z1", "refctr_S4d_z1", "refctr_S5d_z1" ],
      [ "refctr_S1e_z1", "refctr_S2e_z1", "refctr_S3e_z1", "refctr_S4e_z1", "refctr_S5e_z1" ]
    ],
    "weight": 100,
    "object": { "fill_ter": "t_open_air" }
  },
  {
    "type": "mapgen",
    "method": "json",
    "om_terrain": [
      [ "refctr_S1a_z-1", "refctr_S2a_z-1", "refctr_S3a_z-1", "refctr_S4a_z-1", "refctr_S5a_z-1" ],
      [ "refctr_S1b_z-1", "refctr_S2b_z-1", "refctr_S3b_z-1", "refctr_S4b_z-1", "refctr_S5b_z-1" ],
      [ "refctr_S1c_z-1", "refctr_S2c_z-1", "refctr_S3c_z-1", "refctr_S4c_z-1", "refctr_S5c_z-1" ],
      [ "refctr_S1d_z-1", "refctr_S2d_z-1", "refctr_S3d_z-1", "refctr_S4d_z-1", "refctr_S5d_z-1" ],
      [ "refctr_S1e_z-1", "refctr_S2e_z-1", "refctr_S3e_z-1", "refctr_S4e_z-1", "refctr_S5e_z-1" ]
    ],
    "weight": 100,
    "object": { "fill_ter": "t_rock" }
  },
  {
    "type": "mapgen",
    "method": "json",
    "om_terrain": [
      [ "refctr_S1a_z-2", "refctr_S2a_z-2", "refctr_S3a_z-2", "refctr_S4a_z-2", "refctr_S5a_z-2" ],
      [ "refctr_S1b_z-2", "refctr_S2b_z-2", "refctr_S3b_z-2", "refctr_S4b_z-2", "refctr_S5b_z-2" ],
      [ "refctr_S1c_z-2", "refctr_S2c_z-2", "refctr_S3c_z-2", "refctr_S4c_z-2", "refctr_S5c_z-2" ],
      [ "refctr_S1d_z-2", "refctr_S2d_z-2", "refctr_S3d_z-2", "refctr_S4d_z-2", "refctr_S5d_z-2" ],
      [ "refctr_S1e_z-2", "refctr_S2e_z-2", "refctr_S3e_z-2", "refctr_S4e_z-2", "refctr_S5e_z-2" ]
    ],
    "weight": 100,
    "object": { "fill_ter": "t_rock" }
  },
  {
    "type": "mapgen",
    "method": "json",
    "om_terrain": [
      [ "refctr_S1a_z-3", "refctr_S2a_z-3", "refctr_S3a_z-3", "refctr_S4a_z-3", "refctr_S5a_z-3" ],
      [ "refctr_S1b_z-3", "refctr_S2b_z-3", "refctr_S3b_z-3", "refctr_S4b_z-3", "refctr_S5b_z-3" ],
      [ "refctr_S1c_z-3", "refctr_S2c_z-3", "refctr_S3c_z-3", "refctr_S4c_z-3", "refctr_S5c_z-3" ],
      [ "refctr_S1d_z-3", "refctr_S2d_z-3", "refctr_S3d_z-3", "refctr_S4d_z-3", "refctr_S5d_z-3" ],
      [ "refctr_S1e_z-3", "refctr_S2e_z-3", "refctr_S3e_z-3", "refctr_S4e_z-3", "refctr_S5e_z-3" ]
    ],
    "weight": 100,
    "object": { "fill_ter": "t_rock" }
  },
  {
    "type": "mapgen",
    "method": "json",
    "om_terrain": [
      [ "refctr_S1a_z-4", "refctr_S2a_z-4", "refctr_S3a_z-4", "refctr_S4a_z-4", "refctr_S5a_z-4" ],
      [ "refctr_S1b_z-4", "refctr_S2b_z-4", "refctr_S3b_z-4", "refctr_S4b_z-4", "refctr_S5b_z-4" ],
      [ "refctr_S1c_z-4", "refctr_S2c_z-4", "refctr_S3c_z-4", "refctr_S4c_z-4", "refctr_S5c_z-4" ],
      [ "refctr_S1d_z-4", "refctr_S2d_z-4", "refctr_S3d_z-4", "refctr_S4d_z-4", "refctr_S5d_z-4" ],
      [ "refctr_S1e_z-4", "refctr_S2e_z-4", "refctr_S3e_z-4", "refctr_S4e_z-4", "refctr_S5e_z-4" ]
    ],
    "weight": 100,
    "object": { "fill_ter": "t_rock" }
  }
]
