[
  {
    "type": "mapgen",
    "method": "json",
    "om_terrain": [ [ "refctr_W1a", "refctr_W2a", "refctr_W3a", "refctr_W4a", "refctr_W5a" ] ],
    "weight": 100,
    "object": {
      "fill_ter": "t_grass",
      "rows": [
        ".|......................................................................................................................",
        ".|......................................................................................................................",
        ".|......................................................................................................................",
        ".|......................................................................................................................",
        ".|......................................................................................................................",
        ".|......................................................................................................................",
        ".|......................................................................................................................",
        ".|......................................................................................................................",
        ".|......................................................................................................................",
        ".|......................................................................................................................",
        ".|......................................................................................................................",
        ".|......................................................................................................................",
        ".|......................................................................................................................",
        ".|......................................................................................................................",
        ".|......................................................................................................................",
        ".|......................................................................................................................",
        ".|......................................................................................................................",
        ".|......................................................................................................................",
        ".|......................................................................................................................",
        ".|......................................................................................................................",
        ".|......................................................................................................................",
        ".|......................................................................................................................",
        ".|......................................................................................................................",
        ".|......................................................................................................................"
      ],
      "palettes": [ "rc_grounds" ]
    }
  },
  {
    "type": "mapgen",
    "method": "json",
    "om_terrain": [ [ "refctr_W1b", "refctr_W2b", "refctr_W3b", "refctr_W4b", "refctr_W5b" ] ],
    "weight": 100,
    "object": {
      "fill_ter": "t_grass",
      "rows": [
        ".|......................................................................................................................",
        ".|......................................................................................................................",
        ".|......................................................................................................................",
        ".|......................................................................................................................",
        ".|......................................................................................................................",
        ".|......................................................................................................................",
        ".|......................................................................................................................",
        ".|......................................................................................................................",
        ".|......................................................................................................................",
        ".|......................................................................................................................",
        ".|......................................................................................................................",
        ".|......................................................................................................................",
        ".|......................................................................................................................",
        ".|......................................................................................................................",
        ".|......................................................................................................................",
        ".|......................................................................................................................",
        ".|......................................................................................................................",
        ".|......................................................................................................................",
        ".|......................................................................................................................",
        ".|......................................................................................................................",
        ".|......................................................................................................................",
        ".|......................................................................................................................",
        ".|......................................................................................................................",
        ".|......................................................................................................................"
      ],
      "palettes": [ "rc_grounds" ]
    }
  },
  {
    "type": "mapgen",
    "method": "json",
    "om_terrain": [ [ "refctr_W1c", "refctr_W2c", "refctr_W3c", "refctr_W4c", "refctr_W5c" ] ],
    "weight": 100,
    "object": {
      "fill_ter": "t_grass",
      "rows": [
        ".|......................................................................................................................",
        ".|......................................................................................................................",
        ".|......................................................................................................................",
        ".|......................................................................................................................",
        ".|......................................................................................................................",
        ".|......................................................................................................................",
        ".|......................................................................................................................",
        ".|......................................................................................................................",
        ".|......................................................................................................................",
        ".|......................................................................................................................",
        ".|......................................................................................................................",
        ".|......................................................................................................................",
        ".|......................................................................................................................",
        ".|......................................................................................................................",
        ".|......................................................................................................................",
        ".|......................................................................................................................",
        ".|......................................................................................................................",
        ".|......................................................................................................................",
        ".|......................................................................................................................",
        ".|......................................................................................................................",
        ".|......................................................................................................................",
        ".|......................................................................................................................",
        ".|......................................................................................................................",
        ".|......................................................................................................................"
      ],
      "palettes": [ "rc_grounds" ]
    }
  },
  {
    "type": "mapgen",
    "method": "json",
    "om_terrain": [ [ "refctr_W1d", "refctr_W2d", "refctr_W3d", "refctr_W4d", "refctr_W5d" ] ],
    "weight": 100,
    "object": {
      "fill_ter": "t_grass",
      "rows": [
        ".|......................................................................................................................",
        ".|......................................................................................................................",
        ".|......................................................................................................................",
        ".|......................................................................................................................",
        ".|......................................................................................................................",
        ".|......................................................................................................................",
        ".|......................................................................................................................",
        ".|......................................................................................................................",
        ".|......................................................................................................................",
        ".|......................................................................................................................",
        ".|......................................................................................................................",
        ".|......................................................................................................................",
        ".|......................................................................................................................",
        ".|......................................................................................................................",
        ".|......................................................................................................................",
        ".|......................................................................................................................",
        ".|......................................................................................................................",
        ".|......................................................................................................................",
        ".|......................................................................................................................",
        ".|......................................................................................................................",
        ".|......................................................................................................................",
        ".|......................................................................................................................",
        ".|......................................................................................................................",
        ".|......................................................................................................................"
      ],
      "palettes": [ "rc_grounds" ]
    }
  },
  {
    "type": "mapgen",
    "method": "json",
    "om_terrain": [ [ "refctr_W1e", "refctr_W2e", "refctr_W3e", "refctr_W4e", "refctr_W5e" ] ],
    "weight": 100,
    "object": {
      "fill_ter": "t_grass",
      "rows": [
        ".|......................................................................................................................",
        ".|......................................................................................................................",
        ".|......................................................................................................................",
        ".|......................................................................................................................",
        ".|......................................................................................................................",
        ".|......................................................................................................................",
        ".|......................................................................................................................",
        ".|......................................................................................................................",
        ".|......................................................................................................................",
        ".|......................................................................................................................",
        ".|......................................................................................................................",
        ".|......................................................................................................................",
        ".|......................................................................................................................",
        ".|......................................................................................................................",
        ".|......................................................................................................................",
        ".|......................................................................................................................",
        ".|......................................................................................................................",
        ".|......................................................................................................................",
        ".|......................................................................................................................",
        ".|......................................................................................................................",
        ".|......................................................................................................................",
        ".|......................................................................................................................",
        ".|......................................................................................................................",
        ".|......................................................................................................................"
      ],
      "palettes": [ "rc_grounds" ]
    }
  },
  {
    "type": "mapgen",
    "method": "json",
    "om_terrain": [
      [ "refctr_W1a_z2", "refctr_W2a_z2", "refctr_W3a_z2", "refctr_W4a_z2", "refctr_W5a_z2" ],
      [ "refctr_W1b_z2", "refctr_W2b_z2", "refctr_W3b_z2", "refctr_W4b_z2", "refctr_W5b_z2" ],
      [ "refctr_W1c_z2", "refctr_W2c_z2", "refctr_W3c_z2", "refctr_W4c_z2", "refctr_W5c_z2" ],
      [ "refctr_W1d_z2", "refctr_W2d_z2", "refctr_W3d_z2", "refctr_W4d_z2", "refctr_W5d_z2" ],
      [ "refctr_W1e_z2", "refctr_W2e_z2", "refctr_W3e_z2", "refctr_W4e_z2", "refctr_W5e_z2" ]
    ],
    "weight": 100,
    "object": { "fill_ter": "t_open_air" }
  },
  {
    "type": "mapgen",
    "method": "json",
    "om_terrain": [
      [ "refctr_W1a_z1", "refctr_W2a_z1", "refctr_W3a_z1", "refctr_W4a_z1", "refctr_W5a_z1" ],
      [ "refctr_W1b_z1", "refctr_W2b_z1", "refctr_W3b_z1", "refctr_W4b_z1", "refctr_W5b_z1" ],
      [ "refctr_W1c_z1", "refctr_W2c_z1", "refctr_W3c_z1", "refctr_W4c_z1", "refctr_W5c_z1" ],
      [ "refctr_W1d_z1", "refctr_W2d_z1", "refctr_W3d_z1", "refctr_W4d_z1", "refctr_W5d_z1" ],
      [ "refctr_W1e_z1", "refctr_W2e_z1", "refctr_W3e_z1", "refctr_W4e_z1", "refctr_W5e_z1" ]
    ],
    "weight": 100,
    "object": { "fill_ter": "t_open_air" }
  },
  {
    "type": "mapgen",
    "method": "json",
    "om_terrain": [
      [ "refctr_W1a_z-1", "refctr_W2a_z-1", "refctr_W3a_z-1", "refctr_W4a_z-1", "refctr_W5a_z-1" ],
      [ "refctr_W1b_z-1", "refctr_W2b_z-1", "refctr_W3b_z-1", "refctr_W4b_z-1", "refctr_W5b_z-1" ],
      [ "refctr_W1c_z-1", "refctr_W2c_z-1", "refctr_W3c_z-1", "refctr_W4c_z-1", "refctr_W5c_z-1" ],
      [ "refctr_W1d_z-1", "refctr_W2d_z-1", "refctr_W3d_z-1", "refctr_W4d_z-1", "refctr_W5d_z-1" ],
      [ "refctr_W1e_z-1", "refctr_W2e_z-1", "refctr_W3e_z-1", "refctr_W4e_z-1", "refctr_W5e_z-1" ]
    ],
    "weight": 100,
    "object": { "fill_ter": "t_rock" }
  },
  {
    "type": "mapgen",
    "method": "json",
    "om_terrain": [
      [ "refctr_W1a_z-2", "refctr_W2a_z-2", "refctr_W3a_z-2", "refctr_W4a_z-2", "refctr_W5a_z-2" ],
      [ "refctr_W1b_z-2", "refctr_W2b_z-2", "refctr_W3b_z-2", "refctr_W4b_z-2", "refctr_W5b_z-2" ],
      [ "refctr_W1c_z-2", "refctr_W2c_z-2", "refctr_W3c_z-2", "refctr_W4c_z-2", "refctr_W5c_z-2" ],
      [ "refctr_W1d_z-2", "refctr_W2d_z-2", "refctr_W3d_z-2", "refctr_W4d_z-2", "refctr_W5d_z-2" ],
      [ "refctr_W1e_z-2", "refctr_W2e_z-2", "refctr_W3e_z-2", "refctr_W4e_z-2", "refctr_W5e_z-2" ]
    ],
    "weight": 100,
    "object": { "fill_ter": "t_rock" }
  },
  {
    "type": "mapgen",
    "method": "json",
    "om_terrain": [
      [ "refctr_W1a_z-3", "refctr_W2a_z-3", "refctr_W3a_z-3", "refctr_W4a_z-3", "refctr_W5a_z-3" ],
      [ "refctr_W1b_z-3", "refctr_W2b_z-3", "refctr_W3b_z-3", "refctr_W4b_z-3", "refctr_W5b_z-3" ],
      [ "refctr_W1c_z-3", "refctr_W2c_z-3", "refctr_W3c_z-3", "refctr_W4c_z-3", "refctr_W5c_z-3" ],
      [ "refctr_W1d_z-3", "refctr_W2d_z-3", "refctr_W3d_z-3", "refctr_W4d_z-3", "refctr_W5d_z-3" ],
      [ "refctr_W1e_z-3", "refctr_W2e_z-3", "refctr_W3e_z-3", "refctr_W4e_z-3", "refctr_W5e_z-3" ]
    ],
    "weight": 100,
    "object": { "fill_ter": "t_rock" }
  },
  {
    "type": "mapgen",
    "method": "json",
    "om_terrain": [
      [ "refctr_W1a_z-4", "refctr_W2a_z-4", "refctr_W3a_z-4", "refctr_W4a_z-4", "refctr_W5a_z-4" ],
      [ "refctr_W1b_z-4", "refctr_W2b_z-4", "refctr_W3b_z-4", "refctr_W4b_z-4", "refctr_W5b_z-4" ],
      [ "refctr_W1c_z-4", "refctr_W2c_z-4", "refctr_W3c_z-4", "refctr_W4c_z-4", "refctr_W5c_z-4" ],
      [ "refctr_W1d_z-4", "refctr_W2d_z-4", "refctr_W3d_z-4", "refctr_W4d_z-4", "refctr_W5d_z-4" ],
      [ "refctr_W1e_z-4", "refctr_W2e_z-4", "refctr_W3e_z-4", "refctr_W4e_z-4", "refctr_W5e_z-4" ]
    ],
    "weight": 100,
    "object": { "fill_ter": "t_rock" }
  }
]
