[
  {
    "type": "mapgen",
    "method": "json",
    "om_terrain": [ [ "refctr_NE1a", "refctr_NE2a", "refctr_NE3a", "refctr_NE4a", "refctr_NE5a" ] ],
    "weight": 100,
    "object": {
      "fill_ter": "t_grass",
      "rows": [
        "........................................................................................................................",
        "|||||||||||||||||||||||||||||||||||||||||||||||||||||||||||||||||||||||||||||||||||||||||||||||||||||||||||||||||||||||.",
        "......................................................................................................................|.",
        "......................................................................................................................|.",
        "......................................................................................................................|.",
        "......................................................................................................................|.",
        "......................................................................................................................|.",
        "......................................................................................................................|.",
        "......................................................................................................................|.",
        "......................................................................................................................|.",
        "......................................................................................................................|.",
        "......................................................................................................................|.",
        "......................................................................................................................|.",
        "......................................................................................................................|.",
        "......................................................................................................................|.",
        "......................................................................................................................|.",
        "......................................................................................................................|.",
        "......................................................................................................................|.",
        "......................................................................................................................|.",
        "......................................................................................................................|.",
        "......................................................................................................................|.",
        "......................................................................................................................|.",
        "......................................................................................................................|.",
        "......................................................................................................................|."
      ],
      "palettes": [ "rc_grounds" ]
    }
  },
  {
    "type": "mapgen",
    "method": "json",
    "om_terrain": [ [ "refctr_NE1b", "refctr_NE2b", "refctr_NE3b", "refctr_NE4b", "refctr_NE5b" ] ],
    "weight": 100,
    "object": {
      "fill_ter": "t_grass",
      "rows": [
        "......................................................................................................................|.",
        "......................................................................................................................|.",
        "......................................................................................................................|.",
        "......................................................................................................................|.",
        "......................................................................................................................|.",
        "......................................................................................................................|.",
        "......................................................................................................................|.",
        "......................................................................................................................|.",
        "......................................................................................................................|.",
        "......................................................................................................................|.",
        "......................................................................................................................|.",
        "......................................................................................................................|.",
        "......................................................................................................................|.",
        "......................................................................................................................|.",
        "......................................................................................................................|.",
        "......................................................................................................................|.",
        "......................................................................................................................|.",
        "......................................................................................................................|.",
        "......................................................................................................................|.",
        "......................................................................................................................|.",
        "......................................................................................................................|.",
        "......................................................................................................................|.",
        "......................................................................................................................|.",
        "......................................................................................................................|."
      ],
      "palettes": [ "rc_grounds" ]
    }
  },
  {
    "type": "mapgen",
    "method": "json",
    "om_terrain": [ [ "refctr_NE1c", "refctr_NE2c", "refctr_NE3c", "refctr_NE4c", "refctr_NE5c" ] ],
    "weight": 100,
    "object": {
      "fill_ter": "t_grass",
      "rows": [
        "......................................................................................................................|.",
        "......................................................................................................................|.",
        "......................................................................................................................|.",
        "......................................................................................................................|.",
        "......................................................................................................................|.",
        "......................................................................................................................|.",
        "......................................................................................................................|.",
        "......................................................................................................................|.",
        "......................................................................................................................|.",
        "......................................................................................................................|.",
        "......................................................................................................................|.",
        "......................................................................................................................|.",
        "......................................................................................................................|.",
        "......................................................................................................................|.",
        "......................................................................................................................|.",
        "......................................................................................................................|.",
        "......................................................................................................................|.",
        "......................................................................................................................|.",
        "......................................................................................................................|.",
        "......................................................................................................................|.",
        "......................................................................................................................|.",
        "......................................................................................................................|.",
        "......................................................................................................................|.",
        "......................................................................................................................|."
      ],
      "palettes": [ "rc_grounds" ]
    }
  },
  {
    "type": "mapgen",
    "method": "json",
    "om_terrain": [ [ "refctr_NE1d", "refctr_NE2d", "refctr_NE3d", "refctr_NE4d", "refctr_NE5d" ] ],
    "weight": 100,
    "object": {
      "fill_ter": "t_grass",
      "rows": [
        "......................................................................................................................|.",
        "......................................................................................................................|.",
        "......................................................................................................................|.",
        "......................................................................................................................|.",
        "......................................................................................................................|.",
        "......................................................................................................................|.",
        "......................................................................................................................|.",
        "......................................................................................................................|.",
        "......................................................................................................................|.",
        "......................................................................................................................|.",
        "......................................................................................................................|.",
        "......................................................................................................................|.",
        "......................................................................................................................|.",
        "......................................................................................................................|.",
        "......................................................................................................................|.",
        "......................................................................................................................|.",
        "......................................................................................................................|.",
        "......................................................................................................................|.",
        "......................................................................................................................|.",
        "......................................................................................................................|.",
        "......................................................................................................................|.",
        "......................................................................................................................|.",
        "......................................................................................................................|.",
        "......................................................................................................................|."
      ],
      "palettes": [ "rc_grounds" ]
    }
  },
  {
    "type": "mapgen",
    "method": "json",
    "om_terrain": [ [ "refctr_NE1e", "refctr_NE2e", "refctr_NE3e", "refctr_NE4e", "refctr_NE5e" ] ],
    "weight": 100,
    "object": {
      "fill_ter": "t_grass",
      "rows": [
        "......................................................................................................................|.",
        "......................................................................................................................|.",
        "......................................................................................................................|.",
        "......................................................................................................................|.",
        "......................................................................................................................|.",
        "......................................................................................................................|.",
        "......................................................................................................................|.",
        "......................................................................................................................|.",
        "......................................................................................................................|.",
        "......................................................................................................................|.",
        "......................................................................................................................|.",
        "......................................................................................................................|.",
        "......................................................................................................................|.",
        "......................................................................................................................|.",
        "......................................................................................................................|.",
        "......................................................................................................................|.",
        "......................................................................................................................|.",
        "......................................................................................................................|.",
        "......................................................................................................................|.",
        "......................................................................................................................|.",
        "......................................................................................................................|.",
        "......................................................................................................................|.",
        "......................................................................................................................|.",
        "......................................................................................................................|."
      ],
      "palettes": [ "rc_grounds" ]
    }
  },
  {
    "type": "mapgen",
    "method": "json",
    "om_terrain": [
      [ "refctr_NE1a_z2", "refctr_NE2a_z2", "refctr_NE3a_z2", "refctr_NE4a_z2", "refctr_NE5a_z2" ],
      [ "refctr_NE1b_z2", "refctr_NE2b_z2", "refctr_NE3b_z2", "refctr_NE4b_z2", "refctr_NE5b_z2" ],
      [ "refctr_NE1c_z2", "refctr_NE2c_z2", "refctr_NE3c_z2", "refctr_NE4c_z2", "refctr_NE5c_z2" ],
      [ "refctr_NE1d_z2", "refctr_NE2d_z2", "refctr_NE3d_z2", "refctr_NE4d_z2", "refctr_NE5d_z2" ],
      [ "refctr_NE1e_z2", "refctr_NE2e_z2", "refctr_NE3e_z2", "refctr_NE4e_z2", "refctr_NE5e_z2" ]
    ],
    "weight": 100,
    "object": { "fill_ter": "t_open_air" }
  },
  {
    "type": "mapgen",
    "method": "json",
    "om_terrain": [
      [ "refctr_NE1a_z1", "refctr_NE2a_z1", "refctr_NE3a_z1", "refctr_NE4a_z1", "refctr_NE5a_z1" ],
      [ "refctr_NE1b_z1", "refctr_NE2b_z1", "refctr_NE3b_z1", "refctr_NE4b_z1", "refctr_NE5b_z1" ],
      [ "refctr_NE1c_z1", "refctr_NE2c_z1", "refctr_NE3c_z1", "refctr_NE4c_z1", "refctr_NE5c_z1" ],
      [ "refctr_NE1d_z1", "refctr_NE2d_z1", "refctr_NE3d_z1", "refctr_NE4d_z1", "refctr_NE5d_z1" ],
      [ "refctr_NE1e_z1", "refctr_NE2e_z1", "refctr_NE3e_z1", "refctr_NE4e_z1", "refctr_NE5e_z1" ]
    ],
    "weight": 100,
    "object": { "fill_ter": "t_open_air" }
  },
  {
    "type": "mapgen",
    "method": "json",
    "om_terrain": [
      [ "refctr_NE1a_z-1", "refctr_NE2a_z-1", "refctr_NE3a_z-1", "refctr_NE4a_z-1", "refctr_NE5a_z-1" ],
      [ "refctr_NE1b_z-1", "refctr_NE2b_z-1", "refctr_NE3b_z-1", "refctr_NE4b_z-1", "refctr_NE5b_z-1" ],
      [ "refctr_NE1c_z-1", "refctr_NE2c_z-1", "refctr_NE3c_z-1", "refctr_NE4c_z-1", "refctr_NE5c_z-1" ],
      [ "refctr_NE1d_z-1", "refctr_NE2d_z-1", "refctr_NE3d_z-1", "refctr_NE4d_z-1", "refctr_NE5d_z-1" ],
      [ "refctr_NE1e_z-1", "refctr_NE2e_z-1", "refctr_NE3e_z-1", "refctr_NE4e_z-1", "refctr_NE5e_z-1" ]
    ],
    "weight": 100,
    "object": { "fill_ter": "t_rock" }
  },
  {
    "type": "mapgen",
    "method": "json",
    "om_terrain": [
      [ "refctr_NE1a_z-2", "refctr_NE2a_z-2", "refctr_NE3a_z-2", "refctr_NE4a_z-2", "refctr_NE5a_z-2" ],
      [ "refctr_NE1b_z-2", "refctr_NE2b_z-2", "refctr_NE3b_z-2", "refctr_NE4b_z-2", "refctr_NE5b_z-2" ],
      [ "refctr_NE1c_z-2", "refctr_NE2c_z-2", "refctr_NE3c_z-2", "refctr_NE4c_z-2", "refctr_NE5c_z-2" ],
      [ "refctr_NE1d_z-2", "refctr_NE2d_z-2", "refctr_NE3d_z-2", "refctr_NE4d_z-2", "refctr_NE5d_z-2" ],
      [ "refctr_NE1e_z-2", "refctr_NE2e_z-2", "refctr_NE3e_z-2", "refctr_NE4e_z-2", "refctr_NE5e_z-2" ]
    ],
    "weight": 100,
    "object": { "fill_ter": "t_rock" }
  },
  {
    "type": "mapgen",
    "method": "json",
    "om_terrain": [
      [ "refctr_NE1a_z-3", "refctr_NE2a_z-3", "refctr_NE3a_z-3", "refctr_NE4a_z-3", "refctr_NE5a_z-3" ],
      [ "refctr_NE1b_z-3", "refctr_NE2b_z-3", "refctr_NE3b_z-3", "refctr_NE4b_z-3", "refctr_NE5b_z-3" ],
      [ "refctr_NE1c_z-3", "refctr_NE2c_z-3", "refctr_NE3c_z-3", "refctr_NE4c_z-3", "refctr_NE5c_z-3" ],
      [ "refctr_NE1d_z-3", "refctr_NE2d_z-3", "refctr_NE3d_z-3", "refctr_NE4d_z-3", "refctr_NE5d_z-3" ],
      [ "refctr_NE1e_z-3", "refctr_NE2e_z-3", "refctr_NE3e_z-3", "refctr_NE4e_z-3", "refctr_NE5e_z-3" ]
    ],
    "weight": 100,
    "object": { "fill_ter": "t_rock" }
  },
  {
    "type": "mapgen",
    "method": "json",
    "om_terrain": [
      [ "refctr_NE1a_z-4", "refctr_NE2a_z-4", "refctr_NE3a_z-4", "refctr_NE4a_z-4", "refctr_NE5a_z-4" ],
      [ "refctr_NE1b_z-4", "refctr_NE2b_z-4", "refctr_NE3b_z-4", "refctr_NE4b_z-4", "refctr_NE5b_z-4" ],
      [ "refctr_NE1c_z-4", "refctr_NE2c_z-4", "refctr_NE3c_z-4", "refctr_NE4c_z-4", "refctr_NE5c_z-4" ],
      [ "refctr_NE1d_z-4", "refctr_NE2d_z-4", "refctr_NE3d_z-4", "refctr_NE4d_z-4", "refctr_NE5d_z-4" ],
      [ "refctr_NE1e_z-4", "refctr_NE2e_z-4", "refctr_NE3e_z-4", "refctr_NE4e_z-4", "refctr_NE5e_z-4" ]
    ],
    "weight": 100,
    "object": { "fill_ter": "t_rock" }
  }
]
