[
  {
    "type": "mapgen",
    "method": "json",
    "om_terrain": [ [ "refctr_NW1a", "refctr_NW2a", "refctr_NW3a", "refctr_NW4a", "refctr_NW5a" ] ],
    "weight": 100,
    "object": {
      "fill_ter": "t_grass",
      "rows": [
        "........................................................................................................................",
        ".|||||||||||||||||||||||||||||||||||||||||||||||||||||||||||||||||||||||||||||||||||||||||||||||||||||||||||||||||||||||",
        ".|......................................................................................................................",
        ".|......................................................................................................................",
        ".|......................................................................................................................",
        ".|......................................................................................................................",
        ".|......................................................................................................................",
        ".|......................................................................................................................",
        ".|......................................................................................................................",
        ".|......................................................................................................................",
        ".|......................................................................................................................",
        ".|......................................................................................................................",
        ".|......................................................................................................................",
        ".|......................................................................................................................",
        ".|......................................................................................................................",
        ".|......................................................................................................................",
        ".|......................................................................................................................",
        ".|......................................................................................................................",
        ".|......................................................................................................................",
        ".|......................................................................................................................",
        ".|......................................................................................................................",
        ".|......................................................................................................................",
        ".|......................................................................................................................",
        ".|......................................................................................................................"
      ],
      "palettes": [ "rc_grounds" ]
    }
  },
  {
    "type": "mapgen",
    "method": "json",
    "om_terrain": [ [ "refctr_NW1b", "refctr_NW2b", "refctr_NW3b", "refctr_NW4b", "refctr_NW5b" ] ],
    "weight": 100,
    "object": {
      "fill_ter": "t_grass",
      "rows": [
        ".|......................................................................................................................",
        ".|......................................................................................................................",
        ".|......................................................................................................................",
        ".|......................................................................................................................",
        ".|......................................................................................................................",
        ".|......................................................................................................................",
        ".|......................................................................................................................",
        ".|......................................................................................................................",
        ".|......................................................................................................................",
        ".|......................................................................................................................",
        ".|......................................................................................................................",
        ".|......................................................................................................................",
        ".|......................................................................................................................",
        ".|......................................................................................................................",
        ".|......................................................................................................................",
        ".|......................................................................................................................",
        ".|......................................................................................................................",
        ".|......................................................................................................................",
        ".|......................................................................................................................",
        ".|......................................................................................................................",
        ".|......................................................................................................................",
        ".|......................................................................................................................",
        ".|......................................................................................................................",
        ".|......................................................................................................................"
      ],
      "palettes": [ "rc_grounds" ]
    }
  },
  {
    "type": "mapgen",
    "method": "json",
    "om_terrain": [ [ "refctr_NW1c", "refctr_NW2c", "refctr_NW3c", "refctr_NW4c", "refctr_NW5c" ] ],
    "weight": 100,
    "object": {
      "fill_ter": "t_grass",
      "rows": [
        ".|......................................................................................................................",
        ".|......................................................................................................................",
        ".|......................................................................................................................",
        ".|......................................................................................................................",
        ".|......................................................................................................................",
        ".|......................................................................................................................",
        ".|......................................................................................................................",
        ".|......................................................................................................................",
        ".|......................................................................................................................",
        ".|......................................................................................................................",
        ".|......................................................................................................................",
        ".|......................................................................................................................",
        ".|......................................................................................................................",
        ".|......................................................................................................................",
        ".|......................................................................................................................",
        ".|......................................................................................................................",
        ".|......................................................................................................................",
        ".|......................................................................................................................",
        ".|......................................................................................................................",
        ".|......................................................................................................................",
        ".|......................................................................................................................",
        ".|......................................................................................................................",
        ".|......................................................................................................................",
        ".|......................................................................................................................"
      ],
      "palettes": [ "rc_grounds" ]
    }
  },
  {
    "type": "mapgen",
    "method": "json",
    "om_terrain": [ [ "refctr_NW1d", "refctr_NW2d", "refctr_NW3d", "refctr_NW4d", "refctr_NW5d" ] ],
    "weight": 100,
    "object": {
      "fill_ter": "t_grass",
      "rows": [
        ".|......................................................................................................................",
        ".|......................................................................................................................",
        ".|......................................................................................................................",
        ".|......................................................................................................................",
        ".|......................................................................................................................",
        ".|......................................................................................................................",
        ".|......................................................................................................................",
        ".|......................................................................................................................",
        ".|......................................................................................................................",
        ".|......................................................................................................................",
        ".|......................................................................................................................",
        ".|......................................................................................................................",
        ".|......................................................................................................................",
        ".|......................................................................................................................",
        ".|......................................................................................................................",
        ".|......................................................................................................................",
        ".|......................................................................................................................",
        ".|......................................................................................................................",
        ".|......................................................................................................................",
        ".|......................................................................................................................",
        ".|......................................................................................................................",
        ".|......................................................................................................................",
        ".|......................................................................................................................",
        ".|......................................................................................................................"
      ],
      "palettes": [ "rc_grounds" ]
    }
  },
  {
    "type": "mapgen",
    "method": "json",
    "om_terrain": [ [ "refctr_NW1e", "refctr_NW2e", "refctr_NW3e", "refctr_NW4e", "refctr_NW5e" ] ],
    "weight": 100,
    "object": {
      "fill_ter": "t_grass",
      "rows": [
        ".|......................................................................................................................",
        ".|......................................................................................................................",
        ".|......................................................................................................................",
        ".|......................................................................................................................",
        ".|......................................................................................................................",
        ".|......................................................................................................................",
        ".|......................................................................................................................",
        ".|......................................................................................................................",
        ".|......................................................................................................................",
        ".|......................................................................................................................",
        ".|......................................................................................................................",
        ".|......................................................................................................................",
        ".|......................................................................................................................",
        ".|......................................................................................................................",
        ".|......................................................................................................................",
        ".|......................................................................................................................",
        ".|......................................................................................................................",
        ".|......................................................................................................................",
        ".|......................................................................................................................",
        ".|......................................................................................................................",
        ".|......................................................................................................................",
        ".|......................................................................................................................",
        ".|......................................................................................................................",
        ".|......................................................................................................................"
      ],
      "palettes": [ "rc_grounds" ]
    }
  },
  {
    "type": "mapgen",
    "method": "json",
    "om_terrain": [
      [ "refctr_NW1a_z2", "refctr_NW2a_z2", "refctr_NW3a_z2", "refctr_NW4a_z2", "refctr_NW5a_z2" ],
      [ "refctr_NW1b_z2", "refctr_NW2b_z2", "refctr_NW3b_z2", "refctr_NW4b_z2", "refctr_NW5b_z2" ],
      [ "refctr_NW1c_z2", "refctr_NW2c_z2", "refctr_NW3c_z2", "refctr_NW4c_z2", "refctr_NW5c_z2" ],
      [ "refctr_NW1d_z2", "refctr_NW2d_z2", "refctr_NW3d_z2", "refctr_NW4d_z2", "refctr_NW5d_z2" ],
      [ "refctr_NW1e_z2", "refctr_NW2e_z2", "refctr_NW3e_z2", "refctr_NW4e_z2", "refctr_NW5e_z2" ]
    ],
    "weight": 100,
    "object": { "fill_ter": "t_open_air" }
  },
  {
    "type": "mapgen",
    "method": "json",
    "om_terrain": [
      [ "refctr_NW1a_z1", "refctr_NW2a_z1", "refctr_NW3a_z1", "refctr_NW4a_z1", "refctr_NW5a_z1" ],
      [ "refctr_NW1b_z1", "refctr_NW2b_z1", "refctr_NW3b_z1", "refctr_NW4b_z1", "refctr_NW5b_z1" ],
      [ "refctr_NW1c_z1", "refctr_NW2c_z1", "refctr_NW3c_z1", "refctr_NW4c_z1", "refctr_NW5c_z1" ],
      [ "refctr_NW1d_z1", "refctr_NW2d_z1", "refctr_NW3d_z1", "refctr_NW4d_z1", "refctr_NW5d_z1" ],
      [ "refctr_NW1e_z1", "refctr_NW2e_z1", "refctr_NW3e_z1", "refctr_NW4e_z1", "refctr_NW5e_z1" ]
    ],
    "weight": 100,
    "object": { "fill_ter": "t_open_air" }
  },
  {
    "type": "mapgen",
    "method": "json",
    "om_terrain": [
      [ "refctr_NW1a_z-1", "refctr_NW2a_z-1", "refctr_NW3a_z-1", "refctr_NW4a_z-1", "refctr_NW5a_z-1" ],
      [ "refctr_NW1b_z-1", "refctr_NW2b_z-1", "refctr_NW3b_z-1", "refctr_NW4b_z-1", "refctr_NW5b_z-1" ],
      [ "refctr_NW1c_z-1", "refctr_NW2c_z-1", "refctr_NW3c_z-1", "refctr_NW4c_z-1", "refctr_NW5c_z-1" ],
      [ "refctr_NW1d_z-1", "refctr_NW2d_z-1", "refctr_NW3d_z-1", "refctr_NW4d_z-1", "refctr_NW5d_z-1" ],
      [ "refctr_NW1e_z-1", "refctr_NW2e_z-1", "refctr_NW3e_z-1", "refctr_NW4e_z-1", "refctr_NW5e_z-1" ]
    ],
    "weight": 100,
    "object": { "fill_ter": "t_rock" }
  },
  {
    "type": "mapgen",
    "method": "json",
    "om_terrain": [
      [ "refctr_NW1a_z-2", "refctr_NW2a_z-2", "refctr_NW3a_z-2", "refctr_NW4a_z-2", "refctr_NW5a_z-2" ],
      [ "refctr_NW1b_z-2", "refctr_NW2b_z-2", "refctr_NW3b_z-2", "refctr_NW4b_z-2", "refctr_NW5b_z-2" ],
      [ "refctr_NW1c_z-2", "refctr_NW2c_z-2", "refctr_NW3c_z-2", "refctr_NW4c_z-2", "refctr_NW5c_z-2" ],
      [ "refctr_NW1d_z-2", "refctr_NW2d_z-2", "refctr_NW3d_z-2", "refctr_NW4d_z-2", "refctr_NW5d_z-2" ],
      [ "refctr_NW1e_z-2", "refctr_NW2e_z-2", "refctr_NW3e_z-2", "refctr_NW4e_z-2", "refctr_NW5e_z-2" ]
    ],
    "weight": 100,
    "object": { "fill_ter": "t_rock" }
  },
  {
    "type": "mapgen",
    "method": "json",
    "om_terrain": [
      [ "refctr_NW1a_z-3", "refctr_NW2a_z-3", "refctr_NW3a_z-3", "refctr_NW4a_z-3", "refctr_NW5a_z-3" ],
      [ "refctr_NW1b_z-3", "refctr_NW2b_z-3", "refctr_NW3b_z-3", "refctr_NW4b_z-3", "refctr_NW5b_z-3" ],
      [ "refctr_NW1c_z-3", "refctr_NW2c_z-3", "refctr_NW3c_z-3", "refctr_NW4c_z-3", "refctr_NW5c_z-3" ],
      [ "refctr_NW1d_z-3", "refctr_NW2d_z-3", "refctr_NW3d_z-3", "refctr_NW4d_z-3", "refctr_NW5d_z-3" ],
      [ "refctr_NW1e_z-3", "refctr_NW2e_z-3", "refctr_NW3e_z-3", "refctr_NW4e_z-3", "refctr_NW5e_z-3" ]
    ],
    "weight": 100,
    "object": { "fill_ter": "t_rock" }
  },
  {
    "type": "mapgen",
    "method": "json",
    "om_terrain": [
      [ "refctr_NW1a_z-4", "refctr_NW2a_z-4", "refctr_NW3a_z-4", "refctr_NW4a_z-4", "refctr_NW5a_z-4" ],
      [ "refctr_NW1b_z-4", "refctr_NW2b_z-4", "refctr_NW3b_z-4", "refctr_NW4b_z-4", "refctr_NW5b_z-4" ],
      [ "refctr_NW1c_z-4", "refctr_NW2c_z-4", "refctr_NW3c_z-4", "refctr_NW4c_z-4", "refctr_NW5c_z-4" ],
      [ "refctr_NW1d_z-4", "refctr_NW2d_z-4", "refctr_NW3d_z-4", "refctr_NW4d_z-4", "refctr_NW5d_z-4" ],
      [ "refctr_NW1e_z-4", "refctr_NW2e_z-4", "refctr_NW3e_z-4", "refctr_NW4e_z-4", "refctr_NW5e_z-4" ]
    ],
    "weight": 100,
    "object": { "fill_ter": "t_rock" }
  }
]
