[
  {
    "type": "mapgen",
    "method": "json",
    "om_terrain": [ [ "refctr_N1a", "refctr_N2a", "refctr_N3a", "refctr_N4a", "refctr_N5a" ] ],
    "weight": 100,
    "object": {
      "fill_ter": "t_grass",
      "rows": [
        "........................................................................................................................",
        "||||||||||||||||||||||||||||||||||||||||||||||||||||||||||||||||||||||||||||||||||||||||||||||||||||||||||||||||||||||||",
        "........................................................................................................................",
        "........................................................................................................................",
        "........................................................................................................................",
        "........................................................................................................................",
        "........................................................................................................................",
        "........................................................................................................................",
        "........................................................................................................................",
        "........................................................................................................................",
        "........................................................................................................................",
        "........................................................................................................................",
        "........................................................................................................................",
        "........................................................................................................................",
        "........................................................................................................................",
        "........................................................................................................................",
        "........................................................................................................................",
        "........................................................................................................................",
        "........................................................................................................................",
        "........................................................................................................................",
        "........................................................................................................................",
        "........................................................................................................................",
        "........................................................................................................................",
        "........................................................................................................................"
      ],
      "palettes": [ "rc_grounds" ]
    }
  },
  {
    "type": "mapgen",
    "method": "json",
    "om_terrain": [ [ "refctr_N1b", "refctr_N2b", "refctr_N3b", "refctr_N4b", "refctr_N5b" ] ],
    "weight": 100,
    "object": {
      "fill_ter": "t_grass",
      "rows": [
        "........................................................................................................................",
        "........................................................................................................................",
        "........................................................................................................................",
        "........................................................................................................................",
        "........................................................................................................................",
        "........................................................................................................................",
        "........................................................................................................................",
        "........................................................................................................................",
        "........................................................................................................................",
        "........................................................................................................................",
        "........................................................................................................................",
        "........................................................................................................................",
        "........................................................................................................................",
        "........................................................................................................................",
        "........................................................................................................................",
        "........................................................................................................................",
        "........................................................................................................................",
        "........................................................................................................................",
        "........................................................................................................................",
        "........................................................................................................................",
        "........................................................................................................................",
        "........................................................................................................................",
        "........................................................................................................................",
        "........................................................................................................................"
      ],
      "palettes": [ "rc_grounds" ]
    }
  },
  {
    "type": "mapgen",
    "method": "json",
    "om_terrain": [ [ "refctr_N1c", "refctr_N2c", "refctr_N3c", "refctr_N4c", "refctr_N5c" ] ],
    "weight": 100,
    "object": {
      "fill_ter": "t_grass",
      "rows": [
        "........................................................................................................................",
        "........................................................................................................................",
        "........................................................................................................................",
        "........................................................................................................................",
        "........................................................................................................................",
        "........................................................................................................................",
        "........................................................................................................................",
        "........................................................................................................................",
        "........................................................................................................................",
        "........................................................................................................................",
        "........................................................................................................................",
        "........................................................................................................................",
        "........................................................................................................................",
        "........................................................................................................................",
        "........................................................................................................................",
        "........................................................................................................................",
        "........................................................................................................................",
        "........................................................................................................................",
        "........................................................................................................................",
        "........................................................................................................................",
        "........................................................................................................................",
        "........................................................................................................................",
        "........................................................................................................................",
        "........................................................................................................................"
      ],
      "palettes": [ "rc_grounds" ]
    }
  },
  {
    "type": "mapgen",
    "method": "json",
    "om_terrain": [ [ "refctr_N1d", "refctr_N2d", "refctr_N3d", "refctr_N4d", "refctr_N5d" ] ],
    "weight": 100,
    "object": {
      "fill_ter": "t_grass",
      "rows": [
        "........................................................................................................................",
        "........................................................................................................................",
        "........................................................................................................................",
        "........................................................................................................................",
        "........................................................................................................................",
        "........................................................................................................................",
        "........................................................................................................................",
        "........................................................................................................................",
        "........................................................................................................................",
        "........................................................................................................................",
        "........................................................................................................................",
        "........................................................................................................................",
        "........................................................................................................................",
        "........................................................................................................................",
        "........................................................................................................................",
        "........................................................................................................................",
        "........................................................................................................................",
        "........................................................................................................................",
        "........................................................................................................................",
        "........................................................................................................................",
        "........................................................................................................................",
        "........................................................................................................................",
        "........................................................................................................................",
        "........................................................................................................................"
      ],
      "palettes": [ "rc_grounds" ]
    }
  },
  {
    "type": "mapgen",
    "method": "json",
    "om_terrain": [ [ "refctr_N1e", "refctr_N2e", "refctr_N3e", "refctr_N4e", "refctr_N5e" ] ],
    "weight": 100,
    "object": {
      "fill_ter": "t_grass",
      "rows": [
        "........................................................................................................................",
        "........................................................................................................................",
        "........................................................................................................................",
        "........................................................................................................................",
        "........................................................................................................................",
        "........................................................................................................................",
        "........................................................................................................................",
        "........................................................................................................................",
        "........................................................................................................................",
        "........................................................................................................................",
        "........................................................................................................................",
        "........................................................................................................................",
        "........................................................................................................................",
        "........................................................................................................................",
        "........................................................................................................................",
        "........................................................................................................................",
        "........................................................................................................................",
        "........................................................................................................................",
        "........................................................................................................................",
        "........................................................................................................................",
        "........................................................................................................................",
        "........................................................................................................................",
        "........................................................................................................................",
        "........................................................................................................................"
      ],
      "palettes": [ "rc_grounds" ]
    }
  },
  {
    "type": "mapgen",
    "method": "json",
    "om_terrain": [
      [ "refctr_N1a_z2", "refctr_N2a_z2", "refctr_N3a_z2", "refctr_N4a_z2", "refctr_N5a_z2" ],
      [ "refctr_N1b_z2", "refctr_N2b_z2", "refctr_N3b_z2", "refctr_N4b_z2", "refctr_N5b_z2" ],
      [ "refctr_N1c_z2", "refctr_N2c_z2", "refctr_N3c_z2", "refctr_N4c_z2", "refctr_N5c_z2" ],
      [ "refctr_N1d_z2", "refctr_N2d_z2", "refctr_N3d_z2", "refctr_N4d_z2", "refctr_N5d_z2" ],
      [ "refctr_N1e_z2", "refctr_N2e_z2", "refctr_N3e_z2", "refctr_N4e_z2", "refctr_N5e_z2" ]
    ],
    "weight": 100,
    "object": { "fill_ter": "t_open_air" }
  },
  {
    "type": "mapgen",
    "method": "json",
    "om_terrain": [
      [ "refctr_N1a_z1", "refctr_N2a_z1", "refctr_N3a_z1", "refctr_N4a_z1", "refctr_N5a_z1" ],
      [ "refctr_N1b_z1", "refctr_N2b_z1", "refctr_N3b_z1", "refctr_N4b_z1", "refctr_N5b_z1" ],
      [ "refctr_N1c_z1", "refctr_N2c_z1", "refctr_N3c_z1", "refctr_N4c_z1", "refctr_N5c_z1" ],
      [ "refctr_N1d_z1", "refctr_N2d_z1", "refctr_N3d_z1", "refctr_N4d_z1", "refctr_N5d_z1" ],
      [ "refctr_N1e_z1", "refctr_N2e_z1", "refctr_N3e_z1", "refctr_N4e_z1", "refctr_N5e_z1" ]
    ],
    "weight": 100,
    "object": { "fill_ter": "t_open_air" }
  },
  {
    "type": "mapgen",
    "method": "json",
    "om_terrain": [
      [ "refctr_N1a_z-1", "refctr_N2a_z-1", "refctr_N3a_z-1", "refctr_N4a_z-1", "refctr_N5a_z-1" ],
      [ "refctr_N1b_z-1", "refctr_N2b_z-1", "refctr_N3b_z-1", "refctr_N4b_z-1", "refctr_N5b_z-1" ],
      [ "refctr_N1c_z-1", "refctr_N2c_z-1", "refctr_N3c_z-1", "refctr_N4c_z-1", "refctr_N5c_z-1" ],
      [ "refctr_N1d_z-1", "refctr_N2d_z-1", "refctr_N3d_z-1", "refctr_N4d_z-1", "refctr_N5d_z-1" ],
      [ "refctr_N1e_z-1", "refctr_N2e_z-1", "refctr_N3e_z-1", "refctr_N4e_z-1", "refctr_N5e_z-1" ]
    ],
    "weight": 100,
    "object": { "fill_ter": "t_rock" }
  },
  {
    "type": "mapgen",
    "method": "json",
    "om_terrain": [
      [ "refctr_N1a_z-2", "refctr_N2a_z-2", "refctr_N3a_z-2", "refctr_N4a_z-2", "refctr_N5a_z-2" ],
      [ "refctr_N1b_z-2", "refctr_N2b_z-2", "refctr_N3b_z-2", "refctr_N4b_z-2", "refctr_N5b_z-2" ],
      [ "refctr_N1c_z-2", "refctr_N2c_z-2", "refctr_N3c_z-2", "refctr_N4c_z-2", "refctr_N5c_z-2" ],
      [ "refctr_N1d_z-2", "refctr_N2d_z-2", "refctr_N3d_z-2", "refctr_N4d_z-2", "refctr_N5d_z-2" ],
      [ "refctr_N1e_z-2", "refctr_N2e_z-2", "refctr_N3e_z-2", "refctr_N4e_z-2", "refctr_N5e_z-2" ]
    ],
    "weight": 100,
    "object": { "fill_ter": "t_rock" }
  },
  {
    "type": "mapgen",
    "method": "json",
    "om_terrain": [
      [ "refctr_N1a_z-3", "refctr_N2a_z-3", "refctr_N3a_z-3", "refctr_N4a_z-3", "refctr_N5a_z-3" ],
      [ "refctr_N1b_z-3", "refctr_N2b_z-3", "refctr_N3b_z-3", "refctr_N4b_z-3", "refctr_N5b_z-3" ],
      [ "refctr_N1c_z-3", "refctr_N2c_z-3", "refctr_N3c_z-3", "refctr_N4c_z-3", "refctr_N5c_z-3" ],
      [ "refctr_N1d_z-3", "refctr_N2d_z-3", "refctr_N3d_z-3", "refctr_N4d_z-3", "refctr_N5d_z-3" ],
      [ "refctr_N1e_z-3", "refctr_N2e_z-3", "refctr_N3e_z-3", "refctr_N4e_z-3", "refctr_N5e_z-3" ]
    ],
    "weight": 100,
    "object": { "fill_ter": "t_rock" }
  },
  {
    "type": "mapgen",
    "method": "json",
    "om_terrain": [
      [ "refctr_N1a_z-4", "refctr_N2a_z-4", "refctr_N3a_z-4", "refctr_N4a_z-4", "refctr_N5a_z-4" ],
      [ "refctr_N1b_z-4", "refctr_N2b_z-4", "refctr_N3b_z-4", "refctr_N4b_z-4", "refctr_N5b_z-4" ],
      [ "refctr_N1c_z-4", "refctr_N2c_z-4", "refctr_N3c_z-4", "refctr_N4c_z-4", "refctr_N5c_z-4" ],
      [ "refctr_N1d_z-4", "refctr_N2d_z-4", "refctr_N3d_z-4", "refctr_N4d_z-4", "refctr_N5d_z-4" ],
      [ "refctr_N1e_z-4", "refctr_N2e_z-4", "refctr_N3e_z-4", "refctr_N4e_z-4", "refctr_N5e_z-4" ]
    ],
    "weight": 100,
    "object": { "fill_ter": "t_rock" }
  }
]
