[
  {
    "type": "mapgen",
    "method": "json",
    "om_terrain": [ [ "refctr_SW1a", "refctr_SW2a", "refctr_SW3a", "refctr_SW4a", "refctr_SW5a" ] ],
    "weight": 100,
    "object": {
      "fill_ter": "t_grass",
      "rows": [
        ".|......................................................................................................................",
        ".|......................................................................................................................",
        ".|......................................................................................................................",
        ".|......................................................................................................................",
        ".|......................................................................................................................",
        ".|......................................................................................................................",
        ".|......................................................................................................................",
        ".|......................................................................................................................",
        ".|......................................................................................................................",
        ".|......................................................................................................................",
        ".|......................................................................................................................",
        ".|......................................................................................................................",
        ".|......................................................................................................................",
        ".|......................................................................................................................",
        ".|......................................................................................................................",
        ".|......................................................................................................................",
        ".|......................................................................................................................",
        ".|......................................................................................................................",
        ".|......................................................................................................................",
        ".|......................................................................................................................",
        ".|......................................................................................................................",
        ".|......................................................................................................................",
        ".|......................................................................................................................",
        ".|......................................................................................................................"
      ],
      "palettes": [ "rc_grounds" ]
    }
  },
  {
    "type": "mapgen",
    "method": "json",
    "om_terrain": [ [ "refctr_SW1b", "refctr_SW2b", "refctr_SW3b", "refctr_SW4b", "refctr_SW5b" ] ],
    "weight": 100,
    "object": {
      "fill_ter": "t_grass",
      "rows": [
        ".|......................................................................................................................",
        ".|......................................................................................................................",
        ".|......................................................................................................................",
        ".|......................................................................................................................",
        ".|......................................................................................................................",
        ".|......................................................................................................................",
        ".|......................................................................................................................",
        ".|......................................................................................................................",
        ".|......................................................................................................................",
        ".|......................................................................................................................",
        ".|......................................................................................................................",
        ".|......................................................................................................................",
        ".|......................................................................................................................",
        ".|......................................................................................................................",
        ".|......................................................................................................................",
        ".|......................................................................................................................",
        ".|......................................................................................................................",
        ".|......................................................................................................................",
        ".|......................................................................................................................",
        ".|......................................................................................................................",
        ".|......................................................................................................................",
        ".|......................................................................................................................",
        ".|......................................................................................................................",
        ".|......................................................................................................................"
      ],
      "palettes": [ "rc_grounds" ]
    }
  },
  {
    "type": "mapgen",
    "method": "json",
    "om_terrain": [ [ "refctr_SW1c", "refctr_SW2c", "refctr_SW3c", "refctr_SW4c", "refctr_SW5c" ] ],
    "weight": 100,
    "object": {
      "fill_ter": "t_grass",
      "rows": [
        ".|......................................................................................................................",
        ".|......................................................................................................................",
        ".|......................................................................................................................",
        ".|......................................................................................................................",
        ".|......................................................................................................................",
        ".|......................................................................................................................",
        ".|......................................................................................................................",
        ".|......................................................................................................................",
        ".|......................................................................................................................",
        ".|......................................................................................................................",
        ".|......................................................................................................................",
        ".|......................................................................................................................",
        ".|......................................................................................................................",
        ".|......................................................................................................................",
        ".|......................................................................................................................",
        ".|......................................................................................................................",
        ".|......................................................................................................................",
        ".|......................................................................................................................",
        ".|......................................................................................................................",
        ".|......................................................................................................................",
        ".|......................................................................................................................",
        ".|......................................................................................................................",
        ".|......................................................................................................................",
        ".|......................................................................................................................"
      ],
      "palettes": [ "rc_grounds" ]
    }
  },
  {
    "type": "mapgen",
    "method": "json",
    "om_terrain": [ [ "refctr_SW1d", "refctr_SW2d", "refctr_SW3d", "refctr_SW4d", "refctr_SW5d" ] ],
    "weight": 100,
    "object": {
      "fill_ter": "t_grass",
      "rows": [
        ".|......................................................................................................................",
        ".|......................................................................................................................",
        ".|......................................................................................................................",
        ".|......................................................................................................................",
        ".|......................................................................................................................",
        ".|......................................................................................................................",
        ".|......................................................................................................................",
        ".|......................................................................................................................",
        ".|......................................................................................................................",
        ".|......................................................................................................................",
        ".|......................................................................................................................",
        ".|......................................................................................................................",
        ".|......................................................................................................................",
        ".|......................................................................................................................",
        ".|......................................................................................................................",
        ".|......................................................................................................................",
        ".|......................................................................................................................",
        ".|......................................................................................................................",
        ".|......................................................................................................................",
        ".|......................................................................................................................",
        ".|......................................................................................................................",
        ".|......................................................................................................................",
        ".|......................................................................................................................",
        ".|......................................................................................................................"
      ],
      "palettes": [ "rc_grounds" ]
    }
  },
  {
    "type": "mapgen",
    "method": "json",
    "om_terrain": [ [ "refctr_SW1e", "refctr_SW2e", "refctr_SW3e", "refctr_SW4e", "refctr_SW5e" ] ],
    "weight": 100,
    "object": {
      "fill_ter": "t_grass",
      "rows": [
        ".|......................................................................................................................",
        ".|......................................................................................................................",
        ".|......................................................................................................................",
        ".|......................................................................................................................",
        ".|......................................................................................................................",
        ".|......................................................................................................................",
        ".|......................................................................................................................",
        ".|......................................................................................................................",
        ".|......................................................................................................................",
        ".|......................................................................................................................",
        ".|......................................................................................................................",
        ".|......................................................................................................................",
        ".|......................................................................................................................",
        ".|......................................................................................................................",
        ".|......................................................................................................................",
        ".|......................................................................................................................",
        ".|......................................................................................................................",
        ".|||||||||||||||||||||||||||||||||||||||||||||||||||||||||||||||||||||||||||||||||||||||||||||||||||||||||||||||||||||||",
        "........................................................................................................................",
        "........................................................................................................................",
        "........................................................................................................................",
        "........................................................................................................................",
        "........................................................................................................................",
        "........................................................................................................................"
      ],
      "palettes": [ "rc_grounds" ]
    }
  },
  {
    "type": "mapgen",
    "method": "json",
    "om_terrain": [
      [ "refctr_SW1a_z2", "refctr_SW2a_z2", "refctr_SW3a_z2", "refctr_SW4a_z2", "refctr_SW5a_z2" ],
      [ "refctr_SW1b_z2", "refctr_SW2b_z2", "refctr_SW3b_z2", "refctr_SW4b_z2", "refctr_SW5b_z2" ],
      [ "refctr_SW1c_z2", "refctr_SW2c_z2", "refctr_SW3c_z2", "refctr_SW4c_z2", "refctr_SW5c_z2" ],
      [ "refctr_SW1d_z2", "refctr_SW2d_z2", "refctr_SW3d_z2", "refctr_SW4d_z2", "refctr_SW5d_z2" ],
      [ "refctr_SW1e_z2", "refctr_SW2e_z2", "refctr_SW3e_z2", "refctr_SW4e_z2", "refctr_SW5e_z2" ]
    ],
    "weight": 100,
    "object": { "fill_ter": "t_open_air" }
  },
  {
    "type": "mapgen",
    "method": "json",
    "om_terrain": [
      [ "refctr_SW1a_z1", "refctr_SW2a_z1", "refctr_SW3a_z1", "refctr_SW4a_z1", "refctr_SW5a_z1" ],
      [ "refctr_SW1b_z1", "refctr_SW2b_z1", "refctr_SW3b_z1", "refctr_SW4b_z1", "refctr_SW5b_z1" ],
      [ "refctr_SW1c_z1", "refctr_SW2c_z1", "refctr_SW3c_z1", "refctr_SW4c_z1", "refctr_SW5c_z1" ],
      [ "refctr_SW1d_z1", "refctr_SW2d_z1", "refctr_SW3d_z1", "refctr_SW4d_z1", "refctr_SW5d_z1" ],
      [ "refctr_SW1e_z1", "refctr_SW2e_z1", "refctr_SW3e_z1", "refctr_SW4e_z1", "refctr_SW5e_z1" ]
    ],
    "weight": 100,
    "object": { "fill_ter": "t_open_air" }
  },
  {
    "type": "mapgen",
    "method": "json",
    "om_terrain": [
      [ "refctr_SW1a_z-1", "refctr_SW2a_z-1", "refctr_SW3a_z-1", "refctr_SW4a_z-1", "refctr_SW5a_z-1" ],
      [ "refctr_SW1b_z-1", "refctr_SW2b_z-1", "refctr_SW3b_z-1", "refctr_SW4b_z-1", "refctr_SW5b_z-1" ],
      [ "refctr_SW1c_z-1", "refctr_SW2c_z-1", "refctr_SW3c_z-1", "refctr_SW4c_z-1", "refctr_SW5c_z-1" ],
      [ "refctr_SW1d_z-1", "refctr_SW2d_z-1", "refctr_SW3d_z-1", "refctr_SW4d_z-1", "refctr_SW5d_z-1" ],
      [ "refctr_SW1e_z-1", "refctr_SW2e_z-1", "refctr_SW3e_z-1", "refctr_SW4e_z-1", "refctr_SW5e_z-1" ]
    ],
    "weight": 100,
    "object": { "fill_ter": "t_rock" }
  },
  {
    "type": "mapgen",
    "method": "json",
    "om_terrain": [
      [ "refctr_SW1a_z-2", "refctr_SW2a_z-2", "refctr_SW3a_z-2", "refctr_SW4a_z-2", "refctr_SW5a_z-2" ],
      [ "refctr_SW1b_z-2", "refctr_SW2b_z-2", "refctr_SW3b_z-2", "refctr_SW4b_z-2", "refctr_SW5b_z-2" ],
      [ "refctr_SW1c_z-2", "refctr_SW2c_z-2", "refctr_SW3c_z-2", "refctr_SW4c_z-2", "refctr_SW5c_z-2" ],
      [ "refctr_SW1d_z-2", "refctr_SW2d_z-2", "refctr_SW3d_z-2", "refctr_SW4d_z-2", "refctr_SW5d_z-2" ],
      [ "refctr_SW1e_z-2", "refctr_SW2e_z-2", "refctr_SW3e_z-2", "refctr_SW4e_z-2", "refctr_SW5e_z-2" ]
    ],
    "weight": 100,
    "object": { "fill_ter": "t_rock" }
  },
  {
    "type": "mapgen",
    "method": "json",
    "om_terrain": [
      [ "refctr_SW1a_z-3", "refctr_SW2a_z-3", "refctr_SW3a_z-3", "refctr_SW4a_z-3", "refctr_SW5a_z-3" ],
      [ "refctr_SW1b_z-3", "refctr_SW2b_z-3", "refctr_SW3b_z-3", "refctr_SW4b_z-3", "refctr_SW5b_z-3" ],
      [ "refctr_SW1c_z-3", "refctr_SW2c_z-3", "refctr_SW3c_z-3", "refctr_SW4c_z-3", "refctr_SW5c_z-3" ],
      [ "refctr_SW1d_z-3", "refctr_SW2d_z-3", "refctr_SW3d_z-3", "refctr_SW4d_z-3", "refctr_SW5d_z-3" ],
      [ "refctr_SW1e_z-3", "refctr_SW2e_z-3", "refctr_SW3e_z-3", "refctr_SW4e_z-3", "refctr_SW5e_z-3" ]
    ],
    "weight": 100,
    "object": { "fill_ter": "t_rock" }
  },
  {
    "type": "mapgen",
    "method": "json",
    "om_terrain": [
      [ "refctr_SW1a_z-4", "refctr_SW2a_z-4", "refctr_SW3a_z-4", "refctr_SW4a_z-4", "refctr_SW5a_z-4" ],
      [ "refctr_SW1b_z-4", "refctr_SW2b_z-4", "refctr_SW3b_z-4", "refctr_SW4b_z-4", "refctr_SW5b_z-4" ],
      [ "refctr_SW1c_z-4", "refctr_SW2c_z-4", "refctr_SW3c_z-4", "refctr_SW4c_z-4", "refctr_SW5c_z-4" ],
      [ "refctr_SW1d_z-4", "refctr_SW2d_z-4", "refctr_SW3d_z-4", "refctr_SW4d_z-4", "refctr_SW5d_z-4" ],
      [ "refctr_SW1e_z-4", "refctr_SW2e_z-4", "refctr_SW3e_z-4", "refctr_SW4e_z-4", "refctr_SW5e_z-4" ]
    ],
    "weight": 100,
    "object": { "fill_ter": "t_rock" }
  }
]
