[
  {
    "type": "mapgen",
    "method": "json",
    "om_terrain": [ [ "refctr_E1a", "refctr_E2a", "refctr_E3a", "refctr_E4a", "refctr_E5a" ] ],
    "weight": 100,
    "object": {
      "fill_ter": "t_grass",
      "rows": [
        "......................................................................................................................|.",
        "......................................................................................................................|.",
        "......................................................................................................................|.",
        "......................................................................................................................|.",
        "......................................................................................................................|.",
        "......................................................................................................................|.",
        "......................................................................................................................|.",
        "......................................................................................................................|.",
        "......................................................................................................................|.",
        "......................................................................................................................|.",
        "......................................................................................................................|.",
        "......................................................................................................................|.",
        "......................................................................................................................|.",
        "......................................................................................................................|.",
        "......................................................................................................................|.",
        "......................................................................................................................|.",
        "......................................................................................................................|.",
        "......................................................................................................................|.",
        "......................................................................................................................|.",
        "......................................................................................................................|.",
        "......................................................................................................................|.",
        "......................................................................................................................|.",
        "......................................................................................................................|.",
        "......................................................................................................................|."
      ],
      "palettes": [ "rc_grounds" ]
    }
  },
  {
    "type": "mapgen",
    "method": "json",
    "om_terrain": [ [ "refctr_E1b", "refctr_E2b", "refctr_E3b", "refctr_E4b", "refctr_E5b" ] ],
    "weight": 100,
    "object": {
      "fill_ter": "t_grass",
      "rows": [
        "......................................................................................................................|.",
        "......................................................................................................................|.",
        "......................................................................................................................|.",
        "......................................................................................................................|.",
        "......................................................................................................................|.",
        "......................................................................................................................|.",
        "......................................................................................................................|.",
        "......................................................................................................................|.",
        "......................................................................................................................|.",
        "......................................................................................................................|.",
        "......................................................................................................................|.",
        "......................................................................................................................|.",
        "......................................................................................................................|.",
        "......................................................................................................................|.",
        "......................................................................................................................|.",
        "......................................................................................................................|.",
        "......................................................................................................................|.",
        "......................................................................................................................|.",
        "......................................................................................................................|.",
        "......................................................................................................................|.",
        "......................................................................................................................|.",
        "......................................................................................................................|.",
        "......................................................................................................................|.",
        "......................................................................................................................|."
      ],
      "palettes": [ "rc_grounds" ]
    }
  },
  {
    "type": "mapgen",
    "method": "json",
    "om_terrain": [ [ "refctr_E1c", "refctr_E2c", "refctr_E3c", "refctr_E4c", "refctr_E5c" ] ],
    "weight": 100,
    "object": {
      "fill_ter": "t_grass",
      "rows": [
        "......................................................................................................................|.",
        "......................................................................................................................|.",
        "......................................................................................................................|.",
        "......................................................................................................................|.",
        "......................................................................................................................|.",
        "......................................................................................................................|.",
        "......................................................................................................................|.",
        "......................................................................................................................|.",
        "......................................................................................................................|.",
        "......................................................................................................................|.",
        "......................................................................................................................|.",
        "......................................................................................................................|.",
        "......................................................................................................................|.",
        "......................................................................................................................|.",
        "......................................................................................................................|.",
        "......................................................................................................................|.",
        "......................................................................................................................|.",
        "......................................................................................................................|.",
        "......................................................................................................................|.",
        "......................................................................................................................|.",
        "......................................................................................................................|.",
        "......................................................................................................................|.",
        "......................................................................................................................|.",
        "......................................................................................................................|."
      ],
      "palettes": [ "rc_grounds" ]
    }
  },
  {
    "type": "mapgen",
    "method": "json",
    "om_terrain": [ [ "refctr_E1d", "refctr_E2d", "refctr_E3d", "refctr_E4d", "refctr_E5d" ] ],
    "weight": 100,
    "object": {
      "fill_ter": "t_grass",
      "rows": [
        "......................................................................................................................|.",
        "......................................................................................................................|.",
        "......................................................................................................................|.",
        "......................................................................................................................|.",
        "......................................................................................................................|.",
        "......................................................................................................................|.",
        "......................................................................................................................|.",
        "......................................................................................................................|.",
        "......................................................................................................................|.",
        "......................................................................................................................|.",
        "......................................................................................................................|.",
        "......................................................................................................................|.",
        "......................................................................................................................|.",
        "......................................................................................................................|.",
        "......................................................................................................................|.",
        "......................................................................................................................|.",
        "......................................................................................................................|.",
        "......................................................................................................................|.",
        "......................................................................................................................|.",
        "......................................................................................................................|.",
        "......................................................................................................................|.",
        "......................................................................................................................|.",
        "......................................................................................................................|.",
        "......................................................................................................................|."
      ],
      "palettes": [ "rc_grounds" ]
    }
  },
  {
    "type": "mapgen",
    "method": "json",
    "om_terrain": [ [ "refctr_E1e", "refctr_E2e", "refctr_E3e", "refctr_E4e", "refctr_E5e" ] ],
    "weight": 100,
    "object": {
      "fill_ter": "t_grass",
      "rows": [
        "......................................................................................................................|.",
        "......................................................................................................................|.",
        "......................................................................................................................|.",
        "......................................................................................................................|.",
        "......................................................................................................................|.",
        "......................................................................................................................|.",
        "......................................................................................................................|.",
        "......................................................................................................................|.",
        "......................................................................................................................|.",
        "......................................................................................................................|.",
        "......................................................................................................................|.",
        "......................................................................................................................|.",
        "......................................................................................................................|.",
        "......................................................................................................................|.",
        "......................................................................................................................|.",
        "......................................................................................................................|.",
        "......................................................................................................................|.",
        "......................................................................................................................|.",
        "......................................................................................................................|.",
        "......................................................................................................................|.",
        "......................................................................................................................|.",
        "......................................................................................................................|.",
        "......................................................................................................................|.",
        "......................................................................................................................|."
      ],
      "palettes": [ "rc_grounds" ]
    }
  },
  {
    "type": "mapgen",
    "method": "json",
    "om_terrain": [
      [ "refctr_E1a_z2", "refctr_E2a_z2", "refctr_E3a_z2", "refctr_E4a_z2", "refctr_E5a_z2" ],
      [ "refctr_E1b_z2", "refctr_E2b_z2", "refctr_E3b_z2", "refctr_E4b_z2", "refctr_E5b_z2" ],
      [ "refctr_E1c_z2", "refctr_E2c_z2", "refctr_E3c_z2", "refctr_E4c_z2", "refctr_E5c_z2" ],
      [ "refctr_E1d_z2", "refctr_E2d_z2", "refctr_E3d_z2", "refctr_E4d_z2", "refctr_E5d_z2" ],
      [ "refctr_E1e_z2", "refctr_E2e_z2", "refctr_E3e_z2", "refctr_E4e_z2", "refctr_E5e_z2" ]
    ],
    "weight": 100,
    "object": { "fill_ter": "t_open_air" }
  },
  {
    "type": "mapgen",
    "method": "json",
    "om_terrain": [
      [ "refctr_E1a_z1", "refctr_E2a_z1", "refctr_E3a_z1", "refctr_E4a_z1", "refctr_E5a_z1" ],
      [ "refctr_E1b_z1", "refctr_E2b_z1", "refctr_E3b_z1", "refctr_E4b_z1", "refctr_E5b_z1" ],
      [ "refctr_E1c_z1", "refctr_E2c_z1", "refctr_E3c_z1", "refctr_E4c_z1", "refctr_E5c_z1" ],
      [ "refctr_E1d_z1", "refctr_E2d_z1", "refctr_E3d_z1", "refctr_E4d_z1", "refctr_E5d_z1" ],
      [ "refctr_E1e_z1", "refctr_E2e_z1", "refctr_E3e_z1", "refctr_E4e_z1", "refctr_E5e_z1" ]
    ],
    "weight": 100,
    "object": { "fill_ter": "t_open_air" }
  },
  {
    "type": "mapgen",
    "method": "json",
    "om_terrain": [
      [ "refctr_E1a_z-1", "refctr_E2a_z-1", "refctr_E3a_z-1", "refctr_E4a_z-1", "refctr_E5a_z-1" ],
      [ "refctr_E1b_z-1", "refctr_E2b_z-1", "refctr_E3b_z-1", "refctr_E4b_z-1", "refctr_E5b_z-1" ],
      [ "refctr_E1c_z-1", "refctr_E2c_z-1", "refctr_E3c_z-1", "refctr_E4c_z-1", "refctr_E5c_z-1" ],
      [ "refctr_E1d_z-1", "refctr_E2d_z-1", "refctr_E3d_z-1", "refctr_E4d_z-1", "refctr_E5d_z-1" ],
      [ "refctr_E1e_z-1", "refctr_E2e_z-1", "refctr_E3e_z-1", "refctr_E4e_z-1", "refctr_E5e_z-1" ]
    ],
    "weight": 100,
    "object": { "fill_ter": "t_rock" }
  },
  {
    "type": "mapgen",
    "method": "json",
    "om_terrain": [
      [ "refctr_E1a_z-2", "refctr_E2a_z-2", "refctr_E3a_z-2", "refctr_E4a_z-2", "refctr_E5a_z-2" ],
      [ "refctr_E1b_z-2", "refctr_E2b_z-2", "refctr_E3b_z-2", "refctr_E4b_z-2", "refctr_E5b_z-2" ],
      [ "refctr_E1c_z-2", "refctr_E2c_z-2", "refctr_E3c_z-2", "refctr_E4c_z-2", "refctr_E5c_z-2" ],
      [ "refctr_E1d_z-2", "refctr_E2d_z-2", "refctr_E3d_z-2", "refctr_E4d_z-2", "refctr_E5d_z-2" ],
      [ "refctr_E1e_z-2", "refctr_E2e_z-2", "refctr_E3e_z-2", "refctr_E4e_z-2", "refctr_E5e_z-2" ]
    ],
    "weight": 100,
    "object": { "fill_ter": "t_rock" }
  },
  {
    "type": "mapgen",
    "method": "json",
    "om_terrain": [
      [ "refctr_E1a_z-3", "refctr_E2a_z-3", "refctr_E3a_z-3", "refctr_E4a_z-3", "refctr_E5a_z-3" ],
      [ "refctr_E1b_z-3", "refctr_E2b_z-3", "refctr_E3b_z-3", "refctr_E4b_z-3", "refctr_E5b_z-3" ],
      [ "refctr_E1c_z-3", "refctr_E2c_z-3", "refctr_E3c_z-3", "refctr_E4c_z-3", "refctr_E5c_z-3" ],
      [ "refctr_E1d_z-3", "refctr_E2d_z-3", "refctr_E3d_z-3", "refctr_E4d_z-3", "refctr_E5d_z-3" ],
      [ "refctr_E1e_z-3", "refctr_E2e_z-3", "refctr_E3e_z-3", "refctr_E4e_z-3", "refctr_E5e_z-3" ]
    ],
    "weight": 100,
    "object": { "fill_ter": "t_rock" }
  },
  {
    "type": "mapgen",
    "method": "json",
    "om_terrain": [
      [ "refctr_E1a_z-4", "refctr_E2a_z-4", "refctr_E3a_z-4", "refctr_E4a_z-4", "refctr_E5a_z-4" ],
      [ "refctr_E1b_z-4", "refctr_E2b_z-4", "refctr_E3b_z-4", "refctr_E4b_z-4", "refctr_E5b_z-4" ],
      [ "refctr_E1c_z-4", "refctr_E2c_z-4", "refctr_E3c_z-4", "refctr_E4c_z-4", "refctr_E5c_z-4" ],
      [ "refctr_E1d_z-4", "refctr_E2d_z-4", "refctr_E3d_z-4", "refctr_E4d_z-4", "refctr_E5d_z-4" ],
      [ "refctr_E1e_z-4", "refctr_E2e_z-4", "refctr_E3e_z-4", "refctr_E4e_z-4", "refctr_E5e_z-4" ]
    ],
    "weight": 100,
    "object": { "fill_ter": "t_rock" }
  }
]
