[
  {
    "type": "item_group",
    "id": "npc_underwear_bottom_male",
    "subtype": "collection",
    "groups": [ [ "male_underwear_bottom", 95 ] ]
  },
  {
    "type": "item_group",
    "id": "npc_underwear_bottom_female",
    "subtype": "collection",
    "groups": [ [ "female_underwear_bottom", 95 ] ]
  },
  {
    "type": "item_group",
    "id": "npc_underwear_top_male",
    "subtype": "collection",
    "groups": [ [ "male_underwear_top", 50 ] ]
  },
  {
    "type": "item_group",
    "id": "npc_underwear_top_female",
    "subtype": "collection",
    "groups": [ [ "female_underwear_top", 95 ] ]
  },
  {
    "type": "item_group",
    "id": "npc_underwear_feet_male",
    "items": [ [ "socks", 80 ], [ "socks_wool", 20 ], [ "null", 5 ] ]
  },
  {
    "type": "item_group",
    "id": "npc_underwear_feet_female",
    "items": [ [ "socks", 50 ], [ "socks_wool", 10 ], [ "stockings", 20 ], [ "tights", 20 ], [ "null", 5 ] ]
  },
  {
    "type": "item_group",
    "id": "npc_pants_male",
    "items": [
      [ "jeans", 20 ],
      [ "pants", 20 ],
      [ "pants_leather", 20 ],
      [ "shorts", 5 ],
      [ "shorts_cargo", 10 ],
      [ "pants_cargo", 20 ],
      [ "b_shorts", 10 ],
      [ "motorbike_pants", 5 ]
    ]
  },
  {
    "type": "item_group",
    "id": "npc_pants_female",
    "items": [
      [ "jeans", 20 ],
      [ "pants", 20 ],
      [ "pants_leather", 20 ],
      [ "shorts", 5 ],
      [ "shorts_cargo", 10 ],
      [ "pants_cargo", 20 ],
      [ "b_shorts", 10 ],
      [ "motorbike_pants", 5 ],
      [ "skirt", 20 ],
      [ "skirt_leather", 20 ],
      [ "nanoskirt", 5 ],
      [ "hot_pants", 20 ],
      [ "shorts_denim", 20 ]
    ]
  },
  {
    "type": "item_group",
    "id": "npc_shirt_male",
    "items": [
      [ "tshirt", 20 ],
      [ "polo_shirt", 20 ],
      [ "dress_shirt", 20 ],
      [ "longshirt", 20 ],
      [ "flag_shirt", 5 ],
      [ "sweatshirt", 20 ],
      [ "striped_shirt", 10 ],
      [ "sweater", 20 ],
      [ "jersey", 10 ]
    ]
  },
  {
    "type": "item_group",
    "id": "npc_shirt_female",
    "items": [
      [ "tshirt", 20 ],
      [ "polo_shirt", 20 ],
      [ "dress_shirt", 20 ],
      [ "longshirt", 20 ],
      [ "flag_shirt", 5 ],
      [ "sweatshirt", 20 ],
      [ "striped_shirt", 10 ],
      [ "sweater", 20 ],
      [ "jersey", 10 ],
      [ "tank_top", 20 ],
      [ "halter_top", 20 ],
      [ "camisole", 20 ],
      [ "dress", 10 ],
      [ "sundress", 10 ],
      [ "corset", 5 ]
    ]
  },
  {
    "type": "item_group",
    "id": "npc_gloves",
    "items": [
      [ "null", 60 ],
      [ "gloves_leather", 20 ],
      [ "gloves_fingerless", 20 ],
      [ "fire_gauntlets", 20 ],
      [ "gloves_work", 10 ],
      [ "gloves_fingerless_mod", 5 ],
      [ "gloves_medical", 10 ],
      [ "gloves_winter", 5 ],
      [ "gloves_wool", 20 ],
      [ "gloves_light", 20 ],
      [ "gloves_tactical", 5 ]
    ]
  },
  {
    "type": "item_group",
    "id": "npc_coat",
    "items": [
      [ "null", 20 ],
      [ "hoodie", 20 ],
      [ "wool_hoodie", 20 ],
      [ "jacket_light", 20 ],
      [ "jacket_leather", 20 ],
      [ "trenchcoat", 20 ],
      [ "jacket_jean", 20 ],
      [ "jacket_windbreaker", 10 ],
      [ "folding_poncho_on", 10 ],
      [ "jacket_leather_mod", 5 ],
      [ "american_flag", 5 ],
      [ "jacket_leather_red", 10 ],
      [ "jacket_army", 10 ],
      [ "jacket_flannel", 10 ],
      [ "jacket_evac", 20 ],
      [ "winter_jacket_army", 5 ],
      [ "coat_winter", 10 ],
      [ "peacoat", 10 ],
      [ "greatcoat", 5 ],
      [ "cloak", 5 ],
      [ "cloak_wool", 5 ],
      [ "house_coat", 5 ]
    ]
  },
  {
    "type": "item_group",
    "id": "npc_shoes_male",
    "items": [
      [ "boots", 20 ],
      [ "boots_combat", 10 ],
      [ "boots_hiking", 20 ],
      [ "boots_western", 10 ],
      [ "boots_winter", 5 ],
      [ "motorbike_boots", 5 ],
      [ "dress_shoes", 20 ],
      [ "sneakers", 20 ],
      [ "lowtops", 20 ],
      [ "flip_flops", 10 ],
      [ "leathersandals", 5 ]
    ]
  },
  {
    "type": "item_group",
    "id": "npc_shoes_female",
    "items": [
      [ "boots", 10 ],
      [ "boots_combat", 10 ],
      [ "boots_hiking", 20 ],
      [ "boots_western", 20 ],
      [ "boots_winter", 5 ],
      [ "motorbike_boots", 5 ],
      [ "dress_shoes", 20 ],
      [ "sneakers", 20 ],
      [ "lowtops", 20 ],
      [ "flip_flops", 10 ],
      [ "leathersandals", 5 ],
      [ "heels", 5 ],
      [ "thigh_high_boots", 10 ],
      [ "knee_high_boots", 10 ]
    ]
  },
  {
    "type": "item_group",
    "id": "npc_masks",
    "items": [
      [ "null", 80 ],
      [ "mask_dust", 10 ],
      [ "bandana", 10 ],
      [ "mask_filter", 10 ],
      [ "mask_gas", 5 ],
      [ "mask_bunker", 5 ]
    ]
  },
  {
    "type": "item_group",
    "id": "npc_scarf",
    "items": [ [ "null", 20 ], [ "knit_scarf", 30 ], [ "long_knit_scarf", 15 ], [ "scarf", 30 ], [ "scarf_long", 15 ] ]
  },
  {
    "type": "item_group",
    "id": "npc_eyes",
    "items": [ [ "null", 80 ], [ "glasses_safety", 20 ], [ "sunglasses", 20 ], [ "fancy_sunglasses", 10 ] ]
  },
  {
    "type": "item_group",
    "id": "npc_hat",
    "items": [
      [ "null", 20 ],
      [ "hat_ball", 20 ],
      [ "hat_hard", 5 ],
      [ "hat_boonie", 5 ],
      [ "hat_cotton", 20 ],
      [ "hat_fur", 5 ],
      [ "hat_knit", 20 ],
      [ "hat_newsboy", 10 ],
      [ "cowboy_hat", 10 ],
      [ "hat_sombrero", 5 ],
      [ "10gal_hat", 5 ],
      [ "straw_hat", 5 ],
      [ "hat_hunting", 10 ],
      [ "hat_hard_hooded", 5 ],
      [ "helmet_bike", 10 ],
      [ "helmet_riot", 5 ],
      [ "helmet_motor", 5 ],
      [ "helmet_skid", 5 ],
      [ "helmet_ball", 5 ],
      [ "helmet_football", 5 ],
      [ "pot_helmet", 10 ],
      [ "firehelmet", 5 ],
      [ "helmet_army", 5 ]
    ]
  },
  {
    "type": "item_group",
    "id": "npc_extra",
    "items": [
      [ "null", 20 ],
      [ "gold_ring", 20 ],
      [ "diamond_ring", 2 ],
      [ "copper_bracelet", 10 ],
      [ "gold_bracelet", 10 ],
      [ "silver_bracelet", 10 ],
      [ "silver_necklace", 5 ],
      [ "silver_locket", 5 ]
    ]
  },
  {
    "type": "item_group",
    "id": "npc_wrist",
    "items": [
      [ "null", 20 ],
      [ "diving_watch", 10 ],
      [ "game_watch", 5 ],
      [ "gold_watch", 5 ],
      [ "wristwatch", 20 ],
      [ "sf_watch", 5 ]
    ]
  },
  {
    "type": "item_group",
    "id": "npc_storage",
    "items": [
      [ "null", 10 ],
      [ "backpack", 20 ],
      [ "backpack_leather", 20 ],
      [ "rucksack", 5 ],
      [ "mbag", 20 ],
      [ "runner_bag", 5 ],
      [ "duffelbag", 5 ],
      [ "dive_bag", 5 ],
      [ "slingpack", 10 ],
      [ "molle_pack", 5 ]
    ]
  },
  {
    "type": "item_group",
    "id": "npc_vest",
    "items": [
      [ "null", 40 ],
      [ "vest", 10 ],
      [ "vest_leather", 5 ],
      [ "kevlar", 10 ],
      [ "modularvest", 5 ],
      [ "waistcoat", 5 ],
      [ "flotation_vest", 10 ],
      [ "chainmail_vest", 5 ]
    ]
  },
  {
    "type": "item_group",
    "id": "npc_belt",
    "items": [ [ "null", 20 ], [ "leather_belt", 50 ], [ "tool_belt", 10 ] ]
  },
  {
    "type": "item_group",
    "id": "npc_holster",
    "items": [ [ "null", 50 ], [ "sholster", 10 ], [ "sheath", 10 ] ]
  },
  {
    "type": "item_group",
    "id": "npc_stabbing",
    "items": [ { "group": "survivor_knife", "prob": 20 }, { "group": "survivor_stabbing", "prob": 80 } ]
  },
  {
    "type": "item_group",
    "id": "npc_throw",
    "items": [ [ "throwing_knife", 7 ], [ "throwing_axe", 4 ] ]
  },
  {
    "type": "item_group",
    "id": "npc_archery",
    "items": [ [ "crossbow", 50 ] ]
  },
  {
    "type": "item_group",
    "id": "npc_misc",
    "ammo": 75,
    "magazine": 50,
    "items": [
      [ "101_carpentry", 1 ],
      [ "1st_aid", 20 ],
      [ "223_casing", 1 ],
      [ "2lcanteen", 3 ],
      [ "3006_casing", 1 ],
      [ "308_casing", 1 ],
      [ "38_casing", 1 ],
      [ "40_casing", 1 ],
      [ "44_casing", 1 ],
      [ "45_casing", 1 ],
      [ "46mm_casing", 1 ],
      [ "57mm_casing", 1 ],
      [ "762_casing", 1 ],
      [ "9mm_casing", 1 ],
      [ "adderall", 2 ],
      [ "adjustable_stock", 1 ],
      [ "adv_chemistry", 1 ],
      [ "adv_UPS_off", 1 ],
      [ "advanced_ecig", 5 ],
      [ "advanced_electronics", 1 ],
      [ "airhorn", 3 ],
      [ "airspeargun", 1 ],
      [ "alarmclock", 20 ],
      [ "amplifier", 5 ],
      [ "ant_egg", 5 ],
      [ "antenna", 5 ],
      [ "antibiotics", 20 ],
      [ "antifungal", 5 ],
      [ "antiparasitic", 5 ],
      [ "armguard_hard", 3 ],
      [ "atomic_survival", 1 ],
      [ "ammonia", 5 ],
      [ "apple", 2 ],
      [ "apple_cider", 2 ],
      [ "apricot", 2 ],
      [ "apron_leather", 1 ],
      [ "aspirin", 25 ],
      [ "atomic_light", 1 ],
      [ "ax", 5 ],
      [ "backpack", 5 ],
      [ "bacon", 2 ],
      [ "banana", 1 ],
      [ "bandages", 25 ],
      [ "barrel_ported", 1 ],
      [ "baseball", 1 ],
      [ "bat", 5 ],
      { "group": "ammo_pocket_batteries_full", "prob": 25 },
      [ "beartrap", 10 ],
      [ "beer", 15 ],
      [ "belgian_ale", 3 ],
      [ "binoculars", 10 ],
      [ "biscuit", 3 ],
      [ "blackberries", 3 ],
      [ "blanket", 5 ],
      [ "bleach", 5 ],
      [ "blt", 1 ],
      [ "blueberries", 3 ],
      [ "bologna", 2 ],
      [ "boltcutters", 5 ],
      [ "book_archery", 1 ],
      [ "book_icef", 1 ],
      [ "bootstrap", 1 ],
      [ "bottle_plastic", 1 ],
      [ "brandy", 5 ],
      [ "brass_catcher", 1 ],
      [ "bread", 5 ],
      [ "brewing_cookbook", 1 ],
      [ "briefcase", 2 ],
      [ "broccoli", 1 ],
      [ "broth", 5 ],
      [ "bucket", 2 ],
      [ "bum_wine", 5 ],
      [ "c_fishspear", 1 ],
      [ "c4", 1 ],
      [ "caff_gum", 3 ],
      [ "caffeine", 2 ],
      [ "cake2", 1 ],
      [ "cake3", 1 ],
      [ "can_beans", 5 ],
      [ "can_cheese", 5 ],
      [ "can_chicken", 5 ],
      [ "can_chowder", 5 ],
      [ "can_coconut", 5 ],
      [ "can_corn", 5 ],
      [ "can_herring", 3 ],
      [ "can_pineapple", 3 ],
      [ "can_salmon", 3 ],
      [ "can_sardine", 5 ],
      [ "can_spam", 5 ],
      [ "can_tuna", 5 ],
      [ "candy", 3 ],
      [ "candy2", 3 ],
      [ "candy3", 3 ],
      [ "candycigarette", 1 ],
      [ "canteen", 5 ],
      [ "carpentry_book", 1 ],
      [ "carrot", 3 ],
      { "item": "catfood", "prob": 3, "container-item": "can_food" },
      [ "cell_phone", 5 ],
      [ "smart_phone", 15 ],
      [ "ceramic_armor", 1 ],
      [ "cereal", 5 ],
      [ "cereal2", 5 ],
      [ "cereal3", 5 ],
      [ "chain", 10 ],
      [ "chainsaw_off", 7 ],
      [ "char_smoker", 3 ],
      [ "charcoal", 5 ],
      [ "chaw", 20 ],
      [ "cheese", 5 ],
      [ "cheese_fries", 1 ],
      [ "cheeseburger", 1 ],
      [ "cherries", 5 ],
      [ "child_book", 1 ],
      [ "chili", 1 ],
      [ "chilidogs", 1 ],
      [ "chilly-p", 1 ],
      [ "chips", 5 ],
      [ "chips2", 5 ],
      [ "chips3", 5 ],
      [ "chisel", 3 ],
      [ "choc_drink", 2 ],
      [ "choco_coffee_beans", 1 ],
      [ "chocolate", 2 ],
      [ "cig", 30 ],
      [ "cigar", 10 ],
      [ "circsaw_blade", 3 ],
      [ "circsaw_off", 3 ],
      [ "cleansuit", 5 ],
      [ "clock", 5 ],
      [ "coconut", 1 ],
      [ "codeine", 3 ],
      [ "coffee_raw", 5 ],
      [ "coffee_syrup", 1 ],
      [ "coke", 5 ],
      [ "cola", 5 ],
      [ "colamdew", 3 ],
      [ "computer_science", 1 ],
      [ "con_milk", 2 ],
      [ "contacts", 5 ],
      [ "corn", 3 ],
      [ "cornbread", 1 ],
      [ "corndogs_frozen", 2 ],
      [ "cookbook", 2 ],
      [ "cookbook_human", 1 ],
      [ "cookbook_italian", 1 ],
      [ "cookies", 3 ],
      [ "cooking_oil", 3 ],
      [ "cooking_oil2", 3 ],
      [ "cordless_drill", 2 ],
      [ "cornmeal", 3 ],
      [ "cotton_ball", 3 ],
      [ "crack", 3 ],
      [ "crackers", 5 ],
      [ "cranberries", 5 ],
      [ "cranberry_juice", 3 ],
      [ "creamsoda", 5 ],
      [ "creepy_doll", 1 ],
      [ "crispycran", 3 ],
      [ "crowbar", 8 ],
      [ "crucible", 1 ],
      [ "curry_meat", 1 ],
      [ "curry_powder", 2 ],
      [ "curry_veggy", 1 ],
      [ "dayquil", 5 ],
      [ "decoy_anarch", 1 ],
      [ "decoy_elfa", 1 ],
      [ "dehydrator", 5 ],
      [ "detergent", 5 ],
      [ "diazepam", 3 ],
      [ "disinfectant", 10 ],
      [ "dive_bag", 1 ],
      [ "diveknife", 1 ],
      [ "diving_watch", 1 ],
      [ "dog_whistle", 3 ],
      { "item": "dogfood", "prob": 3, "container-item": "can_food" },
      [ "doublespeargun", 1 ],
      [ "drink_boozeberry", 1 ],
      [ "drink_rumcola", 1 ],
      [ "drink_screwdriver", 1 ],
      [ "drink_strawberry_surprise", 1 ],
      [ "drink_wild_apple", 1 ],
      [ "dry_beans", 7 ],
      [ "dry_fish", 3 ],
      [ "dry_fruit", 15 ],
      [ "dry_meat", 3 ],
      [ "dry_rice", 8 ],
      [ "dry_veggy", 5 ],
      [ "duct_tape", 20 ],
      [ "dynamite", 3 ],
      [ "e_tool", 1 ],
      [ "ear_plugs", 1 ],
      [ "ecig", 10 ],
      [ "elbow_pads", 3 ],
      [ "electrohack", 1 ],
      [ "emer_blanket", 2 ],
      [ "emergency_book", 3 ],
      [ "energy_drink", 3 ],
      [ "energy_drink_atomic", 1 ],
      [ "essay_book", 1 ],
      [ "european_pilsner", 1 ],
      [ "extinguisher", 1 ],
      [ "eyedrops", 5 ],
      [ "fairy_tales", 1 ],
      [ "family_cookbook", 3 ],
      [ "fanny", 5 ],
      [ "fc_hairpin", 1 ],
      [ "fchicken", 1 ],
      [ "file", 1 ],
      [ "firecracker", 3 ],
      [ "firecracker_pack", 2 ],
      [ "fish_fried", 1 ],
      [ "fish_sandwich", 1 ],
      [ "fish_smoked", 1 ],
      [ "fishspear", 1 ],
      [ "flashbang", 1 ],
      [ "flashlight", 20 ],
      [ "flask_hip", 5 ],
      [ "flour", 10 ],
      [ "flyer", 1 ],
      [ "folding_bicycle", 1 ],
      [ "folding_poncho", 5 ],
      [ "foon", 1 ],
      [ "football", 1 ],
      [ "fork", 1 ],
      [ "fries", 1 ],
      [ "junk_burrito", 3 ],
      [ "frozen_dinner", 3 ],
      [ "fruit_leather", 3 ],
      [ "fruit_wine", 5 ],
      [ "fungicide", 3 ],
      [ "insecticide", 3 ],
      [ "fun_survival", 5 ],
      [ "funnel", 3 ],
      [ "fur", 5 ],
      [ "gasbomb", 1 ],
      [ "gasoline_lantern", 5 ],
      [ "geiger_off", 3 ],
      [ "gin", 5 ],
      [ "glassblowing_book", 1 ],
      [ "glasses_bal", 5 ],
      [ "glasses_safety", 5 ],
      [ "glowstick", 10 ],
      [ "goggles_ir", 1 ],
      [ "goggles_nv", 1 ],
      [ "goggles_welding", 3 ],
      [ "gold_watch", 5 ],
      [ "golf_club", 1 ],
      [ "grahmcrackers", 4 ],
      [ "granola", 5 ],
      [ "grapefruit", 1 ],
      [ "grapes", 2 ],
      [ "grapnel", 1 ],
      [ "grenade", 1 ],
      [ "grenade_inc", 1 ],
      [ "grip", 1 ],
      [ "gum", 8 ],
      [ "gun_crossbow", 1 ],
      [ "gunpowder", 5 ],
      [ "g_shovel", 1 ],
      [ "hacksaw", 3 ],
      [ "hairpin", 4 ],
      [ "halligan", 1 ],
      [ "hamburger", 1 ],
      [ "hammer", 7 ],
      [ "hammer_sledge", 3 ],
      [ "hand_drill", 2 ],
      [ "handflare", 3 ],
      [ "hardtack", 2 ],
      [ "hatchet", 5 ],
      [ "heatpack", 4 ],
      [ "heroin", 3 ],
      [ "hockey_stick", 5 ],
      [ "hoe", 4 ],
      [ "holo_sight", 1 ],
      [ "holster", 5 ],
      [ "holybook_bible1", 3 ],
      [ "holybook_bible2", 3 ],
      [ "holybook_granth", 2 ],
      [ "holybook_hadith", 3 ],
      [ "holybook_kallisti", 1 ],
      [ "holybook_kojiki", 1 ],
      [ "holybook_mormon", 1 ],
      [ "holybook_pastafarian", 1 ],
      [ "holybook_quran", 2 ],
      [ "holybook_scientology", 1 ],
      [ "holybook_slack", 1 ],
      [ "holybook_sutras", 2 ],
      [ "holybook_talmud", 2 ],
      [ "holybook_tanakh", 1 ],
      [ "holybook_tripitaka", 1 ],
      [ "holybook_upanishads", 1 ],
      [ "holybook_vedas", 1 ],
      [ "honey_bottled", 3 ],
      [ "honeycomb", 2 ],
      [ "hops", 1 ],
      [ "hotdogs_frozen", 2 ],
      [ "hotdogs_cooked", 1 ],
      [ "hotplate", 10 ],
      [ "howto_computer", 1 ],
      [ "howto_traps", 2 ],
      [ "imperial_stout", 2 ],
      [ "improve_sights", 1 ],
      [ "india_pale_ale", 2 ],
      [ "inhaler", 5 ],
      [ "iodine", 5 ],
      [ "irradiated_apple", 3 ],
      [ "irradiated_apricot", 2 ],
      [ "irradiated_banana", 3 ],
      [ "irradiated_blackberries", 1 ],
      [ "irradiated_blueberries", 1 ],
      [ "irradiated_broccoli", 2 ],
      [ "irradiated_carrot", 3 ],
      [ "irradiated_cherries", 1 ],
      [ "irradiated_cranberries", 1 ],
      [ "irradiated_grapefruit", 1 ],
      [ "irradiated_grapes", 1 ],
      [ "irradiated_kiwi", 2 ],
      [ "irradiated_lemon", 3 ],
      [ "irradiated_lettuce", 3 ],
      [ "irradiated_mango", 1 ],
      [ "irradiated_melon", 2 ],
      [ "irradiated_onion", 3 ],
      [ "irradiated_orange", 2 ],
      [ "irradiated_papaya", 1 ],
      [ "irradiated_peach", 2 ],
      [ "irradiated_pear", 2 ],
      [ "irradiated_pineapple", 1 ],
      [ "irradiated_plums", 2 ],
      [ "irradiated_pomegranate", 1 ],
      [ "irradiated_raspberries", 1 ],
      [ "irradiated_rhubarb", 1 ],
      [ "irradiated_strawberries", 1 ],
      [ "irradiated_tomato", 2 ],
      [ "irradiated_watermelon", 2 ],
      [ "irradiated_zucchini", 2 ],
      [ "jackhammer", 2 ],
      [ "jam_fruit", 4 ],
      [ "jar_3l_glass", 2 ],
      { "item": "fish_pickled", "prob": 2, "charges": 2, "container-item": "jar_glass_sealed" },
      [ "jar_glass", 2 ],
      { "item": "meat_pickled", "prob": 2, "charges": 2, "container-item": "jar_glass_sealed" },
      { "item": "veggy_pickled", "prob": 4, "charges": 2, "container-item": "jar_glass_sealed" },
      [ "jerrycan", 3 ],
      [ "jerrycan_big", 2 ],
      [ "joint", 10 ],
      [ "joint_roach", 5 ],
      [ "jug_plastic", 3 ],
      [ "juice", 5 ],
      [ "kernels", 4 ],
      [ "ketchup", 4 ],
      [ "kevlar_plate", 1 ],
      [ "knee_pads", 4 ],
      [ "knife_butcher", 6 ],
      [ "knife_butter", 4 ],
      [ "knife_combat", 4 ],
      [ "knife_steak", 8 ],
      [ "knife_trench", 3 ],
      [ "knitting_needles", 1 ],
      [ "lamp_oil", 2 ],
      [ "laptop", 3 ],
      [ "large_repairkit", 1 ],
      [ "lasagne_raw", 2 ],
      [ "laser_sight", 1 ],
      [ "lead", 5 ],
      [ "leather", 5 ],
      [ "legguard_hard", 3 ],
      [ "legrig", 5 ],
      [ "lemon", 3 ],
      [ "lemonade", 4 ],
      [ "lemonlime", 4 ],
      [ "lettuce", 3 ],
      [ "lighter", 20 ],
      [ "lgpistol_primer", 3 ],
      [ "lgrifle_primer", 3 ],
      [ "silver_locket", 10 ],
      [ "long_island", 3 ],
      [ "lsd", 3 ],
      [ "lunchmeat", 3 ],
      [ "lutefisk", 3 ],
      [ "lye_powder", 4 ],
      [ "m_fishspear", 1 ],
      [ "macaroni_raw", 4 ],
      [ "mag_archery", 2 ],
      [ "mag_barter", 2 ],
      [ "mag_bashing", 1 ],
      [ "mag_beauty", 3 ],
      [ "mag_carpentry", 2 ],
      [ "mag_cars", 2 ],
      [ "mag_comic", 2 ],
      [ "mag_computer", 1 ],
      [ "mag_cooking", 3 ],
      [ "mag_cutting", 1 ],
      [ "mag_dodge", 1 ],
      [ "mag_dude", 1 ],
      [ "mag_electronics", 2 ],
      [ "mag_fabrication", 3 ],
      [ "mag_firstaid", 5 ],
      [ "mag_gaming", 2 ],
      [ "mag_glam", 3 ],
      [ "mag_guns", 3 ],
      [ "mag_launcher", 1 ],
      [ "mag_mechanics", 3 ],
      [ "mag_melee", 1 ],
      [ "mag_news", 2 ],
      [ "mag_pistol", 2 ],
      [ "mag_porn", 6 ],
      [ "mag_rifle", 2 ],
      [ "mag_shotgun", 2 ],
      [ "mag_smg", 2 ],
      [ "mag_stabbing", 2 ],
      [ "mag_survival", 6 ],
      [ "mag_swimming", 1 ],
      [ "mag_tailor", 3 ],
      [ "mag_throwing", 1 ],
      [ "mag_traps", 5 ],
      [ "mag_tv", 1 ],
      [ "mag_unarmed", 1 ],
      [ "manual_archery", 3 ],
      [ "manual_brawl", 2 ],
      [ "manual_business", 2 ],
      [ "manual_carpentry", 3 ],
      [ "manual_computers", 1 ],
      [ "manual_cutting", 1 ],
      [ "manual_dodge", 1 ],
      [ "manual_gun", 2 ],
      [ "manual_knives", 2 ],
      [ "manual_fabrication", 2 ],
      [ "manual_first_aid", 3 ],
      [ "manual_launcher", 1 ],
      [ "manual_mechanics", 2 ],
      [ "manual_melee", 1 ],
      [ "manual_pistol", 1 ],
      [ "manual_rifle", 1 ],
      [ "manual_shotgun", 1 ],
      [ "manual_smg", 1 ],
      [ "manual_speech", 2 ],
      [ "manual_stabbing", 1 ],
      [ "manual_survival", 2 ],
      [ "manual_swimming", 1 ],
      [ "manual_throw", 1 ],
      [ "manual_traps", 2 ],
      [ "maple_sap", 1 ],
      [ "mask_bal", 1 ],
      [ "mask_dust", 4 ],
      [ "mask_filter", 1 ],
      [ "maltballs", 1 ],
      [ "maple_candy", 2 ],
      [ "marshmallow", 2 ],
      [ "mask_hockey", 1 ],
      [ "masterkey", 1 ],
      [ "match_trigger", 1 ],
      [ "matches", 10 ],
      [ "mayonnaise", 2 ],
      [ "mbag", 5 ],
      [ "slingpack", 5 ],
      [ "meat", 10 ],
      [ "meat_smoked", 2 ],
      [ "medical_gauze", 3 ],
      [ "medical_tape", 3 ],
      [ "melon", 3 ],
      [ "meth", 5 ],
      [ "milk_powder", 3 ],
      [ "minispeargun", 1 ],
      [ "mintpatties", 3 ],
      [ "misc_repairkit", 5 ],
      [ "modularvest", 1 ],
      [ "molasses", 3 ],
      [ "money_bundle", 10 ],
      [ "moonshine", 5 ],
      [ "mp3", 10 ],
      [ "mre_chilibeans_box", 6 ],
      [ "mre_bbqbeef_box", 6 ],
      [ "mre_chickennoodle_box", 6 ],
      [ "mre_spaghetti_box", 6 ],
      [ "mre_chicken_box", 6 ],
      [ "mre_beeftaco_box", 6 ],
      [ "mre_beef_box", 6 ],
      [ "mre_meatball_box", 6 ],
      [ "mre_beefstew_box", 6 ],
      [ "mre_chilimac_box", 6 ],
      [ "mre_veggy_box", 6 ],
      [ "mre_macaronimarinara_box", 6 ],
      [ "mre_cheesetort_box", 6 ],
      [ "mre_mushroomfettuccine_box", 6 ],
      [ "mre_mexicanchickenstew_box", 6 ],
      [ "mre_maplesausage_box", 6 ],
      [ "mre_ravioli_box", 6 ],
      [ "mre_hashbrownbacon_box", 6 ],
      [ "mre_lemontuna_box", 6 ],
      [ "mre_asianbeef_box", 6 ],
      [ "mre_chickenpesto_box", 6 ],
      [ "mre_southwestbeef_box", 6 ],
      [ "mre_hotdog_box", 6 ],
      [ "mushroom", 5 ],
      [ "mustard", 3 ],
      [ "muzzle_brake", 1 ],
      [ "nachos", 1 ],
      [ "nachosc", 1 ],
      [ "nachosm", 1 ],
      [ "nachosmc", 1 ],
      [ "nail", 3 ],
      [ "nailgun", 3 ],
      [ "neccowafers", 4 ],
      [ "silver_necklace", 5 ],
      [ "news_regional", 3 ],
      [ "nic_gum", 8 ],
      [ "nicotine_liquid", 6 ],
      [ "noodles_fast", 3 ],
      [ "novel_adventure", 1 ],
      [ "novel_buddy", 1 ],
      [ "novel_coa", 1 ],
      [ "novel_crime", 1 ],
      [ "novel_drama", 1 ],
      [ "novel_erotic", 1 ],
      [ "novel_experimental", 1 ],
      [ "novel_fantasy", 1 ],
      [ "novel_horror", 1 ],
      [ "novel_mystery", 1 ],
      [ "novel_road", 1 ],
      [ "novel_romance", 1 ],
      [ "novel_pulp", 1 ],
      [ "novel_samurai", 1 ],
      [ "novel_satire", 1 ],
      [ "novel_scifi", 1 ],
      [ "novel_sports", 1 ],
      [ "novel_spy", 1 ],
      [ "novel_swash", 1 ],
      [ "novel_thriller", 1 ],
      [ "novel_tragedy", 1 ],
      [ "novel_war", 1 ],
      [ "novel_western", 1 ],
      [ "nyquil", 8 ],
      [ "oatmeal", 3 ],
      [ "oil_lamp", 4 ],
      [ "onion", 4 ],
      [ "onion_rings", 1 ],
      [ "orange", 2 ],
      [ "orangesoda", 3 ],
      [ "oxy_powder", 3 ],
      [ "oxycodone", 5 ],
      [ "oxygen_tank", 2 ],
      [ "pale_ale", 2 ],
      [ "pan", 8 ],
      [ "pastaextruder", 1 ],
      [ "peach", 3 ],
      [ "peanutbutter", 6 ],
      [ "pear", 3 ],
      [ "pepper", 5 ],
      [ "permanent_marker", 5 ],
      [ "philosophy_book", 1 ],
      [ "photo_album", 1 ],
      [ "pickaxe", 8 ],
      [ "pickle", 5 ],
      [ "picklocks", 5 ],
      [ "pie", 3 ],
      [ "pie_meat", 1 ],
      [ "pills_sleep", 3 ],
      [ "pipe", 4 ],
      [ "pipe_glass", 1 ],
      [ "pipe_tobacco", 1 ],
      [ "pipebomb", 3 ],
      [ "pistol_bayonet", 1 ],
      [ "pistol_grip", 1 ],
      [ "pistol_scope", 1 ],
      [ "pistol_stock", 1 ],
      [ "pizza_veggy", 1 ],
      [ "pizza_meat", 1 ],
      [ "plays_book", 1 ],
      [ "plums", 2 ],
      [ "plut_cell", 2 ],
      [ "pocket_firearms", 2 ],
      [ "pocket_firstaid", 3 ],
      [ "pocket_survival", 2 ],
      [ "pocketwatch", 5 ],
      [ "pockknife", 10 ],
      [ "poetry_book", 1 ],
      [ "pool_ball", 1 ],
      [ "pool_cue", 6 ],
      [ "portable_game", 1 ],
      [ "pot", 10 ],
      [ "potato", 4 ],
      [ "powder_candy", 2 ],
      [ "powder_eggs", 4 ],
      [ "power_supply", 1 ],
      [ "press", 1 ],
      [ "processor", 1 ],
      {
        "item": "protein_powder",
        "prob": 1,
        "container-item": "bottle_plastic_small",
        "charges-min": 1,
        "charges-max": 9
      },
      [ "protein_shake", 1 ],
      [ "prozac", 3 ],
      [ "puck", 1 ],
      [ "pudding", 2 ],
      [ "puller", 1 ],
      [ "punch_dagger", 2 ],
      [ "pur_tablets", 5 ],
      [ "purple_drink", 3 ],
      [ "purse", 4 ],
      [ "quikclot", 5 ],
      [ "quiver", 3 ],
      [ "quiver_large", 1 ],
      [ "RAM", 2 ],
      [ "radio", 8 ],
      [ "radio_book", 2 ],
      [ "rag", 5 ],
      [ "rail_laser_sight", 1 ],
      [ "raspberries", 4 ],
      [ "ravioli", 1 ],
      [ "razor_blade", 3 ],
      [ "rebreather", 3 ],
      [ "rebreather_filter", 1 ],
      [ "receiver", 1 ],
      [ "recipe_arrows", 3 ],
      [ "recipe_augs", 1 ],
      [ "recipe_bows", 3 ],
      [ "recipe_bullets", 3 ],
      [ "recipe_elfa", 1 ],
      [ "battery_ups", 5 ],
      [ "recoil_stock", 1 ],
      [ "red_dot_sight", 1 ],
      [ "ref_lighter", 6 ],
      [ "restaurantmap", 5 ],
      [ "rhubarb", 1 ],
      [ "rifle_scope", 4 ],
      [ "gold_ring", 6 ],
      [ "roadmap", 4 ],
      [ "rolling_paper", 3 ],
      [ "rollmat", 8 ],
      [ "rootbeer", 4 ],
      [ "rope_30", 4 ],
      [ "rope_6", 4 ],
      [ "royal_jelly", 1 ],
      [ "rum", 4 ],
      [ "runner_bag", 1 ],
      [ "SICP", 1 ],
      [ "saline", 3 ],
      [ "salt", 10 ],
      [ "salt_water", 3 ],
      [ "salted_fish", 5 ],
      [ "sandwich_t", 3 ],
      [ "sandwich_pb", 3 ],
      [ "sandwich_pbj", 3 ],
      [ "sandwich_pbh", 3 ],
      [ "sandwich_pbm", 3 ],
      [ "sauce_pesto", 2 ],
      [ "sauce_red", 2 ],
      [ "saw", 5 ],
      [ "scissors", 8 ],
      [ "screwdriver", 8 ],
      [ "scythe", 5 ],
      [ "seasoning_italian", 5 ],
      [ "seasoning_salt", 8 ],
      [ "seed_barley", 3 ],
      [ "seed_blueberries", 3 ],
      [ "seed_cotton_boll", 3 ],
      [ "seed_hops", 3 ],
      [ "seed_strawberries", 3 ],
      [ "seed_sugar_beet", 3 ],
      [ "seed_tomato", 3 ],
      [ "seed_weed", 3 ],
      [ "seed_tobacco", 3 ],
      [ "seed_wheat", 3 ],
      [ "sewing_kit", 15 ],
      [ "sheath", 8 ],
      [ "shot_hull", 1 ],
      [ "shotgun_primer", 2 ],
      [ "shovel", 8 ],
      [ "sickle", 3 ],
      [ "sleeping_bag_roll", 10 ],
      [ "sloppyjoe", 3 ],
      [ "sm_extinguisher", 2 ],
      [ "small_lcd_screen", 1 ],
      [ "small_repairkit", 3 ],
      [ "smart_lamp", 2 ],
      [ "smokebomb", 2 ],
      [ "smoxygen_tank", 1 ],
      [ "smpistol_primer", 2 ],
      [ "smrifle_primer", 2 ],
      [ "soap", 10 ],
      [ "socks", 10 ],
      [ "socks_wool", 10 ],
      [ "solder_wire", 5 ],
      [ "soldering_iron", 5 ],
      [ "soup_chicken", 3 ],
      [ "soup_dumplings", 3 ],
      [ "soup_meat", 3 ],
      [ "soup_mushroom", 2 ],
      [ "soup_tomato", 2 ],
      [ "soup_veggy", 2 ],
      [ "spaghetti_raw", 4 ],
      [ "speargun", 1 ],
      [ "spoon", 5 ],
      [ "spork", 3 ],
      [ "sports_drink", 4 ],
      [ "spray_can", 3 ],
      [ "stabilizer", 1 ],
      [ "stethoscope", 2 ],
      [ "stick", 5 ],
      [ "story_book", 1 ],
      [ "stout", 3 ],
      [ "strawberries", 3 ],
      [ "string_36", 4 ],
      [ "string_6", 4 ],
      [ "sugar", 7 ],
      [ "sugar_beet", 2 ],
      [ "superglue", 8 ],
      [ "suppressor", 1 ],
      [ "survival_book", 3 ],
      [ "survnote", 3 ],
      [ "swim_fins", 1 ],
      [ "switchblade", 5 ],
      [ "sword_bayonet", 1 ],
      [ "syringe", 3 ],
      [ "shavingkit", 3 ],
      [ "survivor_shavingkit", 5 ],
      [ "elec_hairtrimmer", 2 ],
      [ "survivor_hairtrimmer", 3 ],
      [ "syrup", 4 ],
      [ "tailor_portfolio", 1 ],
      [ "talking_doll", 3 ],
      [ "tall_tales", 1 ],
      [ "tazer", 5 ],
      [ "tea_raw", 8 ],
      [ "teapot", 8 ],
      [ "teleumbrella", 4 ],
      [ "tent_kit", 6 ],
      [ "tequila", 5 ],
      [ "textbook_anarch", 1 ],
      [ "textbook_armeast", 1 ],
      [ "textbook_armwest", 1 ],
      [ "textbook_business", 1 ],
      [ "textbook_carpentry", 2 ],
      [ "textbook_chemistry", 1 ],
      [ "textbook_computer", 1 ],
      [ "textbook_electronics", 1 ],
      [ "textbook_fabrication", 2 ],
      [ "textbook_fireman", 1 ],
      [ "textbook_firstaid", 2 ],
      [ "textbook_gaswarfare", 1 ],
      [ "textbook_mechanics", 1 ],
      [ "textbook_robots", 1 ],
      [ "textbook_speech", 1 ],
      [ "textbook_survival", 1 ],
      [ "textbook_tailor", 1 ],
      [ "textbook_traps", 2 ],
      [ "textbook_weapeast", 1 ],
      [ "textbook_weapwest", 1 ],
      [ "thermal_socks", 3 ],
      [ "thorazine", 3 ],
      [ "thread", 8 ],
      [ "throw_extinguisher", 2 ],
      [ "throwing_knife", 6 ],
      [ "tin", 2 ],
      [ "toastem", 3 ],
      [ "toastem2", 3 ],
      [ "toastem3", 3 ],
      [ "toasterpastryfrozen", 3 ],
      [ "tobacco", 8 ],
      [ "tomato", 3 ],
      [ "tongs", 2 ],
      [ "tool_belt", 8 ],
      [ "toolbox", 4 ],
      [ "touristmap", 6 ],
      [ "towel", 4 ],
      [ "tramadol", 4 ],
      [ "transponder", 2 ],
      [ "trappers_companion", 2 ],
      [ "triple_sec", 2 ],
      [ "two_way_radio", 10 ],
      [ "UPS_off", 3 ],
      [ "umbrella", 3 ],
      [ "usb_drive", 3 ],
      [ "V8", 3 ],
      [ "vac_sealer", 1 ],
      [ "vaccine_shot", 4 ],
      [ "vacutainer", 3 ],
      [ "veggy", 8 ],
      [ "vibrator", 3 ],
      [ "vinegar", 5 ],
      [ "vitamins", 10 ],
      [ "calcium_tablet", 10 ],
      [ "vodka", 4 ],
      [ "water_clean", 20 ],
      [ "water_mineral", 10 ],
      [ "water_purifier", 8 ],
      [ "watermelon", 4 ],
      [ "waterproof_gunmod", 1 ],
      [ "wearable_light", 10 ],
      [ "weed", 12 ],
      [ "welder", 3 ],
      [ "welding_book", 2 ],
      [ "wheat", 3 ],
      [ "whiskey", 6 ],
      [ "wine_barley", 12 ],
      [ "wine_cabernet", 3 ],
      [ "wine_chardonnay", 3 ],
      [ "wine_marsala", 2 ],
      [ "wine_noir", 3 ],
      [ "wine_riesling", 3 ],
      [ "wine_vermouth", 3 ],
      [ "wrapped_rad_badge", 2 ],
      [ "wrapper", 3 ],
      [ "wrench", 3 ],
      [ "wristwatch", 10 ],
      [ "xacto", 5 ],
      [ "xanax", 3 ],
      [ "yeast", 5 ],
      [ "yoghurt", 2 ],
      [ "zucchini", 3 ]
    ]
  }
]
