[
  {
    "type": "item_group",
    "id": "NC_CITY_COP_storage",
    "items": [ [ "duffelbag", 100 ] ]
  },
  {
    "id": "NC_CITY_COP_gloves",
    "type": "item_group",
    "items": [ [ "gloves_leather", 45 ], [ "gloves_medical", 20 ], [ "gloves_tactical", 10 ] ]
  },
  {
    "id": "NC_CITY_COP_helmet",
    "type": "item_group",
    "items": [ [ "helmet_riot", 100 ] ]
  },
  {
    "id": "NC_CITY_COP_pants",
    "type": "item_group",
    "items": [ [ "pants", 75 ], [ "pants_cargo", 70 ], [ "leather_belt", 30 ] ]
  },
  {
    "id": "NC_CITY_COP_shoes",
    "type": "item_group",
    "items": [ [ "boots", 70 ], [ "boots_steel", 50 ], [ "boots_hiking", 20 ], [ "boots_western", 5 ], [ "boots_combat", 10 ] ]
  },
  {
    "id": "NC_CITY_COP_torso",
    "type": "item_group",
    "items": [ [ "dress_shirt", 50 ], [ "sheriffshirt", 45 ], [ "jacket_light", 40 ] ]
  },
  {
    "id": "NC_CITY_COP_melee",
    "type": "item_group",
    "items": [ [ "baton", 50 ], [ "PR24-retracted", 30 ], [ "tazer", 20 ] ]
  },
  {
    "id": "NC_CITY_COP_weapons",
    "type": "item_group",
    "items": [ { "group": "cop_melee", "prob": 100 }, { "group": "guns_cop", "prob": 100 } ]
  },
  {
    "id": "NC_CITY_COP_misc",
    "type": "item_group",
    "ammo": 75,
    "magazine": 100,
    "items": [
      [ "gold_ring", 30 ],
      [ "gold_ear", 30 ],
      [ "gold_bracelet", 30 ],
      [ "gold_watch", 30 ],
      [ "gold_dental_grill", 10 ],
      [ "silver_ear", 40 ],
      [ "silver_necklace", 40 ],
      [ "silver_bracelet", 40 ],
      [ "sf_watch", 10 ],
      [ "diamond_ring", 10 ],
      [ "diamond_dental_grill", 5 ],
      [ "jade_brooch", 30 ],
      [ "copper_ear", 50 ],
      [ "pocketwatch", 30 ],
      [ "tieclip", 35 ],
      [ "pearl_collar", 30 ],
      [ "diamond", 10 ],
      [ "holy_symbol", 20 ],
      [ "soldering_iron", 60 ],
      [ "solder_wire", 60 ],
      [ "inhaler", 14 ],
      [ "codeine", 15 ],
      [ "oxycodone", 4 ],
      [ "morphine", 4 ],
      [ "tramadol", 11 ],
      [ "xanax", 10 ],
      [ "adderall", 10 ],
      [ "thorazine", 7 ],
      [ "prozac", 10 ],
      [ "antibiotics", 25 ],
      [ "antifungal", 2 ],
      [ "antiparasitic", 3 ],
      [ "survnote", 1 ],
      [ "diazepam", 4 ],
      [ "flu_shot", 5 ],
      [ "syringe", 8 ],
      [ "pills_sleep", 15 ],
      [ "oxycodone", 4 ],
      [ "morphine", 4 ],
      [ "xanax", 10 ],
      [ "adderall", 10 ],
      [ "pipe_tobacco", 2 ],
      [ "tobacco", 2 ],
      [ "adrenaline_injector", 2 ],
      [ "weed", 50 ],
      [ "joint", 10 ],
      [ "seed_weed", 35 ],
      [ "seed_tobacco", 15 ],
      [ "rolling_paper", 9 ],
      [ "pipe_glass", 17 ],
      [ "coke", 8 ],
      [ "meth", 2 ],
      [ "heroin", 1 ],
      [ "crack", 4 ],
      [ "antifungal", 1 ],
      [ "antiparasitic", 2 ],
      [ "diazepam", 1 ],
      [ "lsd", 6 ],
      [ "lwfeed", 30 ],
      [ "weed", 10 ],
      [ "electrohack", 3 ],
      [ "textbook_gaswarfare", 1 ],
      [ "textbook_anarch", 3 ],
      [ "brewing_cookbook", 3 ],
      [ "recipe_bullets", 1 ],
      [ "knife_combat", 14 ],
      [ "knife_rm42", 2 ],
      [ "kukri", 2 ],
      [ "knife_hunting", 4 ],
      [ "knife_rambo", 20 ],
      [ "tanto", 3 ],
      [ "throwing_knife", 7 ],
      [ "punch_dagger", 12 ],
      [ "crowbar", 18 ],
      [ "tazer", 3 ],
      [ "software_hacking", 10 ],
      [ "spray_can", 50 ],
      [ "lsd", 2 ],
      [ "pocketwatch", 5 ],
      [ "sf_watch", 5 ],
      [ "file", 5 ],
      [ "RPG", 1 ],
      [ "RPG-7_ammo", 1 ],
      [ "clown_suit", 2 ],
      [ "clownshoes", 2 ],
      [ "bondage_suit", 1 ],
      [ "gold_dental_grill", 1 ],
      [ "knife_trench", 14 ],
      [ "switchblade", 15 ],
      [ "bondage_mask", 1 ],
      [ "thermos", 25 ],
      [ "antenna", 18 ],
      [ "screwdriver", 40 ],
      [ "RAM", 22 ],
      [ "mp3", 18 ],
      [ "portable_game", 12 ],
      [ "game_watch", 3 ],
      [ "vibrator", 10 ],
      [ "flashlight", 40 ],
      [ "heavy_flashlight", 10 ],
      [ "radio", 20 ],
      [ "mess_kit", 5 ],
      [ "hotplate", 10 ],
      [ "coffeemaker", 10 ],
      [ "receiver", 10 ],
      [ "transponder", 5 ],
      [ "tazer", 3 ],
      [ "usb_drive", 5 ],
      [ "recipe_augs", 4 ],
      [ "cable", 60 ],
      [ "vac_sealer", 10 ],
      [ "smart_phone", 50 ],
      [ "eink_tablet_pc", 15 ],
      [ "mobile_memory_card", 40 ],
      [ "camera", 15 ],
      [ "camera_pro", 5 ],
      [ "wristwatch", 15 ],
      [ "radio_car_box", 3 ],
      [ "radiocontrol", 15 ],
      [ "magnifying_glass", 4 ],
      [ "omnicamera", 2 ],
      [ "l-stick", 1 ],
      [ "reading_light", 6 ]
    ]
  }
]
