[
  {
    "id": "TALK_CAMP_GENERAL",
    "type": "talk_topic",
    "dynamic_line": "What about faction camps?",
    "responses": [
      { "text": "Tell me how faction camps work.", "topic": "TALK_CAMP_TUTORIAL_INTRO" },
      { "text": "Tell me how faction camps have changed.", "topic": "TALK_CAMP_TUTORIAL_CHANGES" },
      {
        "text": "I want you to build a camp here.",
        "topic": "TALK_HALLU_CAMP",
        "condition": { "npc_has_trait": "HALLUCINATION" },
        "switch": true
      },
      {
        "text": "I want you to build a camp here.",
        "topic": "TALK_DONE",
        "effect": "start_camp",
        "condition": { "npc_at_om_location": "FACTION_CAMP_START" },
        "switch": true,
        "default": true
      },
      {
        "text": "Show me what needs to be done at the camp.",
        "topic": "TALK_DONE",
        "effect": "basecamp_mission",
        "condition": { "npc_at_om_location": "FACTION_CAMP_ANY" }
      },
      { "text": "Nothing.  Let's talk about something else.", "topic": "TALK_FRIEND" },
      { "text": "Never mind, let's talk about other things you can do", "topic": "TALK_ALLY_TUTORIAL" },
      { "text": "Nothing.  Lets' get back to work.", "topic": "TALK_DONE" }
    ]
  },
  {
    "id": "TALK_CAMP_TUTORIAL_INTRO",
    "type": "talk_topic",
    "dynamic_line": "The faction camp system is designed to give you greater control over your companions by allowing you to assign them to their own missions.  These missions can range from gathering and crafting to eventual combat patrols.",
    "responses": [
      { "text": "Go on.", "topic": "TALK_CAMP_TUTORIAL_FOOD" },
      { "text": "Never mind, let's go back to talking about camps.", "topic": "TALK_CAMP_GENERAL" },
      { "text": "Never mind, let's talk about other things you can do.", "topic": "TALK_ALLY_TUTORIAL" },
      { "text": "Never mind, let's talk about something else.", "topic": "TALK_FRIEND" },
      { "text": "Forget it.  Let's go.", "topic": "TALK_DONE" }
    ]
  },
  {
    "id": "TALK_CAMP_TUTORIAL_FOOD",
    "type": "talk_topic",
    "dynamic_line": "Food is required for or produced during every mission.  Missions that are for a fixed amount of time will require you to pay in advance while repeating missions, like gathering firewood, are paid upon completion.  Not having the food needed to pay a companion will result in a loss of reputation across the faction.  Which can lead to VERY bad things if it gets too low.",
    "responses": [
      { "text": "Go on.", "topic": "TALK_CAMP_TUTORIAL_CONTROL" },
      { "text": "Never mind, let's go back to talking about camps.", "topic": "TALK_CAMP_GENERAL" },
      { "text": "Wait, repeat what you said.", "topic": "TALK_NONE" },
      { "text": "Never mind, let's talk about other things you can do.", "topic": "TALK_ALLY_TUTORIAL" },
      { "text": "Never mind, let's talk about something else.", "topic": "TALK_FRIEND" },
      { "text": "Forget it.  Let's go.", "topic": "TALK_DONE" }
    ]
  },
  {
    "id": "TALK_CAMP_TUTORIAL_CONTROL",
    "type": "talk_topic",
    "dynamic_line": "Each faction camp has a bulletin board associated with it.  You can 'e'xamine the bulletin board to get a list of tasks that can be done and that are  currently complete at the camp.  You can select a task and choose an allied NPC to perform the task. \nThe task list shows tasks for the central camp.  If you have expansions, you can hit 'TAB' to move between the central camp and each expansion and see the tasks for the expansions. \nIf you have a two way radio, you can use it to assign tasks remotely to any friendly NPC who also has a two way radio.",
    "responses": [
      { "text": "Go on.", "topic": "TALK_CAMP_TUTORIAL_SETUP" },
      { "text": "Never mind, let's go back to talking about camps.", "topic": "TALK_CAMP_GENERAL" },
      { "text": "Wait, repeat what you said.", "topic": "TALK_NONE" },
      { "text": "Never mind, let's talk about other things you can do.", "topic": "TALK_ALLY_TUTORIAL" },
      { "text": "Never mind, let's talk about something else.", "topic": "TALK_FRIEND" },
      { "text": "Forget it.  Let's go.", "topic": "TALK_DONE" }
    ]
  },
  {
    "id": "TALK_CAMP_TUTORIAL_SETUP",
    "type": "talk_topic",
    "dynamic_line": "For your first camp, pick a site that has fields in the 8 adjacent tiles and lots of forests around it.  Forests are your primary source of construction materials in the early game while fields can be used for farming.  You don't have to be too picky, you can build as many camps as you want.  You need a friendly NPC to perform tasks at the camp. \nAlthough you can build a camp from scratch in a field, you can also take over some other buildings.  If you talk to a friendly NPC about faction camps and the NPC is standing in a building that can be used as a basecamp, you'll get the option to build a camp in that building.",
    "responses": [
      { "text": "Go on.", "topic": "TALK_CAMP_TUTORIAL_UPGRADES" },
      { "text": "Never mind, let's go back to talking about camps.", "topic": "TALK_CAMP_GENERAL" },
      { "text": "Wait, repeat what you said.", "topic": "TALK_NONE" },
      { "text": "Never mind, let's talk about something else.", "topic": "TALK_FRIEND" },
      { "text": "Forget it.  Let's go.", "topic": "TALK_DONE" }
    ]
  },
  {
    "id": "TALK_CAMP_TUTORIAL_UPGRADES",
    "type": "talk_topic",
    "dynamic_line": "After you pick a site you will need to find or make materials to upgrade the camp further to access new missions.  The first new missions are focused on gathering materials to upgrade the camp so you don't have to.  After two or three upgrades you will have access to the <color_yellow>[Menial Labor]</color> mission which will allow you to task companions with sorting all of the items around your camp into categories.  Later upgrades allow you to send companions to recruit new members, build overmap fortifications, or even conduct combat patrols",
    "responses": [
      { "text": "Go on.", "topic": "TALK_CAMP_TUTORIAL_EXPANSIONS" },
      { "text": "Never mind, let's go back to talking about camps.", "topic": "TALK_CAMP_GENERAL" },
      { "text": "Wait, repeat what you said.", "topic": "TALK_NONE" },
      { "text": "Never mind, let's talk about other things you can do.", "topic": "TALK_ALLY_TUTORIAL" },
      { "text": "Never mind, let's talk about something else.", "topic": "TALK_FRIEND" },
      { "text": "Forget it.  Let's go.", "topic": "TALK_DONE" }
    ]
  },
  {
    "id": "TALK_CAMP_TUTORIAL_EXPANSIONS",
    "type": "talk_topic",
    "dynamic_line": "When you upgrade your first tent all the way you will unlock the ability to construct expansions.  Expansions allow you to specialize each camp you build by focusing on the industries that you need.  A <color_light_green>[Farm]</color> is recommended for players that want to pursue a large faction while a <color_light_green>[Kitchen]</color> is better for players that just want the quality of life improvement of having an NPC do all of their cooking.  A <color_light_green>[Garage]</color> is useful for chop shop type missions that let you trade vehicles for large amounts of parts and resources.  All those resources can be turning into valuable equipment in the <color_light_green>[Blacksmith Shop]</color>. You can build an additional expansion every other level after the first is unlocked and when one camp is full you can just as easily build another.",
    "responses": [
      { "text": "Thanks, let's go back to talking about camps.", "topic": "TALK_CAMP_GENERAL" },
      { "text": "Wait, repeat what you said.", "topic": "TALK_NONE" },
      { "text": "Never mind, let's talk about other things you can do.", "topic": "TALK_ALLY_TUTORIAL" },
      { "text": "Never mind, let's talk about something else.", "topic": "TALK_FRIEND" },
      { "text": "Forget it.  Let's go.", "topic": "TALK_DONE" }
    ]
  },
  {
    "id": "TALK_CAMP_TUTORIAL_CHANGES",
    "type": "talk_topic",
    "dynamic_line": "\n1.  Faction camps used to require a second NPC to act as overseer and camp manager, but that's been replaced by the bulletin board and two-way radio.\n2.  It used to be impossible to upgrade faction camps if there was a vehicle, even a cart, on the same map.  You can now upgrade camps even if there is a vehicle on the map, as long as the upgrade doesn't change the area under the vehicle.\n3.  Faction camps used to upgrade by completely redrawing the map.  Damage to the camp would be replaced when the camp was upgraded.  Now upgrades only change the actual area being upgraded, and you will have to repair damage to the camp yourself.\n4.  There used to be a single path for upgrading the main camp.  Now, after you have completed the first tent, you will have many options for your next upgrade, and you can have different companions working on different upgrades of the main camp at the same time.\n5.  Friendly NPCs who are near a camp will feed themselves from the camp's food stores, and if the camp has a well, they'll use it to quench their thirst.\n6.  You can now set up faction camps in select buildings.  The list of available buildings is constantly growing, so you'll have to experiment.",
    "responses": [
      { "text": "Thanks, let's go back to talking about camps.", "topic": "TALK_NONE" },
      { "text": "Never mind, let's talk about something else.", "topic": "TALK_FRIEND" },
      { "text": "Forget it.  Let's go.", "topic": "TALK_DONE" }
    ]
  },
  {
    "id": "TALK_CAMP_OVERSEER",
    "type": "talk_topic",
    "dynamic_line": "Hey boss.  I was thinking, you don't really need me sitting in this tent and not really contributing to the camp.  it's a cushy job, but I could do more. We could put up a bulletin board and you could write up what you want done there.  What do you say?",
    "responses": [
      { "text": "What needs to be done?", "topic": "TALK_CAMP_OVERSEER", "effect": "basecamp_mission" },
      {
        "text": "Yes, set up the bulletin board and then go back to normal duties.",
        "topic": "TALK_DONE",
        "effect": "remove_overseer"
      },
      { "text": "See you around.", "topic": "TALK_DONE" }
    ]
  },
  {
    "id": "TALK_HALLU_CAMP",
    "type": "talk_topic",
    "dynamic_line": "<hallu_dont_camp>",
    "responses": [ { "text": "Fair enough.", "topic": "TALK_NONE" } ]
  }
]
