[
  {
    "type": "npc",
    "id": "refugee_MangalpreetSingh",
    "name_unique": "Mangalpreet Singh",
    "gender": "female",
    "name_suffix": "refugee",
    "class": "NC_REFUGEE_Mangalpreet",
    "attitude": 0,
    "mission": 7,
    "chat": "TALK_REFUGEE_Mangalpreet_1",
    "faction": "free_merchants"
  },
  {
    "type": "npc_class",
    "id": "NC_REFUGEE_Mangalpreet",
    "name": "Refugee",
    "job_description": "I'm just trying to survive.",
    "common": false,
    "//": "Mangalpreet is the mother of a small family.  They've made it through this unscathed and have a lot of survivor's guilt.",
    "bonus_str": { "rng": [ -2, 2 ] },
    "bonus_dex": { "rng": [ -2, 2 ] },
    "bonus_int": { "rng": [ -2, 2 ] },
    "bonus_per": { "rng": [ -2, 2 ] },
    "worn_override": "REFUGEE_Mangalpreet_worn",
    "carry_override": "REFUGEE_Mangalpreet_carried",
    "weapon_override": "EMPTY_GROUP",
    "traits": [ { "group": "NPC_starting_traits" }, { "group": "Appearance_SouthAsian" } ],
    "skills": [
      { "skill": "ALL", "level": { "mul": [ { "one_in": 3 }, { "sum": [ { "dice": [ 2, 2 ] }, { "rng": [ 0, -4 ] } ] } ] } },
      { "skill": "cooking", "bonus": { "rng": [ 3, 4 ] } },
      { "skill": "tailor", "bonus": { "rng": [ 2, 4 ] } },
      { "skill": "fabrication", "bonus": { "rng": [ 1, 2 ] } }
    ]
  },
  {
    "type": "item_group",
    "id": "REFUGEE_Mangalpreet_worn",
    "subtype": "collection",
    "entries": [
      { "item": "breeches" },
      { "item": "tank_top" },
      { "item": "socks" },
      { "item": "leggings" },
      { "item": "robe" },
      { "item": "headscarf" },
      { "item": "boots" },
      { "group": "REFUGEE_Mangalpreet_wield" }
    ]
  },
  {
    "type": "item_group",
    "id": "REFUGEE_Mangalpreet_carried",
    "subtype": "collection",
    "entries": [ { "item": "holybook_granth" } ]
  },
  {
    "type": "item_group",
    "id": "REFUGEE_Mangalpreet_wield",
    "subtype": "distribution",
    "entries": [
      { "item": "knife_steak", "container-item": "sheath", "prob": 4 },
      { "item": "knife_butcher", "container-item": "sheath", "prob": 2 },
      { "item": "kukri", "container-item": "sheath", "prob": 1 }
    ]
  },
  {
    "type": "talk_topic",
    "//": "common talk responses",
    "id": [ "TALK_REFUGEE_Mangalpreet_2", "TALK_REFUGEE_Mangalpreet_Background", "TALK_REFUGEE_Mangalpreet_Situation" ],
    "responses": [
      { "text": "What's your story?", "topic": "TALK_REFUGEE_Mangalpreet_Background" },
      { "text": "How are things here?", "topic": "TALK_REFUGEE_Mangalpreet_Situation" }
    ]
  },
  {
    "type": "talk_topic",
    "id": "TALK_REFUGEE_Mangalpreet_1",
    "dynamic_line": {
      "u_has_var": "u_met_Mangalpreet_Singh",
      "type": "general",
      "context": "meeting",
      "value": "yes",
      "yes": [ "Hello again.", "Hi there.", "Oh, hello there." ],
      "no": "Ah!  You are new.  I'm sorry, I'm Mangalpreet."
    },
    "responses": [
      {
        "text": "Nice to meet you, Mangalpreet.",
        "effect": { "u_add_var": "u_met_Mangalpreet_Singh", "type": "general", "context": "meeting", "value": "yes" },
        "condition": { "not": { "u_has_var": "u_met_Mangalpreet_Singh", "type": "general", "context": "meeting", "value": "yes" } },
        "topic": "TALK_REFUGEE_Mangalpreet_1_firstmeet"
      },
      {
        "text": "Hi, Mangalpreet.",
        "topic": "TALK_REFUGEE_Mangalpreet_2",
        "condition": { "u_has_var": "u_met_Mangalpreet_Singh", "type": "general", "context": "meeting", "value": "yes" }
      },
      {
        "text": "Hi Mangalpreet, nice to meet you.  I gotta go though.",
        "effect": { "u_add_var": "u_met_Mangalpreet_Singh", "type": "general", "context": "meeting", "value": "yes" },
        "condition": { "not": { "u_has_var": "u_met_Mangalpreet_Singh", "type": "general", "context": "meeting", "value": "yes" } },
        "topic": "TALK_DONE"
      },
      {
        "text": "Hi Mangalpreet.  I can't stay to talk.",
        "condition": { "u_has_var": "u_met_Mangalpreet_Singh", "type": "general", "context": "meeting", "value": "yes" },
        "topic": "TALK_DONE"
      }
    ]
  },
  {
    "type": "talk_topic",
    "id": "TALK_REFUGEE_Mangalpreet_1_firstmeet",
    "dynamic_line": "Yes, I'm glad to meet you too.  Will you be staying with us?  I thought they were taking no more refugees.",
    "responses": [
      { "text": "I'm a traveller actually.  Just saying hello.", "topic": "TALK_REFUGEE_Mangalpreet_2" },
      { "text": "Actually I'm just heading out.", "topic": "TALK_DONE" }
    ]
  },
  {
    "type": "talk_topic",
    "id": "TALK_REFUGEE_Mangalpreet_2",
    "dynamic_line": "Is there anything you'd like to talk about?",
    "responses": [ { "text": "Not really.  I'd better get going.", "topic": "TALK_DONE" } ]
  },
  {
    "type": "talk_topic",
    "id": "TALK_REFUGEE_Mangalpreet_Background",
    "dynamic_line": "Before the end of the world, I was the vice principal of an elementary school.  Now, I'm not sure what I am.  A person without a purpose.",
    "responses": [
      { "text": "What were you saying before?", "topic": "TALK_NONE" },
      { "text": "I'd better get going.", "topic": "TALK_DONE" }
    ]
  },
  {
    "type": "talk_topic",
    "id": "TALK_REFUGEE_Mangalpreet_Situation",
    "dynamic_line": "I have my family.  I have the Guru Granth Sahib.  I have these things, but I do not have peace.  No one here does.  We are crowded, we are plagued by the sounds and the memories of the dead.  The situation is grim.",
    "responses": [
      { "text": "What were you saying before?", "topic": "TALK_NONE" },
      { "text": "I'd better get going.", "topic": "TALK_DONE" }
    ]
  }
]
