[
  {
    "id": "BGSS_DREAMER_STORY1",
    "type": "talk_topic",
    "dynamic_line": "OK, this is gonna sound crazy but I, like, I knew this was going to happen.  Like, before it did.  You can even ask my psychic except, like, I think she's dead now.  I told her about my dreams a week before the world ended.  Serious!",
    "responses": [
      { "text": "What were your dreams?", "topic": "BGSS_DREAMER_STORY2" },
      { "text": "<done_conversation_section>", "topic": "TALK_FRIEND" },
      { "text": "<end_talking>", "topic": "TALK_DONE" }
    ]
  },
  {
    "id": "BGSS_DREAMER_STORY2",
    "type": "talk_topic",
    "dynamic_line": "OK, so, the first dream I had every night for three weeks.  I dreamed that I was running through the woods with a stick, fighting giant spiders.  For reals!  Every night.",
    "responses": [
      { "text": "OK, that doesn't seem that unusual though.", "topic": "BGSS_DREAMER_STORY3a" },
      { "text": "Wow, crazy, I can't believe you really dreamed <the_cataclysm>.", "topic": "BGSS_DREAMER_STORY3b" },
      { "text": "<done_conversation_section>", "topic": "TALK_FRIEND" },
      { "text": "<end_talking>", "topic": "TALK_DONE" }
    ]
  },
  {
    "id": "BGSS_DREAMER_STORY3a",
    "type": "talk_topic",
    "dynamic_line": "OK, that's just, like, the beginning though.  So, a week before it happened, after the spider dream, I would get up and go pee and then go back to bed 'cause I was kinda freaked out, right?  And then I'd have this other dream, like, where my boss died and came back from the dead!  And then, at work a few days later, my boss' husband was visiting and he had a heart attack and I heard the next day that he'd come back from the dead!  Just like in my dream, only it was a different person!",
    "responses": [
      { "text": "That is kinda strange.", "topic": "BGSS_DREAMER_STORY4" },
      { "text": "<done_conversation_section>", "topic": "TALK_FRIEND" },
      { "text": "<end_talking>", "topic": "TALK_DONE" }
    ]
  },
  {
    "id": "BGSS_DREAMER_STORY3b",
    "type": "talk_topic",
    "dynamic_line": "RIGHT?!  And there's more!  So, a week before it happened, after the spider dream, I would get up and go pee and then go back to bed 'cause I was kinda freaked out, right?  And then I'd have this other dream, like, where my boss died and came back from the dead!  And then, at work a few days later, my boss' husband was visiting and he had a heart attack and I heard the next day that he'd come back from the dead!  Just like in my dream, only it was a different person!",
    "responses": [
      { "text": "That is kinda strange.", "topic": "BGSS_DREAMER_STORY4" },
      { "text": "<done_conversation_section>", "topic": "TALK_FRIEND" },
      { "text": "<end_talking>", "topic": "TALK_DONE" }
    ]
  },
  {
    "id": "BGSS_DREAMER_STORY4",
    "type": "talk_topic",
    "dynamic_line": "RIGHT?!  Anyway, I still get weird dreams, but not of the future anymore.  Like, I get a lot of creepy dreams since the world ended.  Like, every couple nights, I dream about a field of black stars all around the Earth, and for just a second they all stare at the Earth all at once like a billion tiny black eyeballs.  And then they blink and look away, and then in my dream the Earth is a black star like all the other ones, and I'm stuck on it still, all alone and freakin' out.  That's the worst one.  There are a few others.",
    "responses": [
      { "text": "Tell me some more of your weird dreams.", "topic": "BGSS_DREAMER_STORY5" },
      { "text": "<done_conversation_section>", "topic": "TALK_FRIEND" },
      { "text": "<end_talking>", "topic": "TALK_DONE" }
    ]
  },
  {
    "id": "BGSS_DREAMER_STORY5",
    "type": "talk_topic",
    "dynamic_line": "OK, so, sometimes I dream that I am a zombie.  I just don't realize it.  And I just act normal to myself and I see zombies as normal people and normal people as zombies.  When I wake up I know it's fake though because if it were real, there would be way more normal people.  Because they'd actually be zombies.  And everyone is a zombie now.",
    "responses": [
      { "text": "I think we all have dreams like that now.", "topic": "BGSS_DREAMER_STORY6" },
      { "text": "<done_conversation_section>", "topic": "TALK_FRIEND" },
      { "text": "<end_talking>", "topic": "TALK_DONE" }
    ]
  },
  {
    "id": "BGSS_DREAMER_STORY6",
    "type": "talk_topic",
    "dynamic_line": "Yeah, probably.  Sometimes I also dream that I am just like, a mote of dust, floating in a vast, uncaring galaxy.  That one makes me wish that my pot dealer, Filthy Dan, hadn't been eaten by a giant crab monster.",
    "responses": [
      { "text": "Poor Filthy Dan.  <done_conversation_section>", "topic": "TALK_FRIEND" },
      { "text": "Thanks for telling me that stuff.  <end_talking>", "topic": "TALK_DONE" }
    ]
  }
]
