[
  {
    "type": "mapgen",
    "method": "json",
    "om_terrain": "cabin_lake",
    "object": {
      "fill_ter": "t_floor",
      "rows": [
        "............//..........",
        "...........//...........",
        "...........//...........",
        "............//..........",
        "............//..........",
        "...........//...........",
        "..........//.B..........",
        "...////...//............",
        ".//.../////.777.........",
        "//..|||0||+||0|||||00||.",
        "//..|bbg      ay|mmsmf|.",
        "//..|b               n0.",
        "//..0C t X  hth |Rnnon|.",
        "//..|W t X  hth |||||||.",
        ".//.0C t X  hth |sR&|S|.",
        "//..|y          +     |.",
        "//..|||||+|||+|||||0|||.",
        "//...|D   D|y  a|k|.....",
        "//...| @@  |   @|l+.....",
        "//...|g@@ty|d t@|||.....",
        "//...||0|0|||00||4......",
        ".//.....................",
        "..//...............x....",
        "...//..................."
      ],
      "terrain": {
        " ": "t_floor",
        "B": "t_grass",
        "x": "t_grass",
        "/": "t_dirt",
        "7": "t_dirt",
        ".": [ [ "t_grass", 5 ], [ "t_grass_long", 2 ], "t_dirt", "t_shrub" ],
        "|": "t_wall_log",
        "0": "t_window_domestic",
        "+": "t_door_c",
        "4": "t_gutter_downspout"
      },
      "furniture": {
        "h": "f_chair",
        "@": "f_bed",
        "y": [ "f_indoor_plant_y", "f_indoor_plant" ],
        "X": "f_sofa",
        "t": "f_table",
        "s": "f_sink",
        "o": "f_oven",
        "f": "f_fridge",
        "n": "f_counter",
        "m": "f_cupboard",
        "d": "f_dresser",
        "R": "f_trashcan",
        "D": "f_wardrobe",
        "7": "f_bench",
        "C": "f_armchair",
        "b": "f_bookcase",
        "B": "f_birdbath",
        "a": "f_rack_coat",
        "g": "f_floor_lamp",
        "W": "f_fireplace",
        "i": "f_beaded_door",
        "x": "f_rotary_clothesline",
        "S": "f_shower",
        "l": "f_water_heater",
        "k": "f_water_purifier"
      },
      "toilets": { "&": {  } },
      "liquids": { "l": { "liquid": "water_clean", "amount": [ 0, 100 ] } },
      "items": {
        "b": { "item": "homebooks", "chance": 20, "repeat": [ 2, 4 ] },
        "@": { "item": "bed", "chance": 30, "repeat": [ 2, 4 ] },
        "d": { "item": "allclothes", "chance": 55, "repeat": [ 1, 2 ] },
        "D": { "item": "allclothes", "chance": 50, "repeat": [ 2, 3 ] },
        "o": { "item": "oven", "chance": 25, "repeat": [ 1, 2 ] },
        "f": { "item": "fridge", "chance": 25, "repeat": [ 1, 2 ] },
        "S": { "item": "shower", "chance": 25, "repeat": [ 1, 2 ] },
        "R": { "item": "trash", "chance": 25, "repeat": [ 1, 2 ] },
        "w": { "item": "stash_wood", "chance": 25, "repeat": [ 1, 2 ] },
        "t": { "item": "livingroom", "chance": 25, "repeat": [ 1, 2 ] },
        "a": { "item": "jackets", "chance": 25, "repeat": [ 1, 2 ] },
        "m": [
          { "item": "groce_condiment", "chance": 10, "repeat": [ 1, 2 ] },
          { "item": "groce_ingredient", "chance": 30, "repeat": [ 1, 2 ] },
          { "item": "groce_bread", "chance": 20, "repeat": [ 1, 2 ] }
        ],
        "n": [
          { "item": "dishes_utility", "chance": 20, "repeat": [ 1, 2 ] },
          { "item": "kitchen_appliances", "chance": 30, "repeat": [ 1, 2 ] },
          { "item": "dishes_dining", "chance": 10, "repeat": [ 1, 2 ] }
        ]
      },
      "place_monsters": [ { "monster": "GROUP_ZOMBIE", "x": [ 1, 22 ], "y": [ 1, 22 ], "density": 0.1 } ]
    }
  },
  {
    "type": "mapgen",
    "method": "json",
    "om_terrain": "cabin_lake_roof",
    "object": {
      "fill_ter": "t_shingle_flat_roof",
      "rows": [
        "                        ",
        "                        ",
        "                        ",
        "                        ",
        "                        ",
        "                        ",
        "                        ",
        "                        ",
        "                        ",
        "    |222222222222222223 ",
        "    |.................3 ",
        "    |.................3 ",
        "    |............&....3 ",
        "    |W................3 ",
        "    |...............=.3 ",
        "    |.................3 ",
        "    ||............3---3 ",
        "     |............3     ",
        "     |............3     ",
        "     |..........5-3     ",
        "     |----------3       ",
        "                        ",
        "                        ",
        "                        "
      ],
      "palettes": [ "roof_palette" ],
      "terrain": { ".": "t_shingle_flat_roof" },
      "furniture": { "W": "f_chimney" }
    }
  },
  {
    "type": "mapgen",
    "method": "json",
    "om_terrain": "lake_cabin_boathouse",
    "object": {
      "fill_ter": "t_grass",
      "rows": [
        "~~~~~~~--||||||||||...9.",
        "~~~~~~--dddddd|b  |.9...",
        "~~~~~~~~~~~~~d|b r|...9.",
        "~~~~~~~~~~~~~d   r|9....",
        "~~~~~~~~~~~~~d   r|...9.",
        "~~~~~~~~~~~~~d|b  0.....",
        "~-dddddddddddd|b  |...9.",
        "--.......|||||||+||.9...",
        "--.............///......",
        "...............///...9..",
        "...............//.9.....",
        "..............//....9...",
        ".............//...9..9..",
        "............//.9........",
        "...........//...x|***|.9",
        "...........////.t*#t#|..",
        "...........//////...M|..",
        "...........///...*JUU|.9",
        "..........//..9..|***|..",
        ".........//.............",
        "........//.....9..9...9.",
        "........//..9...........",
        ".////..//.9.......9.9...",
        "//..////......9........."
      ],
      "place_vehicles": [
        { "vehicle": "boat_motor_single", "x": 12, "y": 5, "rotation": 180, "chance": 10, "status": 3 },
        { "vehicle": "kayak_racing", "x": 11, "y": 2, "rotation": 180, "chance": 30, "status": 0 },
        { "vehicle": "canoe", "x": 2, "y": 5, "rotation": 180, "chance": 100, "status": 0 }
      ],
      "place_loot": [ { "item": "rope_30", "x": 12, "y": 6, "chance": 100 }, { "item": "stepladder", "x": 17, "y": 1, "chance": 100 } ],
      "terrain": {
        " ": "t_floor",
        "b": "t_floor",
        "r": "t_floor",
        "*": "t_wall_log_half",
        "d": "t_dock",
        "/": "t_dirt",
        "M": "t_dirt",
        "U": "t_dirt",
        "~": "t_water_dp",
        "-": "t_water_sh",
        ".": [ [ "t_grass", 5 ], [ "t_grass_long", 2 ], "t_dirt", "t_shrub" ],
        "|": "t_wall_log",
        "0": "t_window_domestic",
        "+": "t_door_c",
        "9": [
          "t_tree_blackjack",
          [ "t_tree_walnut", 5 ],
          [ "t_tree_chestnut", 5 ],
          "t_tree_beech",
          "t_tree_hazelnut",
          "t_tree_cottonwood",
          [ "t_tree", 5 ],
          [ "t_tree_elm", 3 ],
          "t_tree_dead",
          "t_tree_apple",
          "t_tree_pear",
          "t_tree_cherry",
          "t_tree_peach",
          "t_tree_apricot",
          "t_tree_plum",
          "t_tree_mulberry",
          "t_tree_elderberry",
          [ "t_tree_pine", 5 ],
          "t_tree_birch",
          [ "t_tree_willow", 3 ],
          "t_tree_maple",
          "t_tree_hickory",
          "t_tree_almond",
          "t_tree_pecan"
        ]
      },
      "furniture": {
        "r": "f_rack",
        "b": "f_bench",
        "U": "f_bench",
        "#": "f_smoking_rack",
        "t": "f_table",
        "x": "f_metal_butcher_rack",
        "J": "f_kiln_empty"
      },
      "items": {
        "r": { "item": "fishing_items", "chance": 90, "repeat": [ 2, 4 ] },
        "b": { "item": "fishing_items", "chance": 30, "repeat": [ 2, 4 ] },
        "d": { "item": "fishing_items", "chance": 5, "repeat": [ 1, 2 ] },
        "M": { "item": "stash_wood", "chance": 100, "repeat": [ 6, 10 ] }
      },
      "place_monsters": [ { "monster": "GROUP_ZOMBIE", "x": [ 10, 22 ], "y": [ 15, 22 ], "density": 0.1 } ]
    }
  },
  {
    "type": "mapgen",
    "method": "json",
    "om_terrain": "lake_cabin_boathouse_roof",
    "object": {
      "fill_ter": "t_tar_flat_roof",
      "rows": [
        "         ..........     ",
        "         ..........     ",
        "         ..........     ",
        "         ..........     ",
        "         ..........     ",
        "         ..........     ",
        "         ..........     ",
        "         ..........     ",
        "                        ",
        "                        ",
        "                        ",
        "                        ",
        "                        ",
        "                        ",
        "                 .....  ",
        "                 .....  ",
        "                 .....  ",
        "                 .....  ",
        "                 .....  ",
        "                        ",
        "                        ",
        "                        ",
        "                        ",
        "                        "
      ],
      "palettes": [ "roof_palette" ],
      "terrain": { ".": "t_tar_flat_roof" }
    }
  }
]
