[
  {
    "type": "npc",
    "id": "robofac_intercom",
    "//": "Voice behind the robofac hq intercom.  For the player to chat with an NPC through the intercom, the npc must have name_unique: the intercom.",
    "name_unique": "the intercom",
    "gender": "female",
    "class": "NC_ROBOFAC_INTERCOM",
    "attitude": 0,
    "mission": 3,
    "chat": "TALK_ROBOFAC_INTERCOM",
    "mission_offered": "MISSION_ROBOFAC_INTERCOM_1",
    "faction": "robofac"
  },
  {
    "type": "npc_class",
    "id": "NC_ROBOFAC_INTERCOM",
    "name": "intercom",
    "job_description": "Reading this line is a bug",
    "common": false,
    "bonus_str": { "rng": [ 8, 10 ] },
    "bonus_int": { "rng": [ 1, 2 ] },
    "bonus_per": { "rng": [ 1, 2 ] },
    "skills": [ { "skill": "barter", "level": { "dice": [ 2, 2 ] } } ],
    "shopkeeper_item_group": "NC_ROBOFAC_INTERCOM_trade",
    "carry_override": "NC_ROBOFAC_INTERCOM_trade",
    "worn_override": "NC_ROBOFAC_INTERCOM_worn"
  },
  {
    "type": "item_group",
    "id": "NC_ROBOFAC_INTERCOM_trade",
    "subtype": "collection",
    "entries": [ { "group": "robofac_basic_trade", "count": [ 15, 25 ] } ]
  },
  {
    "type": "item_group",
    "id": "NC_ROBOFAC_INTERCOM_worn",
    "subtype": "collection",
    "entries": [ { "item": "duffelbag" } ]
  },
  {
    "id": "MISSION_ROBOFAC_INTERCOM_1",
    "type": "mission_definition",
    "name": "Return Field Data",
    "description": "Investigate a nearby field and return with Dr. Prado and the robot prototype she was testing.  Failing that, retrieve the I/O recorder stored within the robot.  If the robot remains operational, avoid direct confrontation and use EMP grenades to disable it.",
    "goal": "MGOAL_FIND_ITEM",
    "difficulty": 5,
    "item": "robofac_test_data",
    "value": 1000,
    "start": {
      "assign_mission_target": { "om_terrain": "field", "reveal_radius": 2, "random": true, "search_range": 10 },
      "update_mapgen": {
        "rows": [
          "                        ",
          "                        ",
          "                        ",
          "                        ",
          "                        ",
          "                        ",
          "                        ",
          "                        ",
          "                        ",
          "                        ",
          "                        ",
          "                        ",
          "                        ",
          "                        ",
          "                        ",
          "                        ",
          "                        ",
          "                        ",
          "          M             ",
          "            b b         ",
          "         b b b@bb       ",
          "             b b        ",
          "                        ",
          "                        "
        ],
        "terrain": { "@": "t_grass", "b": "t_dirt", "M": "t_dirt" },
        "fields": { "b": { "field": "fd_blood", "intensity": 1 } },
        "items": { "@": { "item": "NC_ROBOFAC_FIELD_RESEARCHER_worn", "chance": 100 } },
        "item": { "@": [ { "item": "EMPbomb", "amount": 2 }, { "item": "corpse" } ] },
        "monster": { "M": { "monster": "mon_robofac_prototype" } }
      }
    },
    "end": {
      "effect": [
        { "npc_add_var": "npc_intercom_trade", "type": "dialogue", "context": "intercom", "value": "yes" },
        { "u_add_var": "completed_robofac_intercom_1", "type": "dialogue", "context": "intercom", "value": "yes" }
      ]
    },
    "origins": [ "ORIGIN_SECONDARY" ],
    "has_generic_rewards": false,
    "followup": "MISSION_ROBOFAC_INTERCOM_2",
    "dialogue": {
      "describe": "No, I said ... [*You hear a short, muffled conversation from across the intercom*]/nWell, it seems we do have a use for you.  It's dangerous and you are likely to die, but if you complete it we will allow you limited access to our resources.",
      "offer": "One of our scientists recently left the lab to perform a field test on a prototype robot, but failed to return, and has not been heard of since.  Investigate the test and return with her and the prototype. Failing that, return with the data recorder that was attached to our prototype.",
      "accepted": "We appreciate your help, good luck.",
      "rejected": "Don't expect our help then.",
      "advice": "If the robot remains operational don’t try to fight it head on, because it WILL kill you.  Dr. Prado left the Hub with a handful of EMP grenades, use those to disable the robot.",
      "inquire": "Don't you have a job to do?",
      "success": "Unfortunate only the data was salvageable, but you have our thanks for returning it nonetheless.",
      "success_lie": "What good does this do us?",
      "failure": "Simply useless..."
    }
  },
  {
    "id": "MISSION_ROBOFAC_INTERCOM_2",
    "type": "mission_definition",
    "name": "Steal a dead man's mind",
    "description": "Find the corpse of a Hub 01's AI researcher and use the mind splicer kit to recover the memories stored inside their memory implant.",
    "goal": "MGOAL_FIND_ITEM",
    "difficulty": 5,
    "item": "mind_scan_robofac",
    "value": 1000,
    "start": {
      "assign_mission_target": { "om_terrain": "road_ew", "om_terrain_match_type": "EXACT", "reveal_radius": 2, "random": true, "search_range": 80 },
      "update_mapgen": { "place_nested": [ { "chunks": [ "robofac_mi2_convoy_ambush_chunk" ], "x": 0, "y": 0 } ] },
      "effect": [ { "u_buy_item": "mind_splicer" }, { "u_buy_item": "data_card" } ]
    },
    "end": {
      "update_mapgen": [
        {
          "om_terrain": "robofachq_surface_b0",
          "om_special": "hub_01",
          "place_nested": [ { "chunks": [ "robofac_hq_surface_freemerchant_camp" ], "x": 4, "y": 0 } ]
        },
        {
          "om_terrain": "robofachq_surface_entrance",
          "om_special": "hub_01",
          "place_nested": [ { "chunks": [ "robofac_hq_surface_merc_1" ], "x": 3, "y": 10 } ]
        }
      ],
      "effect": [ { "u_buy_item": "RobofacCoin", "count": 2 } ]
    },
    "origins": [ "ORIGIN_SECONDARY" ],
    "has_generic_rewards": false,
    "followup": "MISSION_ROBOFAC_INTERCOM_3",
    "dialogue": {
      "describe": "…",
      "offer": "When the portal storms started, the Government issued an evacuation order for critical XEDRA personnel and sent convoys to retrieve them, with our head of AI research among the recalled.  We recently discovered that he died when the convoy transferring him was ambushed in the initial chaos, but his corpse and memory bionic might remain intact enough for us to extract valuable knowledge.  We want you to travel to the location, make a copy of his Bionic Memory Unit, and return it to us.",
      "accepted": "Remember, perform the extraction /exactly/ as specified, otherwise the bionic will self-destruct.",
      "rejected": "Yes, we recognize that our request is exceptional.  Return if you change your mind.",
      "advice": " You do know what a memory unit looks like, right?  Matte gray, pill-sized, right in front of the corpus callosum.  We suggest a forceps through the eye socket, shaking slightly, then slowly and carefully...",
      "inquire": "Do you have the scan?",
      "success": "You have our thanks and payment.",
      "success_lie": "What good does this do us?",
      "failure": "Simply useless..."
    }
  },
  {
    "id": "MISSION_ROBOFAC_INTERCOM_3",
    "type": "mission_definition",
    "name": "Light retrieval",
    "description": "Reach the collapsed tower basement, and search the ruins for a photonic circuitry template.  The intercom warned you about heavy enemy presence, and of the existence of a hazardous environment.",
    "goal": "MGOAL_FIND_ITEM",
    "difficulty": 5,
    "item": "template_photonics",
    "value": 0,
    "start": {
      "assign_mission_target": {
        "om_terrain": "office_tower_collapse_b_a0",
        "om_special": "office_tower_collapsed",
        "reveal_radius": 1,
        "random": true,
        "search_range": 180,
        "z": -1
      },
      "update_mapgen": [ { "place_nested": [ { "chunks": [ "robofac_mi3_photonics_chunk" ], "x": 10, "y": 22 } ] } ]
    },
    "end": { "effect": [ { "u_buy_item": "RobofacCoin", "count": 4 } ] },
    "origins": [ "ORIGIN_SECONDARY" ],
    "has_generic_rewards": false,
    "dialogue": {
      "describe": "…",
      "offer": "Our facility once sourced advanced photonic circuitry from a nearby robotics manufacturer.  Their building suffered major damage during the portal storms, and collapsed almost entirely.  However, preliminary scouting reveals that the basement prototyping lab likely remains intact.\n\nthe intercom: We ask you to investigate the ruins, and if possible, retrieve a template for the fabrication of said photonic circuitry.",
      "accepted": "We expect your success, mercenary.",
      "rejected": "Return if you change your mind.",
      "advice": "The scout drone also revealed extensive heat signatures and high concentrations of toxic compounds within the ruins, plan accordingly.  We are willing to sell you some protective gear at a discount, if you require it.",
      "inquire": "Have you retrieved the blueprints?",
      "success": "You have our thanks and payment.",
      "success_lie": "What good does this do us?",
      "failure": "Simply useless..."
    }
  },
  {
    "id": "TALK_ROBOFAC_INTERCOM",
    "type": "talk_topic",
    "dynamic_line": {
      "npc_has_var": "npc_intercom_trade",
      "type": "dialogue",
      "context": "intercom",
      "value": "yes",
      "yes": "So, do you need something?",
      "no": {
        "u_has_var": "u_met_robofac_intercom",
        "type": "dialogue",
        "context": "intercom",
        "value": "yes",
        "yes": "We haven't changed our mind.  Go away.",
        "no": "Hold there.  I don't care how you got access to this location, but you are coming no further.  Go away."
      }
    },
    "speaker_effect": {
      "effect": { "u_add_var": "u_met_robofac_intercom", "type": "dialogue", "context": "intercom", "value": "yes" },
      "sentinel": "robofac_intercom_firstmeet"
    },
    "responses": [
      {
        "text": "So how's it down there?",
        "condition": {
          "and": [
            { "not": { "u_has_var": "completed_robofac_intercom_1", "type": "dialogue", "context": "intercom", "value": "yes" } },
            { "not": { "u_has_mission": "MISSION_ROBOFAC_INTERCOM_1" } }
          ]
        },
        "topic": "TALK_ROBOFAC_INTERCOM_PLEAD"
      },
      {
        "text": "Lets trade.",
        "condition": { "npc_has_var": "npc_intercom_trade", "type": "dialogue", "context": "intercom", "value": "yes" },
        "topic": "TALK_ROBOFAC_INTERCOM",
        "effect": "start_trade"
      },
      {
        "text": "I came looking for valuables, maybe I can trade with you instead?",
        "condition": {
          "and": [
            { "not": { "npc_has_var": "npc_failed_intercom_trade", "type": "dialogue", "context": "intercom", "value": "yes" } },
            {
              "not": { "npc_has_var": "npc_intercom_trade", "type": "dialogue", "context": "intercom", "value": "yes" }
            }
          ]
        },
        "trial": { "type": "PERSUADE", "difficulty": 1 },
        "success": { "topic": "TALK_ROBOFAC_INTERCOM_TRADE" },
        "failure": { "topic": "TALK_ROBOFAC_INTERCOM_NO_TRADE" }
      },
      {
        "text": "It's the apocalypse out here!  Please let me in!",
        "condition": {
          "and": [
            { "not": { "u_has_var": "completed_robofac_intercom_1", "type": "dialogue", "context": "intercom", "value": "yes" } },
            { "not": { "u_has_mission": "MISSION_ROBOFAC_INTERCOM_1" } }
          ]
        },
        "topic": "TALK_ROBOFAC_INTERCOM_PLEAD"
      },
      {
        "text": "Any jobs you need done?",
        "condition": { "u_has_var": "completed_robofac_intercom_1", "type": "dialogue", "context": "intercom", "value": "yes" },
        "topic": "TALK_MISSION_LIST"
      },
      {
        "text": "What the hell were you testing out there?",
        "condition": { "u_has_var": "completed_robofac_intercom_1", "type": "dialogue", "context": "intercom", "value": "yes" },
        "topic": "TALK_ROBOFAC_INTERCOM_PROTOTYPE_ASK"
      },
      {
        "text": "So, about that protective gear?",
        "condition": {
          "and": [
            { "u_has_mission": "MISSION_ROBOFAC_INTERCOM_3" },
            {
              "not": { "npc_has_var": "npc_bought_protective_gear", "type": "dialogue", "context": "intercom", "value": "yes" }
            }
          ]
        },
        "topic": "TALK_ROBOFAC_INTERCOM_BUY_PROTECTIVE_GEAR"
      },
      {
        "truefalsetext": {
          "condition": { "npc_has_var": "npc_intercom_trade", "type": "dialogue", "context": "intercom", "value": "yes" },
          "true": "I gotta go.",
          "false": "Alright, I'm leaving."
        },
        "topic": "TALK_DONE"
      }
    ]
  },
  {
    "id": "TALK_ROBOFAC_INTERCOM_NO_TRADE",
    "type": "talk_topic",
    "dynamic_line": "No.  Now leave.",
    "speaker_effect": {
      "effect": { "npc_add_var": "npc_failed_intercom_trade", "type": "dialogue", "context": "intercom", "value": "yes" },
      "sentinel": "no_intercom_trade"
    },
    "responses": [ { "text": "…", "topic": "TALK_DONE" } ]
  },
  {
    "id": "TALK_ROBOFAC_INTERCOM_TRADE",
    "type": "talk_topic",
    "dynamic_line": "I guess the lab can do without some of this stuff.",
    "speaker_effect": {
      "effect": { "npc_add_var": "npc_intercom_trade", "type": "dialogue", "context": "intercom", "value": "yes" },
      "sentinel": "intercom_trade"
    },
    "responses": [ { "text": "…", "effect": "start_trade", "topic": "TALK_DONE" } ]
  },
  {
    "id": "TALK_ROBOFAC_INTERCOM_PROTOTYPE_ASK",
    "type": "talk_topic",
    "dynamic_line": "It was a modified Wraitheon chassis, with a custom AI.  We hoped it would interact with the outside world for us, but you know how well it went...  Shame about what happened, with the evisceration and all...",
    "responses": [ { "text": "…", "topic": "TALK_ROBOFAC_INTERCOM" } ]
  },
  {
    "id": "TALK_ROBOFAC_INTERCOM_BUY_PROTECTIVE_GEAR",
    "type": "talk_topic",
    "dynamic_line": "Given the current context, we are willing to sell you a set of our protective gear: gas mask, suit and gear, at a considerable discount.  We will sell it for two of our coins.\n\nthe intercom: Hmm wait, we might not have your size...",
    "responses": [
      {
        "text": "[ 2 HGC ] Deal!",
        "condition": { "u_has_item": "RobofacCoin" },
        "effect": [
          { "u_sell_item": "RobofacCoin", "count": 2 },
          { "u_buy_item": "mask_gas" },
          { "u_buy_item": "robofac_enviro_suit" },
          { "u_buy_item": "gasfilter_m", "count": 100 },
          { "npc_add_var": "npc_bought_protective_gear", "type": "dialogue", "context": "intercom", "value": "yes" }
        ],
        "topic": "TALK_ROBOFAC_INTERCOM"
      },
      { "text": "I have to give it a thought.", "topic": "TALK_ROBOFAC_INTERCOM" }
    ]
  },
  {
    "id": "TALK_ROBOFAC_INTERCOM_PLEAD",
    "type": "talk_topic",
    "dynamic_line": { "u_has_mission": "MISSION_ROBOFAC_INTERCOM_1", "yes": "…", "no": "Just leave." },
    "responses": [
      {
        "text": "Wait!  Maybe I can help you!",
        "condition": { "not": { "u_has_mission": "MISSION_ROBOFAC_INTERCOM_1" } },
        "topic": "TALK_MISSION_LIST"
      },
      { "text": "Alright, I'll leave", "topic": "TALK_DONE" }
    ]
  }
]
